added_route_id,trip_id
Boat-F6,Boat-F8-0900-Winthrop-BF8-01-Saturday-Summer-25
Boat-F7,Boat-F8-0900-Winthrop-BF8-01-Saturday-Summer-25
Boat-F6,Boat-F8-1030-Winthrop-BF8-01-Saturday-Summer-25
Boat-F7,Boat-F8-1030-Winthrop-BF8-01-Saturday-Summer-25
Boat-F6,Boat-F8-1515-Winthrop-BF8-01-Saturday-Summer-25
Boat-F7,Boat-F8-1515-Winthrop-BF8-01-Saturday-Summer-25
Boat-F6,Boat-F8-1655-Winthrop-BF8-01-Saturday-Summer-25
Boat-F7,Boat-F8-1655-Winthrop-BF8-01-Saturday-Summer-25
Boat-F6,Boat-F8-1835-Winthrop-BF8-01-Saturday-Summer-25
Boat-F7,Boat-F8-1835-Winthrop-BF8-01-Saturday-Summer-25
Boat-F6,Boat-F8-2010-Winthrop-BF8-01-Saturday-Summer-25
Boat-F7,Boat-F8-2010-Winthrop-BF8-01-Saturday-Summer-25
Boat-F6,Boat-F8-1210-Winthrop-BF8-01-Saturday-Summer-25
Boat-F7,Boat-F8-1210-Winthrop-BF8-01-Saturday-Summer-25
Boat-F6,Boat-F8-2140-Winthrop-BF8-01-Saturday-Summer-25
Boat-F7,Boat-F8-2140-Winthrop-BF8-01-Saturday-Summer-25
Boat-F6,Boat-F8-0900-Winthrop-BF8-01-Sunday-Summer-25
Boat-F7,Boat-F8-0900-Winthrop-BF8-01-Sunday-Summer-25
Boat-F6,Boat-F8-1030-Winthrop-BF8-01-Sunday-Summer-25
Boat-F7,Boat-F8-1030-Winthrop-BF8-01-Sunday-Summer-25
Boat-F6,Boat-F8-1515-Winthrop-BF8-01-Sunday-Summer-25
Boat-F7,Boat-F8-1515-Winthrop-BF8-01-Sunday-Summer-25
Boat-F6,Boat-F8-1655-Winthrop-BF8-01-Sunday-Summer-25
Boat-F7,Boat-F8-1655-Winthrop-BF8-01-Sunday-Summer-25
Boat-F6,Boat-F8-1835-Winthrop-BF8-01-Sunday-Summer-25
Boat-F7,Boat-F8-1835-Winthrop-BF8-01-Sunday-Summer-25
Boat-F6,Boat-F8-2010-Winthrop-BF8-01-Sunday-Summer-25
Boat-F7,Boat-F8-2010-Winthrop-BF8-01-Sunday-Summer-25
Boat-F6,Boat-F8-1210-Winthrop-BF8-01-Sunday-Summer-25
Boat-F7,Boat-F8-1210-Winthrop-BF8-01-Sunday-Summer-25
Boat-F6,Boat-F8-2140-Winthrop-BF8-01-Sunday-Summer-25
Boat-F7,Boat-F8-2140-Winthrop-BF8-01-Sunday-Summer-25
40,72093723
50,72093723
40,72093802
50,72093802
40,72081588
50,72081588
40,72081589
50,72081589
40,72081595
50,72081595
40,72081596
50,72081596
40,72083023
50,72083023
40,72083025
50,72083025
40,72083026
50,72083026
40,72083027
50,72083027
40,72083028
50,72083028
40,72083029
50,72083029
40,72083032
50,72083032
40,72083033
50,72083033
40,72088572
50,72088572
40,72088574
50,72088574
40,72088580
50,72088580
40,72088581
50,72088581
40,72089943
50,72089943
40,72089946
50,72089946
40,72089947
50,72089947
40,72089948
50,72089948
40,72089949
50,72089949
40,72089950
50,72089950
40,72089953
50,72089953
40,72089954
50,72089954
40,72084556
50,72084556
40,72084635
50,72084635
40,72093633
50,72093633
40,72093801
50,72093801
40,72081587
50,72081587
40,72081590
50,72081590
40,72081592
50,72081592
40,72081594
50,72081594
40,72083024
50,72083024
40,72083030
50,72083030
40,72083031
50,72083031
40,72083034
50,72083034
40,72083035
50,72083035
40,72083036
50,72083036
40,72083037
50,72083037
40,72083038
50,72083038
40,72088570
50,72088570
40,72088573
50,72088573
40,72088577
50,72088577
40,72088579
50,72088579
40,72089944
50,72089944
40,72089951
50,72089951
40,72089952
50,72089952
40,72089955
50,72089955
40,72089956
50,72089956
40,72089957
50,72089957
40,72089958
50,72089958
40,72089959
50,72089959
40,72084466
50,72084466
40,72084634
50,72084634
441,71825629
442,71825629
441,71826713
442,71826713
441,71826745
442,71826745
441,71828491
442,71828491
441,71828524
442,71828524
441,71828955
442,71828955
441,71825753
442,71825753
441,71825754
442,71825754
441,71826715
442,71826715
441,71826716
442,71826716
441,71826734
442,71826734
441,71828494
442,71828494
441,71828495
442,71828495
441,71828514
442,71828514
441,71829079
442,71829079
441,71829080
442,71829080
741,72012495
742,72012495
743,72012495
741,72012608
742,72012608
743,72012608
741,72012617
742,72012617
743,72012617
741,72012618
742,72012618
743,72012618
741,72012628
742,72012628
743,72012628
741,72012702
742,72012702
743,72012702
741,72012810
742,72012810
743,72012810
741,72012820
742,72012820
743,72012820
741,72012871
742,72012871
743,72012871
741,72012894
742,72012894
743,72012894
741,72012902
742,72012902
743,72012902
741,72013164
742,72013164
743,72013164
741,72013166
742,72013166
743,72013166
741,72013167
742,72013167
743,72013167
741,72013187
742,72013187
743,72013187
741,72013189
742,72013189
743,72013189
741,72013241
742,72013241
743,72013241
741,72013251
742,72013251
743,72013251
741,72013311
742,72013311
743,72013311
741,72013312
742,72013312
743,72013312
741,72013314
742,72013314
743,72013314
741,72013316
742,72013316
743,72013316
741,72013424
742,72013424
743,72013424
741,72013426
742,72013426
743,72013426
741,72013438
742,72013438
743,72013438
741,72013456
742,72013456
743,72013456
741,72013510
742,72013510
743,72013510
741,72013537
742,72013537
743,72013537
741,72013538
742,72013538
743,72013538
741,72013540
742,72013540
743,72013540
741,72013542
742,72013542
743,72013542
741,72013546
742,72013546
743,72013546
741,72013547
742,72013547
743,72013547
741,72013550
742,72013550
743,72013550
741,72013551
742,72013551
743,72013551
741,72013554
742,72013554
743,72013554
741,72013556
742,72013556
743,72013556
741,72013814
742,72013814
743,72013814
741,72014199
742,72014199
743,72014199
741,72014200
742,72014200
743,72014200
741,72022239
742,72022239
743,72022239
741,72022243
742,72022243
743,72022243
741,72022248
742,72022248
743,72022248
741,72022251
742,72022251
743,72022251
741,72022252
742,72022252
743,72022252
741,72022254
742,72022254
743,72022254
741,72022260
742,72022260
743,72022260
741,72022261
742,72022261
743,72022261
741,72022262
742,72022262
743,72022262
741,72022263
742,72022263
743,72022263
741,72022264
742,72022264
743,72022264
741,72022265
742,72022265
743,72022265
741,72022282
742,72022282
743,72022282
741,71933650
742,71933650
743,71933650
741,71933651
742,71933651
743,71933651
741,71933652
742,71933652
743,71933652
741,71933654
742,71933654
743,71933654
741,71933657
742,71933657
743,71933657
741,71933658
742,71933658
743,71933658
741,71933662
742,71933662
743,71933662
741,71933786
742,71933786
743,71933786
741,71933788
742,71933788
743,71933788
741,71933790
742,71933790
743,71933790
741,71933816
742,71933816
743,71933816
741,71933837
742,71933837
743,71933837
741,71933839
742,71933839
743,71933839
741,71933841
742,71933841
743,71933841
741,71933898
742,71933898
743,71933898
741,71933901
742,71933901
743,71933901
741,71933903
742,71933903
743,71933903
741,71933904
742,71933904
743,71933904
741,71933945
742,71933945
743,71933945
741,71933976
742,71933976
743,71933976
741,71933977
742,71933977
743,71933977
741,71934041
742,71934041
743,71934041
741,71934063
742,71934063
743,71934063
741,71934064
742,71934064
743,71934064
741,71934078
742,71934078
743,71934078
741,71934100
742,71934100
743,71934100
741,71934102
742,71934102
743,71934102
741,71934152
742,71934152
743,71934152
741,71934196
742,71934196
743,71934196
741,71934198
742,71934198
743,71934198
741,71934222
742,71934222
743,71934222
741,71934224
742,71934224
743,71934224
741,71934280
742,71934280
743,71934280
741,71934281
742,71934281
743,71934281
741,71934285
742,71934285
743,71934285
741,71934345
742,71934345
743,71934345
741,71934346
742,71934346
743,71934346
741,71934353
742,71934353
743,71934353
741,71934357
742,71934357
743,71934357
741,71952713
742,71952713
743,71952713
741,71952714
742,71952714
743,71952714
741,71952715
742,71952715
743,71952715
741,71952716
742,71952716
743,71952716
741,71952718
742,71952718
743,71952718
741,71952719
742,71952719
743,71952719
741,71952724
742,71952724
743,71952724
741,71952726
742,71952726
743,71952726
741,71952727
742,71952727
743,71952727
741,71952734
742,71952734
743,71952734
741,71952747
742,71952747
743,71952747
741,72047600
742,72047600
743,72047600
741,72047603
742,72047603
743,72047603
741,72047609
742,72047609
743,72047609
741,72048125
742,72048125
743,72048125
741,72048172
742,72048172
743,72048172
741,72048274
742,72048274
743,72048274
741,72048324
742,72048324
743,72048324
741,72048336
742,72048336
743,72048336
741,72048362
742,72048362
743,72048362
741,72048396
742,72048396
743,72048396
741,72048460
742,72048460
743,72048460
741,72048520
742,72048520
743,72048520
741,72048563
742,72048563
743,72048563
741,72048566
742,72048566
743,72048566
741,72048567
742,72048567
743,72048567
741,72048569
742,72048569
743,72048569
741,72048570
742,72048570
743,72048570
741,72048571
742,72048571
743,72048571
741,72048572
742,72048572
743,72048572
741,72048577
742,72048577
743,72048577
741,72048578
742,72048578
743,72048578
741,72048581
742,72048581
743,72048581
741,72048582
742,72048582
743,72048582
741,72048587
742,72048587
743,72048587
741,72048588
742,72048588
743,72048588
741,72048589
742,72048589
743,72048589
741,72048590
742,72048590
743,72048590
741,72048591
742,72048591
743,72048591
741,72048593
742,72048593
743,72048593
741,72048597
742,72048597
743,72048597
741,72048600
742,72048600
743,72048600
741,72048601
742,72048601
743,72048601
741,72048602
742,72048602
743,72048602
741,72048603
742,72048603
743,72048603
741,72048605
742,72048605
743,72048605
741,72048611
742,72048611
743,72048611
741,72048612
742,72048612
743,72048612
741,72048897
742,72048897
743,72048897
741,72048974
742,72048974
743,72048974
741,72049390
742,72049390
743,72049390
741,72049391
742,72049391
743,72049391
741,72049392
742,72049392
743,72049392
741,72049394
742,72049394
743,72049394
741,72049396
742,72049396
743,72049396
741,72049397
742,72049397
743,72049397
741,72049398
742,72049398
743,72049398
741,72049401
742,72049401
743,72049401
741,72049406
742,72049406
743,72049406
741,72049407
742,72049407
743,72049407
741,72049413
742,72049413
743,72049413
741,72049416
742,72049416
743,72049416
741,72049417
742,72049417
743,72049417
741,72035838
742,72035838
743,72035838
741,72035882
742,72035882
743,72035882
741,72035901
742,72035901
743,72035901
741,72036124
742,72036124
743,72036124
741,72036146
742,72036146
743,72036146
741,72036242
742,72036242
743,72036242
741,72036247
742,72036247
743,72036247
741,72036251
742,72036251
743,72036251
741,72036252
742,72036252
743,72036252
741,72036254
742,72036254
743,72036254
741,72036255
742,72036255
743,72036255
741,72036256
742,72036256
743,72036256
741,72036257
742,72036257
743,72036257
741,72036258
742,72036258
743,72036258
741,72036261
742,72036261
743,72036261
741,72036265
742,72036265
743,72036265
741,72036266
742,72036266
743,72036266
741,72036268
742,72036268
743,72036268
741,72036270
742,72036270
743,72036270
741,72036274
742,72036274
743,72036274
741,72036275
742,72036275
743,72036275
741,72036277
742,72036277
743,72036277
741,72036278
742,72036278
743,72036278
741,72036281
742,72036281
743,72036281
741,72036284
742,72036284
743,72036284
741,72036287
742,72036287
743,72036287
741,72036290
742,72036290
743,72036290
741,72036291
742,72036291
743,72036291
741,72036292
742,72036292
743,72036292
741,72036293
742,72036293
743,72036293
741,72036294
742,72036294
743,72036294
741,72036297
742,72036297
743,72036297
741,72036299
742,72036299
743,72036299
741,72036860
742,72036860
743,72036860
741,72036869
742,72036869
743,72036869
741,72036959
742,72036959
743,72036959
741,72036976
742,72036976
743,72036976
741,72037043
742,72037043
743,72037043
741,72037627
742,72037627
743,72037627
741,72037628
742,72037628
743,72037628
741,72037630
742,72037630
743,72037630
741,72037631
742,72037631
743,72037631
741,72037633
742,72037633
743,72037633
741,72037640
742,72037640
743,72037640
741,72037644
742,72037644
743,72037644
741,72037646
742,72037646
743,72037646
741,72037650
742,72037650
743,72037650
741,72037651
742,72037651
743,72037651
741,72037652
742,72037652
743,72037652
741,72016557
742,72016557
743,72016557
741,72016562
742,72016562
743,72016562
741,72016570
742,72016570
743,72016570
741,72017118
742,72017118
743,72017118
741,72017202
742,72017202
743,72017202
741,72017278
742,72017278
743,72017278
741,72017290
742,72017290
743,72017290
741,72017292
742,72017292
743,72017292
741,72017295
742,72017295
743,72017295
741,72017297
742,72017297
743,72017297
741,72017303
742,72017303
743,72017303
741,72017304
742,72017304
743,72017304
741,72017305
742,72017305
743,72017305
741,72017306
742,72017306
743,72017306
741,72017307
742,72017307
743,72017307
741,72017308
742,72017308
743,72017308
741,72017309
742,72017309
743,72017309
741,72017311
742,72017311
743,72017311
741,72017313
742,72017313
743,72017313
741,72017317
742,72017317
743,72017317
741,72017318
742,72017318
743,72017318
741,72017319
742,72017319
743,72017319
741,72017322
742,72017322
743,72017322
741,72017326
742,72017326
743,72017326
741,72017327
742,72017327
743,72017327
741,72017328
742,72017328
743,72017328
741,72017330
742,72017330
743,72017330
741,72017332
742,72017332
743,72017332
741,72017337
742,72017337
743,72017337
741,72017340
742,72017340
743,72017340
741,72017341
742,72017341
743,72017341
741,72017342
742,72017342
743,72017342
741,72017343
742,72017343
743,72017343
741,72017863
742,72017863
743,72017863
741,72017985
742,72017985
743,72017985
741,72017993
742,72017993
743,72017993
741,72017998
742,72017998
743,72017998
741,72018029
742,72018029
743,72018029
741,72022315
742,72022315
743,72022315
741,72022316
742,72022316
743,72022316
741,72022317
742,72022317
743,72022317
741,72022318
742,72022318
743,72022318
741,72022320
742,72022320
743,72022320
741,72022333
742,72022333
743,72022333
741,72022335
742,72022335
743,72022335
741,72022336
742,72022336
743,72022336
741,72022338
742,72022338
743,72022338
741,72022339
742,72022339
743,72022339
741,72022343
742,72022343
743,72022343
741,71942354
742,71942354
743,71942354
741,71942384
742,71942384
743,71942384
741,71942434
742,71942434
743,71942434
741,71942448
742,71942448
743,71942448
741,71943092
742,71943092
743,71943092
741,71943180
742,71943180
743,71943180
741,71943182
742,71943182
743,71943182
741,71943183
742,71943183
743,71943183
741,71943185
742,71943185
743,71943185
741,71943186
742,71943186
743,71943186
741,71943187
742,71943187
743,71943187
741,71943189
742,71943189
743,71943189
741,71943191
742,71943191
743,71943191
741,71943192
742,71943192
743,71943192
741,71943197
742,71943197
743,71943197
741,71943198
742,71943198
743,71943198
741,71943199
742,71943199
743,71943199
741,71943200
742,71943200
743,71943200
741,71943201
742,71943201
743,71943201
741,71943203
742,71943203
743,71943203
741,71943206
742,71943206
743,71943206
741,71943208
742,71943208
743,71943208
741,71943209
742,71943209
743,71943209
741,71943211
742,71943211
743,71943211
741,71943216
742,71943216
743,71943216
741,71943218
742,71943218
743,71943218
741,71943220
742,71943220
743,71943220
741,71943221
742,71943221
743,71943221
741,71943223
742,71943223
743,71943223
741,71943224
742,71943224
743,71943224
741,71943226
742,71943226
743,71943226
741,71943229
742,71943229
743,71943229
741,71943314
742,71943314
743,71943314
741,71943319
742,71943319
743,71943319
741,71954035
742,71954035
743,71954035
741,71954036
742,71954036
743,71954036
741,71954040
742,71954040
743,71954040
741,71954042
742,71954042
743,71954042
741,71954043
742,71954043
743,71954043
741,71954045
742,71954045
743,71954045
741,71954056
742,71954056
743,71954056
741,71954057
742,71954057
743,71954057
741,71954058
742,71954058
743,71954058
741,71954059
742,71954059
743,71954059
741,71954060
742,71954060
743,71954060
741,71954062
742,71954062
743,71954062
741,71954063
742,71954063
743,71954063
741,71944165
742,71944165
743,71944165
741,71944167
742,71944167
743,71944167
741,71944563
742,71944563
743,71944563
741,71944586
742,71944586
743,71944586
741,71944590
742,71944590
743,71944590
741,71944594
742,71944594
743,71944594
741,71944595
742,71944595
743,71944595
741,71944597
742,71944597
743,71944597
741,71944599
742,71944599
743,71944599
741,71944601
742,71944601
743,71944601
741,71944602
742,71944602
743,71944602
741,71944606
742,71944606
743,71944606
741,71944607
742,71944607
743,71944607
741,71944612
742,71944612
743,71944612
741,71944613
742,71944613
743,71944613
741,71944614
742,71944614
743,71944614
741,71944616
742,71944616
743,71944616
741,71944618
742,71944618
743,71944618
741,71944620
742,71944620
743,71944620
741,71944621
742,71944621
743,71944621
741,71944624
742,71944624
743,71944624
741,71944633
742,71944633
743,71944633
741,71944636
742,71944636
743,71944636
741,71944645
742,71944645
743,71944645
741,71944647
742,71944647
743,71944647
741,71944652
742,71944652
743,71944652
741,71944713
742,71944713
743,71944713
741,71944714
742,71944714
743,71944714
741,71944725
742,71944725
743,71944725
741,71944733
742,71944733
743,71944733
741,71944734
742,71944734
743,71944734
741,71944800
742,71944800
743,71944800
741,71944801
742,71944801
743,71944801
741,71944813
742,71944813
743,71944813
741,71944816
742,71944816
743,71944816
741,71944824
742,71944824
743,71944824
741,71944874
742,71944874
743,71944874
741,71944877
742,71944877
743,71944877
741,71944923
742,71944923
743,71944923
741,71945125
742,71945125
743,71945125
741,71945126
742,71945126
743,71945126
741,71954130
742,71954130
743,71954130
741,71954156
742,71954156
743,71954156
741,71954165
742,71954165
743,71954165
741,71954168
742,71954168
743,71954168
741,71954171
742,71954171
743,71954171
741,71954178
742,71954178
743,71954178
741,71954350
742,71954350
743,71954350
741,71954351
742,71954351
743,71954351
741,71954363
742,71954363
743,71954363
741,71954380
742,71954380
743,71954380
741,71954381
742,71954381
743,71954381
741,71954386
742,71954386
743,71954386
741,71954441
742,71954441
743,71954441
741,72039743
742,72039743
743,72039743
741,72039788
742,72039788
743,72039788
741,72039897
742,72039897
743,72039897
741,72039907
742,72039907
743,72039907
741,72039958
742,72039958
743,72039958
741,72039981
742,72039981
743,72039981
741,72039989
742,72039989
743,72039989
741,72040250
742,72040250
743,72040250
741,72040252
742,72040252
743,72040252
741,72040253
742,72040253
743,72040253
741,72040273
742,72040273
743,72040273
741,72040275
742,72040275
743,72040275
741,72040327
742,72040327
743,72040327
741,72040337
742,72040337
743,72040337
741,72040397
742,72040397
743,72040397
741,72040398
742,72040398
743,72040398
741,72040400
742,72040400
743,72040400
741,72040402
742,72040402
743,72040402
741,72040510
742,72040510
743,72040510
741,72040512
742,72040512
743,72040512
741,72040524
742,72040524
743,72040524
741,72040542
742,72040542
743,72040542
741,72040596
742,72040596
743,72040596
741,72040623
742,72040623
743,72040623
741,72040624
742,72040624
743,72040624
741,72040626
742,72040626
743,72040626
741,72040628
742,72040628
743,72040628
741,72040632
742,72040632
743,72040632
741,72040633
742,72040633
743,72040633
741,72040636
742,72040636
743,72040636
741,72040637
742,72040637
743,72040637
741,72040640
742,72040640
743,72040640
741,72040642
742,72040642
743,72040642
741,72041003
742,72041003
743,72041003
741,72041012
742,72041012
743,72041012
741,72041102
742,72041102
743,72041102
741,72041119
742,72041119
743,72041119
741,72041186
742,72041186
743,72041186
741,72041506
742,72041506
743,72041506
741,72041507
742,72041507
743,72041507
741,72041508
742,72041508
743,72041508
741,72041513
742,72041513
743,72041513
741,72041514
742,72041514
743,72041514
741,72041517
742,72041517
743,72041517
741,72041522
742,72041522
743,72041522
741,72041528
742,72041528
743,72041528
741,72041529
742,72041529
743,72041529
741,72041530
742,72041530
743,72041530
741,72041531
742,72041531
743,72041531
741,72041542
742,72041542
743,72041542
741,71947785
742,71947785
743,71947785
741,71947793
742,71947793
743,71947793
741,71947977
742,71947977
743,71947977
741,71947981
742,71947981
743,71947981
741,71947982
742,71947982
743,71947982
741,71948350
742,71948350
743,71948350
741,71948352
742,71948352
743,71948352
741,71948353
742,71948353
743,71948353
741,71948356
742,71948356
743,71948356
741,71948357
742,71948357
743,71948357
741,71948359
742,71948359
743,71948359
741,71948361
742,71948361
743,71948361
741,71948364
742,71948364
743,71948364
741,71948365
742,71948365
743,71948365
741,71948367
742,71948367
743,71948367
741,71948371
742,71948371
743,71948371
741,71948372
742,71948372
743,71948372
741,71948374
742,71948374
743,71948374
741,71948375
742,71948375
743,71948375
741,71948376
742,71948376
743,71948376
741,71948378
742,71948378
743,71948378
741,71948382
742,71948382
743,71948382
741,71948385
742,71948385
743,71948385
741,71948386
742,71948386
743,71948386
741,71948387
742,71948387
743,71948387
741,71948391
742,71948391
743,71948391
741,71948392
742,71948392
743,71948392
741,71948394
742,71948394
743,71948394
741,71948395
742,71948395
743,71948395
741,71948397
742,71948397
743,71948397
741,71948401
742,71948401
743,71948401
741,71948402
742,71948402
743,71948402
741,71948762
742,71948762
743,71948762
741,71954550
742,71954550
743,71954550
741,71954552
742,71954552
743,71954552
741,71954553
742,71954553
743,71954553
741,71954557
742,71954557
743,71954557
741,71954559
742,71954559
743,71954559
741,71954560
742,71954560
743,71954560
741,71954561
742,71954561
743,71954561
741,71954562
742,71954562
743,71954562
741,71954564
742,71954564
743,71954564
741,71954565
742,71954565
743,71954565
741,71954566
742,71954566
743,71954566
741,71949560
742,71949560
743,71949560
741,71949561
742,71949561
743,71949561
741,71949562
742,71949562
743,71949562
741,71949563
742,71949563
743,71949563
741,71949564
742,71949564
743,71949564
741,71949566
742,71949566
743,71949566
741,71949568
742,71949568
743,71949568
741,71949569
742,71949569
743,71949569
741,71949570
742,71949570
743,71949570
741,71949574
742,71949574
743,71949574
741,71949575
742,71949575
743,71949575
741,71949577
742,71949577
743,71949577
741,71949580
742,71949580
743,71949580
741,71949582
742,71949582
743,71949582
741,71949583
742,71949583
743,71949583
741,71949585
742,71949585
743,71949585
741,71949588
742,71949588
743,71949588
741,71949590
742,71949590
743,71949590
741,71949592
742,71949592
743,71949592
741,71949594
742,71949594
743,71949594
741,71949595
742,71949595
743,71949595
741,71949598
742,71949598
743,71949598
741,71949599
742,71949599
743,71949599
741,71949602
742,71949602
743,71949602
741,71949606
742,71949606
743,71949606
741,71949607
742,71949607
743,71949607
741,71949610
742,71949610
743,71949610
741,71949611
742,71949611
743,71949611
741,71949613
742,71949613
743,71949613
741,71949615
742,71949615
743,71949615
741,71949616
742,71949616
743,71949616
741,71949618
742,71949618
743,71949618
741,71949619
742,71949619
743,71949619
741,71949817
742,71949817
743,71949817
741,71949820
742,71949820
743,71949820
741,71949827
742,71949827
743,71949827
741,71949847
742,71949847
743,71949847
741,71950066
742,71950066
743,71950066
741,71950402
742,71950402
743,71950402
741,71954677
742,71954677
743,71954677
741,71954679
742,71954679
743,71954679
741,71954681
742,71954681
743,71954681
741,71954685
742,71954685
743,71954685
741,71954691
742,71954691
743,71954691
741,71954692
742,71954692
743,71954692
741,71954693
742,71954693
743,71954693
741,71954694
742,71954694
743,71954694
741,71954696
742,71954696
743,71954696
741,71954697
742,71954697
743,71954697
741,71954699
742,71954699
743,71954699
741,71954708
742,71954708
743,71954708
741,71951447
742,71951447
743,71951447
741,71951449
742,71951449
743,71951449
741,71951452
742,71951452
743,71951452
741,71951454
742,71951454
743,71951454
741,71951455
742,71951455
743,71951455
741,71951458
742,71951458
743,71951458
741,71951460
742,71951460
743,71951460
741,71951463
742,71951463
743,71951463
741,71951464
742,71951464
743,71951464
741,71951467
742,71951467
743,71951467
741,71951470
742,71951470
743,71951470
741,71951472
742,71951472
743,71951472
741,71951473
742,71951473
743,71951473
741,71951474
742,71951474
743,71951474
741,71951559
742,71951559
743,71951559
741,71951635
742,71951635
743,71951635
741,71951639
742,71951639
743,71951639
741,71951665
742,71951665
743,71951665
741,71951678
742,71951678
743,71951678
741,71951691
742,71951691
743,71951691
741,71951712
742,71951712
743,71951712
741,71951714
742,71951714
743,71951714
741,71951728
742,71951728
743,71951728
741,71951738
742,71951738
743,71951738
741,71951750
742,71951750
743,71951750
741,71951788
742,71951788
743,71951788
741,71951800
742,71951800
743,71951800
741,71951841
742,71951841
743,71951841
741,71951842
742,71951842
743,71951842
741,71951869
742,71951869
743,71951869
741,71951892
742,71951892
743,71951892
741,71951924
742,71951924
743,71951924
741,71951935
742,71951935
743,71951935
741,71952000
742,71952000
743,71952000
741,71952057
742,71952057
743,71952057
741,71952295
742,71952295
743,71952295
741,71952302
742,71952302
743,71952302
741,71952394
742,71952394
743,71952394
741,71954771
742,71954771
743,71954771
741,71954774
742,71954774
743,71954774
741,71954777
742,71954777
743,71954777
741,71954789
742,71954789
743,71954789
741,71954790
742,71954790
743,71954790
741,71954791
742,71954791
743,71954791
741,71954792
742,71954792
743,71954792
741,71954793
742,71954793
743,71954793
741,71954794
742,71954794
743,71954794
741,71954799
742,71954799
743,71954799
741,72012526
742,72012526
743,72012526
741,72012568
742,72012568
743,72012568
741,72012569
742,72012569
743,72012569
741,72012635
742,72012635
743,72012635
741,72012646
742,72012646
743,72012646
741,72012647
742,72012647
743,72012647
741,72012680
742,72012680
743,72012680
741,72012684
742,72012684
743,72012684
741,72012687
742,72012687
743,72012687
741,72012697
742,72012697
743,72012697
741,72012699
742,72012699
743,72012699
741,72012790
742,72012790
743,72012790
741,72012791
742,72012791
743,72012791
741,72012817
742,72012817
743,72012817
741,72012822
742,72012822
743,72012822
741,72012844
742,72012844
743,72012844
741,72012907
742,72012907
743,72012907
741,72013173
742,72013173
743,72013173
741,72013215
742,72013215
743,72013215
741,72013230
742,72013230
743,72013230
741,72013240
742,72013240
743,72013240
741,72013248
742,72013248
743,72013248
741,72013281
742,72013281
743,72013281
741,72013313
742,72013313
743,72013313
741,72013315
742,72013315
743,72013315
741,72013335
742,72013335
743,72013335
741,72013391
742,72013391
743,72013391
741,72013406
742,72013406
743,72013406
741,72013408
742,72013408
743,72013408
741,72013416
742,72013416
743,72013416
741,72013420
742,72013420
743,72013420
741,72013439
742,72013439
743,72013439
741,72013474
742,72013474
743,72013474
741,72013492
742,72013492
743,72013492
741,72013498
742,72013498
743,72013498
741,72013536
742,72013536
743,72013536
741,72013539
742,72013539
743,72013539
741,72013541
742,72013541
743,72013541
741,72013543
742,72013543
743,72013543
741,72013544
742,72013544
743,72013544
741,72013545
742,72013545
743,72013545
741,72013548
742,72013548
743,72013548
741,72013549
742,72013549
743,72013549
741,72013552
742,72013552
743,72013552
741,72013553
742,72013553
743,72013553
741,72013555
742,72013555
743,72013555
741,72013557
742,72013557
743,72013557
741,72022242
742,72022242
743,72022242
741,72022245
742,72022245
743,72022245
741,72022246
742,72022246
743,72022246
741,72022250
742,72022250
743,72022250
741,72022255
742,72022255
743,72022255
741,72022259
742,72022259
743,72022259
741,72022267
742,72022267
743,72022267
741,72022268
742,72022268
743,72022268
741,72022270
742,72022270
743,72022270
741,72022273
742,72022273
743,72022273
741,72022275
742,72022275
743,72022275
741,72022278
742,72022278
743,72022278
741,71933356
742,71933356
743,71933356
741,71933357
742,71933357
743,71933357
741,71933411
742,71933411
743,71933411
741,71933452
742,71933452
743,71933452
741,71933503
742,71933503
743,71933503
741,71933535
742,71933535
743,71933535
741,71933538
742,71933538
743,71933538
741,71933562
742,71933562
743,71933562
741,71933606
742,71933606
743,71933606
741,71933653
742,71933653
743,71933653
741,71933655
742,71933655
743,71933655
741,71933656
742,71933656
743,71933656
741,71933659
742,71933659
743,71933659
741,71933660
742,71933660
743,71933660
741,71933661
742,71933661
743,71933661
741,71933735
742,71933735
743,71933735
741,71933748
742,71933748
743,71933748
741,71933750
742,71933750
743,71933750
741,71933787
742,71933787
743,71933787
741,71933789
742,71933789
743,71933789
741,71933838
742,71933838
743,71933838
741,71933840
742,71933840
743,71933840
741,71933842
742,71933842
743,71933842
741,71933897
742,71933897
743,71933897
741,71933899
742,71933899
743,71933899
741,71933900
742,71933900
743,71933900
741,71933902
742,71933902
743,71933902
741,71933905
742,71933905
743,71933905
741,71933955
742,71933955
743,71933955
741,71933978
742,71933978
743,71933978
741,71933996
742,71933996
743,71933996
741,71934040
742,71934040
743,71934040
741,71934042
742,71934042
743,71934042
741,71934062
742,71934062
743,71934062
741,71934080
742,71934080
743,71934080
741,71934081
742,71934081
743,71934081
741,71934101
742,71934101
743,71934101
741,71934151
742,71934151
743,71934151
741,71934153
742,71934153
743,71934153
741,71934197
742,71934197
743,71934197
741,71934199
742,71934199
743,71934199
741,71934223
742,71934223
743,71934223
741,71934282
742,71934282
743,71934282
741,71934283
742,71934283
743,71934283
741,71934284
742,71934284
743,71934284
741,71952729
742,71952729
743,71952729
741,71952730
742,71952730
743,71952730
741,71952732
742,71952732
743,71952732
741,71952735
742,71952735
743,71952735
741,71952737
742,71952737
743,71952737
741,71952739
742,71952739
743,71952739
741,71952740
742,71952740
743,71952740
741,71952742
742,71952742
743,71952742
741,71952743
742,71952743
743,71952743
741,71952745
742,71952745
743,71952745
741,71952748
742,71952748
743,71952748
741,72047598
742,72047598
743,72047598
741,72047599
742,72047599
743,72047599
741,72047601
742,72047601
743,72047601
741,72047605
742,72047605
743,72047605
741,72047606
742,72047606
743,72047606
741,72048235
742,72048235
743,72048235
741,72048302
742,72048302
743,72048302
741,72048313
742,72048313
743,72048313
741,72048329
742,72048329
743,72048329
741,72048403
742,72048403
743,72048403
741,72048438
742,72048438
743,72048438
741,72048564
742,72048564
743,72048564
741,72048565
742,72048565
743,72048565
741,72048568
742,72048568
743,72048568
741,72048573
742,72048573
743,72048573
741,72048574
742,72048574
743,72048574
741,72048575
742,72048575
743,72048575
741,72048576
742,72048576
743,72048576
741,72048579
742,72048579
743,72048579
741,72048580
742,72048580
743,72048580
741,72048583
742,72048583
743,72048583
741,72048584
742,72048584
743,72048584
741,72048586
742,72048586
743,72048586
741,72048592
742,72048592
743,72048592
741,72048594
742,72048594
743,72048594
741,72048595
742,72048595
743,72048595
741,72048596
742,72048596
743,72048596
741,72048598
742,72048598
743,72048598
741,72048599
742,72048599
743,72048599
741,72048604
742,72048604
743,72048604
741,72048606
742,72048606
743,72048606
741,72048607
742,72048607
743,72048607
741,72048608
742,72048608
743,72048608
741,72048609
742,72048609
743,72048609
741,72048610
742,72048610
743,72048610
741,72048613
742,72048613
743,72048613
741,72048948
742,72048948
743,72048948
741,72048977
742,72048977
743,72048977
741,72049006
742,72049006
743,72049006
741,72049012
742,72049012
743,72049012
741,72049076
742,72049076
743,72049076
741,72049081
742,72049081
743,72049081
741,72049083
742,72049083
743,72049083
741,72049087
742,72049087
743,72049087
741,72049088
742,72049088
743,72049088
741,72049090
742,72049090
743,72049090
741,72049387
742,72049387
743,72049387
741,72049393
742,72049393
743,72049393
741,72049404
742,72049404
743,72049404
741,72049405
742,72049405
743,72049405
741,72049408
742,72049408
743,72049408
741,72049409
742,72049409
743,72049409
741,72049410
742,72049410
743,72049410
741,72049412
742,72049412
743,72049412
741,72049418
742,72049418
743,72049418
741,72049420
742,72049420
743,72049420
741,72049424
742,72049424
743,72049424
741,72049428
742,72049428
743,72049428
741,72049431
742,72049431
743,72049431
741,72035831
742,72035831
743,72035831
741,72035845
742,72035845
743,72035845
741,72035897
742,72035897
743,72035897
741,72035915
742,72035915
743,72035915
741,72035970
742,72035970
743,72035970
741,72036023
742,72036023
743,72036023
741,72036062
742,72036062
743,72036062
741,72036126
742,72036126
743,72036126
741,72036184
742,72036184
743,72036184
741,72036189
742,72036189
743,72036189
741,72036245
742,72036245
743,72036245
741,72036246
742,72036246
743,72036246
741,72036248
742,72036248
743,72036248
741,72036249
742,72036249
743,72036249
741,72036250
742,72036250
743,72036250
741,72036253
742,72036253
743,72036253
741,72036259
742,72036259
743,72036259
741,72036260
742,72036260
743,72036260
741,72036262
742,72036262
743,72036262
741,72036263
742,72036263
743,72036263
741,72036264
742,72036264
743,72036264
741,72036267
742,72036267
743,72036267
741,72036269
742,72036269
743,72036269
741,72036271
742,72036271
743,72036271
741,72036272
742,72036272
743,72036272
741,72036273
742,72036273
743,72036273
741,72036276
742,72036276
743,72036276
741,72036279
742,72036279
743,72036279
741,72036280
742,72036280
743,72036280
741,72036282
742,72036282
743,72036282
741,72036283
742,72036283
743,72036283
741,72036285
742,72036285
743,72036285
741,72036286
742,72036286
743,72036286
741,72036288
742,72036288
743,72036288
741,72036289
742,72036289
743,72036289
741,72036295
742,72036295
743,72036295
741,72036296
742,72036296
743,72036296
741,72036298
742,72036298
743,72036298
741,72036923
742,72036923
743,72036923
741,72037047
742,72037047
743,72037047
741,72037057
742,72037057
743,72037057
741,72037071
742,72037071
743,72037071
741,72037080
742,72037080
743,72037080
741,72037085
742,72037085
743,72037085
741,72037090
742,72037090
743,72037090
741,72037091
742,72037091
743,72037091
741,72037095
742,72037095
743,72037095
741,72037635
742,72037635
743,72037635
741,72037636
742,72037636
743,72037636
741,72037637
742,72037637
743,72037637
741,72037639
742,72037639
743,72037639
741,72037641
742,72037641
743,72037641
741,72037643
742,72037643
743,72037643
741,72037645
742,72037645
743,72037645
741,72037654
742,72037654
743,72037654
741,72037656
742,72037656
743,72037656
741,72037658
742,72037658
743,72037658
741,72037660
742,72037660
743,72037660
741,72016554
742,72016554
743,72016554
741,72016555
742,72016555
743,72016555
741,72016559
742,72016559
743,72016559
741,72016566
742,72016566
743,72016566
741,72016567
742,72016567
743,72016567
741,72017084
742,72017084
743,72017084
741,72017088
742,72017088
743,72017088
741,72017157
742,72017157
743,72017157
741,72017228
742,72017228
743,72017228
741,72017263
742,72017263
743,72017263
741,72017288
742,72017288
743,72017288
741,72017289
742,72017289
743,72017289
741,72017291
742,72017291
743,72017291
741,72017293
742,72017293
743,72017293
741,72017294
742,72017294
743,72017294
741,72017296
742,72017296
743,72017296
741,72017298
742,72017298
743,72017298
741,72017299
742,72017299
743,72017299
741,72017300
742,72017300
743,72017300
741,72017301
742,72017301
743,72017301
741,72017302
742,72017302
743,72017302
741,72017310
742,72017310
743,72017310
741,72017312
742,72017312
743,72017312
741,72017316
742,72017316
743,72017316
741,72017320
742,72017320
743,72017320
741,72017321
742,72017321
743,72017321
741,72017323
742,72017323
743,72017323
741,72017324
742,72017324
743,72017324
741,72017325
742,72017325
743,72017325
741,72017329
742,72017329
743,72017329
741,72017331
742,72017331
743,72017331
741,72017333
742,72017333
743,72017333
741,72017334
742,72017334
743,72017334
741,72017335
742,72017335
743,72017335
741,72017336
742,72017336
743,72017336
741,72017338
742,72017338
743,72017338
741,72017339
742,72017339
743,72017339
741,72017792
742,72017792
743,72017792
741,72017793
742,72017793
743,72017793
741,72017811
742,72017811
743,72017811
741,72017832
742,72017832
743,72017832
741,72017859
742,72017859
743,72017859
741,72017897
742,72017897
743,72017897
741,72017909
742,72017909
743,72017909
741,72017946
742,72017946
743,72017946
741,72018002
742,72018002
743,72018002
741,72022314
742,72022314
743,72022314
741,72022322
742,72022322
743,72022322
741,72022323
742,72022323
743,72022323
741,72022324
742,72022324
743,72022324
741,72022326
742,72022326
743,72022326
741,72022332
742,72022332
743,72022332
741,72022334
742,72022334
743,72022334
741,72022340
742,72022340
743,72022340
741,72022345
742,72022345
743,72022345
741,72022348
742,72022348
743,72022348
741,72022350
742,72022350
743,72022350
741,71942177
742,71942177
743,71942177
741,71942203
742,71942203
743,71942203
741,71942209
742,71942209
743,71942209
741,71942234
742,71942234
743,71942234
741,71942286
742,71942286
743,71942286
741,71942351
742,71942351
743,71942351
741,71942866
742,71942866
743,71942866
741,71942867
742,71942867
743,71942867
741,71942879
742,71942879
743,71942879
741,71942924
742,71942924
743,71942924
741,71942951
742,71942951
743,71942951
741,71942978
742,71942978
743,71942978
741,71942979
742,71942979
743,71942979
741,71943104
742,71943104
743,71943104
741,71943176
742,71943176
743,71943176
741,71943177
742,71943177
743,71943177
741,71943178
742,71943178
743,71943178
741,71943179
742,71943179
743,71943179
741,71943181
742,71943181
743,71943181
741,71943184
742,71943184
743,71943184
741,71943188
742,71943188
743,71943188
741,71943190
742,71943190
743,71943190
741,71943193
742,71943193
743,71943193
741,71943194
742,71943194
743,71943194
741,71943195
742,71943195
743,71943195
741,71943196
742,71943196
743,71943196
741,71943202
742,71943202
743,71943202
741,71943204
742,71943204
743,71943204
741,71943205
742,71943205
743,71943205
741,71943207
742,71943207
743,71943207
741,71943210
742,71943210
743,71943210
741,71943212
742,71943212
743,71943212
741,71943213
742,71943213
743,71943213
741,71943214
742,71943214
743,71943214
741,71943215
742,71943215
743,71943215
741,71943217
742,71943217
743,71943217
741,71943219
742,71943219
743,71943219
741,71943222
742,71943222
743,71943222
741,71943225
742,71943225
743,71943225
741,71943227
742,71943227
743,71943227
741,71943228
742,71943228
743,71943228
741,71954039
742,71954039
743,71954039
741,71954041
742,71954041
743,71954041
741,71954050
742,71954050
743,71954050
741,71954051
742,71954051
743,71954051
741,71954052
742,71954052
743,71954052
741,71954053
742,71954053
743,71954053
741,71954054
742,71954054
743,71954054
741,71954065
742,71954065
743,71954065
741,71954067
742,71954067
743,71954067
741,71954072
742,71954072
743,71954072
741,71954074
742,71954074
743,71954074
741,71954076
742,71954076
743,71954076
741,71954078
742,71954078
743,71954078
741,71943873
742,71943873
743,71943873
741,71943889
742,71943889
743,71943889
741,71943921
742,71943921
743,71943921
741,71943963
742,71943963
743,71943963
741,71944171
742,71944171
743,71944171
741,71944330
742,71944330
743,71944330
741,71944331
742,71944331
743,71944331
741,71944352
742,71944352
743,71944352
741,71944402
742,71944402
743,71944402
741,71944448
742,71944448
743,71944448
741,71944494
742,71944494
743,71944494
741,71944537
742,71944537
743,71944537
741,71944566
742,71944566
743,71944566
741,71944591
742,71944591
743,71944591
741,71944592
742,71944592
743,71944592
741,71944593
742,71944593
743,71944593
741,71944596
742,71944596
743,71944596
741,71944598
742,71944598
743,71944598
741,71944600
742,71944600
743,71944600
741,71944603
742,71944603
743,71944603
741,71944604
742,71944604
743,71944604
741,71944605
742,71944605
743,71944605
741,71944608
742,71944608
743,71944608
741,71944609
742,71944609
743,71944609
741,71944610
742,71944610
743,71944610
741,71944611
742,71944611
743,71944611
741,71944615
742,71944615
743,71944615
741,71944617
742,71944617
743,71944617
741,71944619
742,71944619
743,71944619
741,71944622
742,71944622
743,71944622
741,71944623
742,71944623
743,71944623
741,71944625
742,71944625
743,71944625
741,71944634
742,71944634
743,71944634
741,71944635
742,71944635
743,71944635
741,71944646
742,71944646
743,71944646
741,71944656
742,71944656
743,71944656
741,71944657
742,71944657
743,71944657
741,71944715
742,71944715
743,71944715
741,71944720
742,71944720
743,71944720
741,71944724
742,71944724
743,71944724
741,71944735
742,71944735
743,71944735
741,71944798
742,71944798
743,71944798
741,71944799
742,71944799
743,71944799
741,71944814
742,71944814
743,71944814
741,71944815
742,71944815
743,71944815
741,71944825
742,71944825
743,71944825
741,71954128
742,71954128
743,71954128
741,71954151
742,71954151
743,71954151
741,71954153
742,71954153
743,71954153
741,71954348
742,71954348
743,71954348
741,71954361
742,71954361
743,71954361
741,71954422
742,71954422
743,71954422
741,71954425
742,71954425
743,71954425
741,71954430
742,71954430
743,71954430
741,71954433
742,71954433
743,71954433
741,71954436
742,71954436
743,71954436
741,71954438
742,71954438
743,71954438
741,71954440
742,71954440
743,71954440
741,71954446
742,71954446
743,71954446
741,72039750
742,72039750
743,72039750
741,72039760
742,72039760
743,72039760
741,72039877
742,72039877
743,72039877
741,72039878
742,72039878
743,72039878
741,72039904
742,72039904
743,72039904
741,72039909
742,72039909
743,72039909
741,72039931
742,72039931
743,72039931
741,72039994
742,72039994
743,72039994
741,72040259
742,72040259
743,72040259
741,72040301
742,72040301
743,72040301
741,72040316
742,72040316
743,72040316
741,72040326
742,72040326
743,72040326
741,72040334
742,72040334
743,72040334
741,72040367
742,72040367
743,72040367
741,72040399
742,72040399
743,72040399
741,72040401
742,72040401
743,72040401
741,72040421
742,72040421
743,72040421
741,72040477
742,72040477
743,72040477
741,72040492
742,72040492
743,72040492
741,72040494
742,72040494
743,72040494
741,72040502
742,72040502
743,72040502
741,72040506
742,72040506
743,72040506
741,72040525
742,72040525
743,72040525
741,72040560
742,72040560
743,72040560
741,72040578
742,72040578
743,72040578
741,72040584
742,72040584
743,72040584
741,72040622
742,72040622
743,72040622
741,72040625
742,72040625
743,72040625
741,72040627
742,72040627
743,72040627
741,72040629
742,72040629
743,72040629
741,72040630
742,72040630
743,72040630
741,72040631
742,72040631
743,72040631
741,72040634
742,72040634
743,72040634
741,72040635
742,72040635
743,72040635
741,72040638
742,72040638
743,72040638
741,72040639
742,72040639
743,72040639
741,72040641
742,72040641
743,72040641
741,72040643
742,72040643
743,72040643
741,72041066
742,72041066
743,72041066
741,72041190
742,72041190
743,72041190
741,72041200
742,72041200
743,72041200
741,72041214
742,72041214
743,72041214
741,72041223
742,72041223
743,72041223
741,72041228
742,72041228
743,72041228
741,72041233
742,72041233
743,72041233
741,72041234
742,72041234
743,72041234
741,72041238
742,72041238
743,72041238
741,72041504
742,72041504
743,72041504
741,72041510
742,72041510
743,72041510
741,72041511
742,72041511
743,72041511
741,72041515
742,72041515
743,72041515
741,72041520
742,72041520
743,72041520
741,72041523
742,72041523
743,72041523
741,72041526
742,72041526
743,72041526
741,72041527
742,72041527
743,72041527
741,72041535
742,72041535
743,72041535
741,72041536
742,72041536
743,72041536
741,72041541
742,72041541
743,72041541
741,72041566
742,72041566
743,72041566
741,71947788
742,71947788
743,71947788
741,71947790
742,71947790
743,71947790
741,71947791
742,71947791
743,71947791
741,71947792
742,71947792
743,71947792
741,71947973
742,71947973
743,71947973
741,71947975
742,71947975
743,71947975
741,71947976
742,71947976
743,71947976
741,71947978
742,71947978
743,71947978
741,71947979
742,71947979
743,71947979
741,71947980
742,71947980
743,71947980
741,71948351
742,71948351
743,71948351
741,71948354
742,71948354
743,71948354
741,71948355
742,71948355
743,71948355
741,71948358
742,71948358
743,71948358
741,71948360
742,71948360
743,71948360
741,71948362
742,71948362
743,71948362
741,71948363
742,71948363
743,71948363
741,71948366
742,71948366
743,71948366
741,71948368
742,71948368
743,71948368
741,71948369
742,71948369
743,71948369
741,71948370
742,71948370
743,71948370
741,71948373
742,71948373
743,71948373
741,71948377
742,71948377
743,71948377
741,71948379
742,71948379
743,71948379
741,71948380
742,71948380
743,71948380
741,71948381
742,71948381
743,71948381
741,71948383
742,71948383
743,71948383
741,71948384
742,71948384
743,71948384
741,71948388
742,71948388
743,71948388
741,71948389
742,71948389
743,71948389
741,71948390
742,71948390
743,71948390
741,71948393
742,71948393
743,71948393
741,71948396
742,71948396
743,71948396
741,71948398
742,71948398
743,71948398
741,71948399
742,71948399
743,71948399
741,71948400
742,71948400
743,71948400
741,71948403
742,71948403
743,71948403
741,71948757
742,71948757
743,71948757
741,71948759
742,71948759
743,71948759
741,71954551
742,71954551
743,71954551
741,71954567
742,71954567
743,71954567
741,71954568
742,71954568
743,71954568
741,71954570
742,71954570
743,71954570
741,71954572
742,71954572
743,71954572
741,71954574
742,71954574
743,71954574
741,71954577
742,71954577
743,71954577
741,71954579
742,71954579
743,71954579
741,71954642
742,71954642
743,71954642
741,71954644
742,71954644
743,71954644
741,71954646
742,71954646
743,71954646
741,71949556
742,71949556
743,71949556
741,71949557
742,71949557
743,71949557
741,71949558
742,71949558
743,71949558
741,71949559
742,71949559
743,71949559
741,71949565
742,71949565
743,71949565
741,71949567
742,71949567
743,71949567
741,71949571
742,71949571
743,71949571
741,71949572
742,71949572
743,71949572
741,71949573
742,71949573
743,71949573
741,71949576
742,71949576
743,71949576
741,71949578
742,71949578
743,71949578
741,71949579
742,71949579
743,71949579
741,71949581
742,71949581
743,71949581
741,71949584
742,71949584
743,71949584
741,71949586
742,71949586
743,71949586
741,71949587
742,71949587
743,71949587
741,71949589
742,71949589
743,71949589
741,71949591
742,71949591
743,71949591
741,71949593
742,71949593
743,71949593
741,71949596
742,71949596
743,71949596
741,71949597
742,71949597
743,71949597
741,71949600
742,71949600
743,71949600
741,71949601
742,71949601
743,71949601
741,71949603
742,71949603
743,71949603
741,71949604
742,71949604
743,71949604
741,71949605
742,71949605
743,71949605
741,71949608
742,71949608
743,71949608
741,71949609
742,71949609
743,71949609
741,71949612
742,71949612
743,71949612
741,71949614
742,71949614
743,71949614
741,71949617
742,71949617
743,71949617
741,71949620
742,71949620
743,71949620
741,71949654
742,71949654
743,71949654
741,71949655
742,71949655
743,71949655
741,71949818
742,71949818
743,71949818
741,71949819
742,71949819
743,71949819
741,71949821
742,71949821
743,71949821
741,71949822
742,71949822
743,71949822
741,71949824
742,71949824
743,71949824
741,71950011
742,71950011
743,71950011
741,71950012
742,71950012
743,71950012
741,71950065
742,71950065
743,71950065
741,71950086
742,71950086
743,71950086
741,71950385
742,71950385
743,71950385
741,71950547
742,71950547
743,71950547
741,71954680
742,71954680
743,71954680
741,71954682
742,71954682
743,71954682
741,71954700
742,71954700
743,71954700
741,71954702
742,71954702
743,71954702
741,71954704
742,71954704
743,71954704
741,71954706
742,71954706
743,71954706
741,71954710
742,71954710
743,71954710
741,71954712
742,71954712
743,71954712
741,71954713
742,71954713
743,71954713
741,71954715
742,71954715
743,71954715
741,71954716
742,71954716
743,71954716
741,71954719
742,71954719
743,71954719
741,71951444
742,71951444
743,71951444
741,71951445
742,71951445
743,71951445
741,71951446
742,71951446
743,71951446
741,71951448
742,71951448
743,71951448
741,71951450
742,71951450
743,71951450
741,71951453
742,71951453
743,71951453
741,71951456
742,71951456
743,71951456
741,71951457
742,71951457
743,71951457
741,71951459
742,71951459
743,71951459
741,71951461
742,71951461
743,71951461
741,71951462
742,71951462
743,71951462
741,71951465
742,71951465
743,71951465
741,71951466
742,71951466
743,71951466
741,71951471
742,71951471
743,71951471
741,71951636
742,71951636
743,71951636
741,71951680
742,71951680
743,71951680
741,71951692
742,71951692
743,71951692
741,71951701
742,71951701
743,71951701
741,71951715
742,71951715
743,71951715
741,71951739
742,71951739
743,71951739
741,71951754
742,71951754
743,71951754
741,71951782
742,71951782
743,71951782
741,71951786
742,71951786
743,71951786
741,71951801
742,71951801
743,71951801
741,71951808
742,71951808
743,71951808
741,71951838
742,71951838
743,71951838
741,71951840
742,71951840
743,71951840
741,71951868
742,71951868
743,71951868
741,71951905
742,71951905
743,71951905
741,71951926
742,71951926
743,71951926
741,71951939
742,71951939
743,71951939
741,71951987
742,71951987
743,71951987
741,71952033
742,71952033
743,71952033
741,71952250
742,71952250
743,71952250
741,71952275
742,71952275
743,71952275
741,71952318
742,71952318
743,71952318
741,71952319
742,71952319
743,71952319
741,71952334
742,71952334
743,71952334
741,71952335
742,71952335
743,71952335
741,71952350
742,71952350
743,71952350
741,71952353
742,71952353
743,71952353
741,71952357
742,71952357
743,71952357
741,71952361
742,71952361
743,71952361
741,71952365
742,71952365
743,71952365
741,71952390
742,71952390
743,71952390
741,71952392
742,71952392
743,71952392
741,71952397
742,71952397
743,71952397
741,71954772
742,71954772
743,71954772
741,71954773
742,71954773
743,71954773
741,71954779
742,71954779
743,71954779
741,71954780
742,71954780
743,71954780
741,71954781
742,71954781
743,71954781
741,71954782
742,71954782
743,71954782
741,71954786
742,71954786
743,71954786
741,71954795
742,71954795
743,71954795
741,71954801
742,71954801
743,71954801
741,71954803
742,71954803
743,71954803
89,71887650
93,71887650
89,71954932
93,71954932
89,71999979
93,71999979
89,72049547
93,72049547
89,72058253
93,72058253
89,72067994
93,72067994
89,72095796
93,72095796
89,71993637
93,71993637
23,71372420_1
23,71372420_2
8,71373435_1
8,71373435_2
66,71373435_2
66,71373435_3
39,71373927_1
39,71373927_2
19,71376833_1
201,71376833_2
19,71376834_1
201,71376834_2
10,71377666_1
16,71377666_2
57,71377994_1
66,71377994_2
57,71377994_2
57,71377994_3
19,71465241_1
201,71465241_2
19,71465242_1
201,71465242_2
10,71466074_1
16,71466074_2
66,71466402_1
57,71466402_2
66,71466402_2
66,71466402_3
21,72094002_1
21,72094002_2
23,72094023_1
22,72094023_2
38,72094148_1
38,72094148_2
39,72094150_1
38,72094150_2
39,72094151_1
39,72094151_2
39,72094152_1
39,72094152_2
39,72094154_1
39,72094154_2
39,72094156_1
39,72094156_2
39,72094157_1
39,72094157_2
36,72094498_1
36,72094498_2
37,72094545_1
37,72094545_2
34,72094893_1
34,72094893_2
32,72094909_1
32,72094909_2
CR-Franklin,Sept8Read-767985-874
CR-Franklin,Sept8Read-768026-885
CR-Franklin,Sept8Read-768027-892
CR-Franklin,Sept8Read-768044-893
CR-Franklin,Sept8Read-768053-875
CR-Franklin,Sept8Read-768118-984
CR-Franklin,Sept8Read-768204-856
CR-Franklin,Sept8Read-768256-908
CR-Kingston,Sept8Read-767925-2002
CR-Kingston,Sept8Read-767969-2047
CR-Needham,Sept8Read-768014-889
CR-Needham,Sept8Read-768044-893
CR-Fairmount,Sept8Read-767928-991
CR-Fairmount,Sept8Read-767997-1756
CR-Fairmount,Sept8Read-768024-780
CR-Fairmount,Sept8Read-768025-762
CR-Fairmount,Sept8Read-768035-784
CR-Fairmount,Sept8Read-768049-754
CR-Fairmount,Sept8Read-768090-776
CR-Fairmount,Sept8Read-768111-1764
CR-Fairmount,Sept8Read-768134-1775
CR-Fairmount,Sept8Read-768135-1782
CR-Fairmount,Sept8Read-768146-721
CR-Fairmount,Sept8Read-768161-792
CR-Fairmount,Sept8Read-768172-1708
CR-Fairmount,Sept8Read-768198-1709
CR-Fairmount,Sept8Read-768202-1770
CR-Fairmount,Sept8Read-768219-1719
CR-Fairmount,Sept8Read-768246-744
CR-Fairmount,Sept8Read-768273-793
CR-Fairmount,Sept8Read-768293-1785
CR-Fairmount,Sept8Read-768294-1788
CR-Franklin,ReadWKNDwTransfers-755473-5806
CR-Franklin,ReadWKNDwTransfers-755479-5815
CR-Franklin,ReadWKNDwTransfers-755481-5824
CR-Franklin,ReadWKNDwTransfers-755482-5830
CR-Franklin,ReadWKNDwTransfers-755484-5838
CR-Franklin,ReadWKNDwTransfers-755486-5846
CR-Franklin,ReadWKNDwTransfers-755489-5856
CR-Franklin,ReadWKNDwTransfers-755491-5868
CR-Franklin,ReadWKNDwTransfers-755493-5878
CR-Franklin,ReadWKNDwTransfers-755494-5884
CR-Franklin,ReadWKNDwTransfers-755495-5885
CR-Franklin,ReadWKNDwTransfers-755496-5892
CR-Franklin,ReadWKNDwTransfers-755497-5893
CR-Franklin,ReadWKNDwTransfers-754264-5724
CR-Kingston,ReadWKNDwTransfers-754315-7047
CR-Fairmount,ReadWKNDwTransfers-754261-5706
CR-Fairmount,ReadWKNDwTransfers-754262-5715
CR-Fairmount,ReadWKNDwTransfers-755463-5730
CR-Fairmount,ReadWKNDwTransfers-755465-5746
CR-Fairmount,ReadWKNDwTransfers-755467-5738
CR-Fairmount,ReadWKNDwTransfers-755468-5754
CR-Fairmount,ReadWKNDwTransfers-755471-5768
CR-Fairmount,ReadWKNDwTransfers-755472-5778
CR-Fairmount,ReadWKNDwTransfers-755474-5793
CR-Fairmount,ReadWKNDwTransfers-755476-5785
CR-Fairmount,ReadWKNDwTransfers-755477-5784
CR-Fairmount,ReadWKNDwTransfers-755478-5792
CR-Fairmount,ReadWKNDwTransfers-754264-5724
CR-Newburyport,BETieJob-763133-193
CR-Franklin,SPRING2025V2-715939-856
CR-Franklin,SPRING2025V2-715946-874
CR-Franklin,SPRING2025V2-715947-875
CR-Franklin,SPRING2025V2-715950-885
CR-Franklin,SPRING2025V2-715953-892
CR-Franklin,SPRING2025V2-715954-893
CR-Franklin,SPRING2025V2-715957-908
CR-Franklin,SPRING2025V2-729099-984
CR-Kingston,SPRING2025V2-715781-2002
CR-Kingston,SPRING2025V2-715797-2047
CR-Needham,SPRING2025V2-715952-889
CR-Needham,SPRING2025V2-715954-893
CR-Fairmount,SPRING2025V2-715730-1708
CR-Fairmount,SPRING2025V2-715731-1709
CR-Fairmount,SPRING2025V2-715742-1756
CR-Fairmount,SPRING2025V2-715747-1775
CR-Fairmount,SPRING2025V2-715748-1782
CR-Fairmount,SPRING2025V2-715749-1785
CR-Fairmount,SPRING2025V2-715750-1788
CR-Fairmount,SPRING2025V2-715906-776
CR-Fairmount,SPRING2025V2-715909-784
CR-Fairmount,SPRING2025V2-715912-793
CR-Fairmount,SPRING2025V2-715986-991
CR-Fairmount,SPRING2025V2-722800-792
CR-Franklin,CR-NECEmergencyShuttle-FbMnFp-FoxboroWeekday-0-10:27:00
CR-Franklin,CR-NECEmergencyShuttle-FbMnFp-FoxboroWeekday-0-12:17:00
CR-Franklin,CR-NECEmergencyShuttle-FbMnFp-FoxboroWeekday-0-14:20:00
CR-Franklin,CR-NECEmergencyShuttle-FbMnFp-FoxboroWeekday-1-11:11:00
CR-Franklin,CR-NECEmergencyShuttle-FbMnFp-FoxboroWeekday-1-13:12:00
CR-Franklin,CR-NECEmergencyShuttle-FbMnFp-FoxboroWeekday-1-15:21:00
CR-Providence,CR-NECEmergencyShuttle-FbMnFp-ReadvilleWeekday-0-09:27:00
CR-Providence,CR-NECEmergencyShuttle-FbMnFp-ReadvilleWeekday-0-12:03:00
CR-Providence,CR-NECEmergencyShuttle-FbMnFp-ReadvilleWeekday-0-13:07:00
CR-Providence,CR-NECEmergencyShuttle-FbMnFp-ReadvilleWeekday-0-14:07:00
CR-Providence,CR-NECEmergencyShuttle-FbMnFp-ReadvilleWeekday-0-19:07:00
CR-Providence,CR-NECEmergencyShuttle-FbMnFp-ReadvilleWeekday-0-20:02:00
CR-Providence,CR-NECEmergencyShuttle-FbMnFp-ReadvilleWeekday-0-21:03:00
CR-Providence,CR-NECEmergencyShuttle-FbMnFp-ReadvilleWeekday-0-21:38:00
CR-Providence,CR-NECEmergencyShuttle-FbMnFp-ReadvilleWeekday-0-22:49:00
CR-Providence,CR-NECEmergencyShuttle-FbMnFp-ReadvilleWeekday-0-24:00:00
CR-Fitchburg,Shuttle-FitchburgWachusettWeekday-0-07:50:00
CR-Fitchburg,Shuttle-FitchburgWachusettWeekday-0-09:00:00
CR-Fitchburg,Shuttle-FitchburgWachusettWeekday-0-10:00:00
CR-Fitchburg,Shuttle-FitchburgWachusettWeekday-0-12:00:00
CR-Fitchburg,Shuttle-FitchburgWachusettWeekday-0-14:00:00
CR-Fitchburg,Shuttle-FitchburgWachusettWeekday-0-16:00:00
CR-Fitchburg,Shuttle-FitchburgWachusettWeekend-0-09:15:00
CR-Fitchburg,Shuttle-FitchburgWachusettWeekend-0-11:45:00
CR-Fitchburg,Shuttle-FitchburgWachusettWeekend-0-13:45:00
CR-Fitchburg,Shuttle-FitchburgWachusettWeekend-0-15:45:00
CR-Fitchburg,Shuttle-FitchburgWachusettWeekend-0-17:45:00
CR-Fitchburg,Shuttle-FitchburgWachusettWeekday-1-07:58:00
CR-Fitchburg,Shuttle-FitchburgWachusettWeekday-1-09:03:00
CR-Fitchburg,Shuttle-FitchburgWachusettWeekday-1-11:03:00
CR-Fitchburg,Shuttle-FitchburgWachusettWeekday-1-13:03:00
CR-Fitchburg,Shuttle-FitchburgWachusettWeekday-1-15:03:00
CR-Fitchburg,Shuttle-FitchburgWachusettWeekday-1-16:13:00
CR-Fitchburg,Shuttle-FitchburgWachusettWeekend-1-10:03:00
CR-Fitchburg,Shuttle-FitchburgWachusettWeekend-1-12:03:00
CR-Fitchburg,Shuttle-FitchburgWachusettWeekend-1-14:03:00
CR-Fitchburg,Shuttle-FitchburgWachusettWeekend-1-16:03:00
CR-Fitchburg,Shuttle-FitchburgWachusettWeekend-1-18:03:00
Blue,Blue-22-Sunday-c7e66-0-06:15:00
Blue,Blue-22-Sunday-c7e66-0-06:19:00
Blue,Blue-22-Sunday-c7e66-0-06:23:00
Blue,Blue-22-Sunday-c7e66-0-06:27:00
Blue,Blue-22-Sunday-c7e66-0-06:31:00
Blue,Blue-22-Sunday-c7e66-0-06:35:00
Blue,Blue-22-Sunday-c7e66-0-06:39:00
Blue,Blue-22-Sunday-c7e66-0-06:43:00
Blue,Blue-22-Sunday-c7e66-0-06:47:00
Blue,Blue-22-Sunday-c7e66-0-06:51:00
Blue,Blue-22-Sunday-c7e66-0-06:55:00
Blue,Blue-22-Sunday-c7e66-0-06:59:00
Blue,Blue-22-Sunday-c7e66-0-07:03:00
Blue,Blue-22-Sunday-c7e66-0-07:08:00
Blue,Blue-22-Sunday-c7e66-0-07:13:00
Blue,Blue-22-Sunday-c7e66-0-07:18:00
Blue,Blue-22-Sunday-c7e66-0-07:23:00
Blue,Blue-22-Sunday-c7e66-0-07:28:00
Blue,Blue-22-Sunday-c7e66-0-07:33:00
Blue,Blue-22-Sunday-c7e66-0-07:38:00
Blue,Blue-22-Sunday-c7e66-0-07:43:00
Blue,Blue-22-Sunday-c7e66-0-07:48:00
Blue,Blue-22-Sunday-c7e66-0-07:53:00
Blue,Blue-22-Sunday-c7e66-0-07:58:00
Blue,Blue-22-Sunday-c7e66-0-08:03:00
Blue,Blue-22-Sunday-c7e66-0-08:08:00
Blue,Blue-22-Sunday-c7e66-0-08:13:00
Blue,Blue-22-Sunday-c7e66-0-08:18:00
Blue,Blue-22-Sunday-c7e66-0-08:23:00
Blue,Blue-22-Sunday-c7e66-0-08:28:00
Blue,Blue-22-Sunday-c7e66-0-08:33:00
Blue,Blue-22-Sunday-c7e66-0-08:38:00
Blue,Blue-22-Sunday-c7e66-0-08:43:00
Blue,Blue-22-Sunday-c7e66-0-08:48:00
Blue,Blue-22-Sunday-c7e66-0-08:53:00
Blue,Blue-22-Sunday-c7e66-0-08:58:00
Blue,Blue-22-Sunday-c7e66-0-09:03:00
Blue,Blue-22-Sunday-c7e66-0-09:07:00
Blue,Blue-22-Sunday-c7e66-0-09:11:00
Blue,Blue-22-Sunday-c7e66-0-09:15:00
Blue,Blue-22-Sunday-c7e66-0-09:19:00
Blue,Blue-22-Sunday-c7e66-0-09:23:00
Blue,Blue-22-Sunday-c7e66-0-09:27:00
Blue,Blue-22-Sunday-c7e66-0-09:31:00
Blue,Blue-22-Sunday-c7e66-0-09:35:00
Blue,Blue-22-Sunday-c7e66-0-09:39:00
Blue,Blue-22-Sunday-c7e66-0-09:43:00
Blue,Blue-22-Sunday-c7e66-0-09:47:00
Blue,Blue-22-Sunday-c7e66-0-09:51:00
Blue,Blue-22-Sunday-c7e66-0-09:55:00
Blue,Blue-22-Sunday-c7e66-0-09:59:00
Blue,Blue-22-Sunday-c7e66-0-10:03:00
Blue,Blue-22-Sunday-c7e66-0-10:07:00
Blue,Blue-22-Sunday-c7e66-0-10:11:00
Blue,Blue-22-Sunday-c7e66-0-10:15:00
Blue,Blue-22-Sunday-c7e66-0-10:19:00
Blue,Blue-22-Sunday-c7e66-0-10:23:00
Blue,Blue-22-Sunday-c7e66-0-10:27:00
Blue,Blue-22-Sunday-c7e66-0-10:31:00
Blue,Blue-22-Sunday-c7e66-0-10:35:00
Blue,Blue-22-Sunday-c7e66-0-10:39:00
Blue,Blue-22-Sunday-c7e66-0-10:43:00
Blue,Blue-22-Sunday-c7e66-0-10:47:00
Blue,Blue-22-Sunday-c7e66-0-10:51:00
Blue,Blue-22-Sunday-c7e66-0-10:55:00
Blue,Blue-22-Sunday-c7e66-0-10:59:00
Blue,Blue-22-Sunday-c7e66-0-11:03:00
Blue,Blue-22-Sunday-c7e66-0-11:07:00
Blue,Blue-22-Sunday-c7e66-0-11:11:00
Blue,Blue-22-Sunday-c7e66-0-11:15:00
Blue,Blue-22-Sunday-c7e66-0-11:19:00
Blue,Blue-22-Sunday-c7e66-0-11:23:00
Blue,Blue-22-Sunday-c7e66-0-11:27:00
Blue,Blue-22-Sunday-c7e66-0-11:31:00
Blue,Blue-22-Sunday-c7e66-0-11:35:00
Blue,Blue-22-Sunday-c7e66-0-11:39:00
Blue,Blue-22-Sunday-c7e66-0-11:43:00
Blue,Blue-22-Sunday-c7e66-0-11:47:00
Blue,Blue-22-Sunday-c7e66-0-11:51:00
Blue,Blue-22-Sunday-c7e66-0-11:55:00
Blue,Blue-22-Sunday-c7e66-0-11:59:00
Blue,Blue-22-Sunday-c7e66-0-12:03:00
Blue,Blue-22-Sunday-c7e66-0-12:07:00
Blue,Blue-22-Sunday-c7e66-0-12:11:00
Blue,Blue-22-Sunday-c7e66-0-12:15:00
Blue,Blue-22-Sunday-c7e66-0-12:19:00
Blue,Blue-22-Sunday-c7e66-0-12:23:00
Blue,Blue-22-Sunday-c7e66-0-12:27:00
Blue,Blue-22-Sunday-c7e66-0-12:31:00
Blue,Blue-22-Sunday-c7e66-0-12:35:00
Blue,Blue-22-Sunday-c7e66-0-12:39:00
Blue,Blue-22-Sunday-c7e66-0-12:43:00
Blue,Blue-22-Sunday-c7e66-0-12:47:00
Blue,Blue-22-Sunday-c7e66-0-12:51:00
Blue,Blue-22-Sunday-c7e66-0-12:55:00
Blue,Blue-22-Sunday-c7e66-0-12:59:00
Blue,Blue-22-Sunday-c7e66-0-13:03:00
Blue,Blue-22-Sunday-c7e66-0-13:07:00
Blue,Blue-22-Sunday-c7e66-0-13:11:00
Blue,Blue-22-Sunday-c7e66-0-13:15:00
Blue,Blue-22-Sunday-c7e66-0-13:19:00
Blue,Blue-22-Sunday-c7e66-0-13:23:00
Blue,Blue-22-Sunday-c7e66-0-13:27:00
Blue,Blue-22-Sunday-c7e66-0-13:31:00
Blue,Blue-22-Sunday-c7e66-0-13:35:00
Blue,Blue-22-Sunday-c7e66-0-13:39:00
Blue,Blue-22-Sunday-c7e66-0-13:43:00
Blue,Blue-22-Sunday-c7e66-0-13:47:00
Blue,Blue-22-Sunday-c7e66-0-13:51:00
Blue,Blue-22-Sunday-c7e66-0-13:55:00
Blue,Blue-22-Sunday-c7e66-0-13:59:00
Blue,Blue-22-Sunday-c7e66-0-14:03:00
Blue,Blue-22-Sunday-c7e66-0-14:06:00
Blue,Blue-22-Sunday-c7e66-0-14:09:00
Blue,Blue-22-Sunday-c7e66-0-14:12:00
Blue,Blue-22-Sunday-c7e66-0-14:15:00
Blue,Blue-22-Sunday-c7e66-0-14:18:00
Blue,Blue-22-Sunday-c7e66-0-14:21:00
Blue,Blue-22-Sunday-c7e66-0-14:24:00
Blue,Blue-22-Sunday-c7e66-0-14:27:00
Blue,Blue-22-Sunday-c7e66-0-14:30:00
Blue,Blue-22-Sunday-c7e66-0-14:33:00
Blue,Blue-22-Sunday-c7e66-0-14:36:00
Blue,Blue-22-Sunday-c7e66-0-14:39:00
Blue,Blue-22-Sunday-c7e66-0-14:42:00
Blue,Blue-22-Sunday-c7e66-0-14:45:00
Blue,Blue-22-Sunday-c7e66-0-14:48:00
Blue,Blue-22-Sunday-c7e66-0-14:51:00
Blue,Blue-22-Sunday-c7e66-0-14:54:00
Blue,Blue-22-Sunday-c7e66-0-14:57:00
Blue,Blue-22-Sunday-c7e66-0-15:00:00
Blue,Blue-22-Sunday-c7e66-0-15:03:00
Blue,Blue-22-Sunday-c7e66-0-15:06:00
Blue,Blue-22-Sunday-c7e66-0-15:09:00
Blue,Blue-22-Sunday-c7e66-0-15:12:00
Blue,Blue-22-Sunday-c7e66-0-15:15:00
Blue,Blue-22-Sunday-c7e66-0-15:18:00
Blue,Blue-22-Sunday-c7e66-0-15:21:00
Blue,Blue-22-Sunday-c7e66-0-15:24:00
Blue,Blue-22-Sunday-c7e66-0-15:27:00
Blue,Blue-22-Sunday-c7e66-0-15:30:00
Blue,Blue-22-Sunday-c7e66-0-15:33:00
Blue,Blue-22-Sunday-c7e66-0-15:36:00
Blue,Blue-22-Sunday-c7e66-0-15:39:00
Blue,Blue-22-Sunday-c7e66-0-15:42:00
Blue,Blue-22-Sunday-c7e66-0-15:45:00
Blue,Blue-22-Sunday-c7e66-0-15:48:00
Blue,Blue-22-Sunday-c7e66-0-15:51:00
Blue,Blue-22-Sunday-c7e66-0-15:54:00
Blue,Blue-22-Sunday-c7e66-0-15:57:00
Blue,Blue-22-Sunday-c7e66-0-16:00:00
Blue,Blue-22-Sunday-c7e66-0-16:03:00
Blue,Blue-22-Sunday-c7e66-0-16:06:00
Blue,Blue-22-Sunday-c7e66-0-16:09:00
Blue,Blue-22-Sunday-c7e66-0-16:12:00
Blue,Blue-22-Sunday-c7e66-0-16:15:00
Blue,Blue-22-Sunday-c7e66-0-16:18:00
Blue,Blue-22-Sunday-c7e66-0-16:21:00
Blue,Blue-22-Sunday-c7e66-0-16:24:00
Blue,Blue-22-Sunday-c7e66-0-16:27:00
Blue,Blue-22-Sunday-c7e66-0-16:30:00
Blue,Blue-22-Sunday-c7e66-0-16:33:00
Blue,Blue-22-Sunday-c7e66-0-16:36:00
Blue,Blue-22-Sunday-c7e66-0-16:39:00
Blue,Blue-22-Sunday-c7e66-0-16:42:00
Blue,Blue-22-Sunday-c7e66-0-16:45:00
Blue,Blue-22-Sunday-c7e66-0-16:48:00
Blue,Blue-22-Sunday-c7e66-0-16:51:00
Blue,Blue-22-Sunday-c7e66-0-16:54:00
Blue,Blue-22-Sunday-c7e66-0-16:57:00
Blue,Blue-22-Sunday-c7e66-0-17:00:00
Blue,Blue-22-Sunday-c7e66-0-17:03:00
Blue,Blue-22-Sunday-c7e66-0-17:06:00
Blue,Blue-22-Sunday-c7e66-0-17:09:00
Blue,Blue-22-Sunday-c7e66-0-17:12:00
Blue,Blue-22-Sunday-c7e66-0-17:15:00
Blue,Blue-22-Sunday-c7e66-0-17:18:00
Blue,Blue-22-Sunday-c7e66-0-17:21:00
Blue,Blue-22-Sunday-c7e66-0-17:24:00
Blue,Blue-22-Sunday-c7e66-0-17:27:00
Blue,Blue-22-Sunday-c7e66-0-17:30:00
Blue,Blue-22-Sunday-c7e66-0-17:33:00
Blue,Blue-22-Sunday-c7e66-0-17:36:00
Blue,Blue-22-Sunday-c7e66-0-17:39:00
Blue,Blue-22-Sunday-c7e66-0-17:42:00
Blue,Blue-22-Sunday-c7e66-0-17:45:00
Blue,Blue-22-Sunday-c7e66-0-17:48:00
Blue,Blue-22-Sunday-c7e66-0-17:51:00
Blue,Blue-22-Sunday-c7e66-0-17:54:00
Blue,Blue-22-Sunday-c7e66-0-17:57:00
Blue,Blue-22-Sunday-c7e66-0-18:00:00
Blue,Blue-22-Sunday-c7e66-0-18:03:00
Blue,Blue-22-Sunday-c7e66-0-18:06:00
Blue,Blue-22-Sunday-c7e66-0-18:09:00
Blue,Blue-22-Sunday-c7e66-0-18:12:00
Blue,Blue-22-Sunday-c7e66-0-18:15:00
Blue,Blue-22-Sunday-c7e66-0-18:18:00
Blue,Blue-22-Sunday-c7e66-0-18:21:00
Blue,Blue-22-Sunday-c7e66-0-18:24:00
Blue,Blue-22-Sunday-c7e66-0-18:27:00
Blue,Blue-22-Sunday-c7e66-0-18:30:00
Blue,Blue-22-Sunday-c7e66-0-18:33:00
Blue,Blue-22-Sunday-c7e66-0-18:36:00
Blue,Blue-22-Sunday-c7e66-0-18:39:00
Blue,Blue-22-Sunday-c7e66-0-18:42:00
Blue,Blue-22-Sunday-c7e66-0-18:45:00
Blue,Blue-22-Sunday-c7e66-0-18:48:00
Blue,Blue-22-Sunday-c7e66-0-18:51:00
Blue,Blue-22-Sunday-c7e66-0-18:54:00
Blue,Blue-22-Sunday-c7e66-0-18:57:00
Blue,Blue-22-Sunday-c7e66-0-19:00:00
Blue,Blue-22-Sunday-c7e66-0-19:04:00
Blue,Blue-22-Sunday-c7e66-0-19:08:00
Blue,Blue-22-Sunday-c7e66-0-19:12:00
Blue,Blue-22-Sunday-c7e66-0-19:16:00
Blue,Blue-22-Sunday-c7e66-0-19:20:00
Blue,Blue-22-Sunday-c7e66-0-19:24:00
Blue,Blue-22-Sunday-c7e66-0-19:28:00
Blue,Blue-22-Sunday-c7e66-0-19:32:00
Blue,Blue-22-Sunday-c7e66-0-19:36:00
Blue,Blue-22-Sunday-c7e66-0-19:40:00
Blue,Blue-22-Sunday-c7e66-0-19:44:00
Blue,Blue-22-Sunday-c7e66-0-19:48:00
Blue,Blue-22-Sunday-c7e66-0-19:52:00
Blue,Blue-22-Sunday-c7e66-0-19:56:00
Blue,Blue-22-Sunday-c7e66-0-20:00:00
Blue,Blue-22-Sunday-c7e66-0-20:04:00
Blue,Blue-22-Sunday-c7e66-0-20:08:00
Blue,Blue-22-Sunday-c7e66-0-20:12:00
Blue,Blue-22-Sunday-c7e66-0-20:16:00
Blue,Blue-22-Sunday-c7e66-0-20:20:00
Blue,Blue-22-Sunday-c7e66-0-20:24:00
Blue,Blue-22-Sunday-c7e66-0-20:28:00
Blue,Blue-22-Sunday-c7e66-0-20:32:00
Blue,Blue-22-Sunday-c7e66-0-20:36:00
Blue,Blue-22-Sunday-c7e66-0-20:40:00
Blue,Blue-22-Sunday-c7e66-0-20:44:00
Blue,Blue-22-Sunday-c7e66-0-20:48:00
Blue,Blue-22-Sunday-c7e66-0-20:52:00
Blue,Blue-22-Sunday-c7e66-0-20:56:00
Blue,Blue-22-Sunday-c7e66-0-21:00:00
Blue,Blue-22-Sunday-c7e66-0-21:04:00
Blue,Blue-22-Sunday-c7e66-0-21:08:00
Blue,Blue-22-Sunday-c7e66-0-21:12:00
Blue,Blue-22-Sunday-c7e66-0-21:16:00
Blue,Blue-22-Sunday-c7e66-0-21:20:00
Blue,Blue-22-Sunday-c7e66-0-21:24:00
Blue,Blue-22-Sunday-c7e66-0-21:28:00
Blue,Blue-22-Sunday-c7e66-0-21:32:00
Blue,Blue-22-Sunday-c7e66-0-21:36:00
Blue,Blue-22-Sunday-c7e66-0-21:40:00
Blue,Blue-22-Sunday-c7e66-0-21:44:00
Blue,Blue-22-Sunday-c7e66-0-21:48:00
Blue,Blue-22-Sunday-c7e66-0-21:52:00
Blue,Blue-22-Sunday-c7e66-0-21:56:00
Blue,Blue-22-Sunday-c7e66-0-22:00:00
Blue,Blue-22-Sunday-c7e66-0-22:04:00
Blue,Blue-22-Sunday-c7e66-0-22:08:00
Blue,Blue-22-Sunday-c7e66-0-22:12:00
Blue,Blue-22-Sunday-c7e66-0-22:16:00
Blue,Blue-22-Sunday-c7e66-0-22:20:00
Blue,Blue-22-Sunday-c7e66-0-22:24:00
Blue,Blue-22-Sunday-c7e66-0-22:28:00
Blue,Blue-22-Sunday-c7e66-0-22:32:00
Blue,Blue-22-Sunday-c7e66-0-22:36:00
Blue,Blue-22-Sunday-c7e66-0-22:40:00
Blue,Blue-22-Sunday-c7e66-0-22:44:00
Blue,Blue-22-Sunday-c7e66-0-22:48:00
Blue,Blue-22-Sunday-c7e66-0-22:52:00
Blue,Blue-22-Sunday-c7e66-0-22:56:00
Blue,Blue-22-Sunday-c7e66-0-23:00:00
Blue,Blue-22-Sunday-c7e66-0-23:04:00
Blue,Blue-22-Sunday-c7e66-0-23:08:00
Blue,Blue-22-Sunday-c7e66-0-23:12:00
Blue,Blue-22-Sunday-c7e66-0-23:16:00
Blue,Blue-22-Sunday-c7e66-0-23:20:00
Blue,Blue-22-Sunday-c7e66-0-23:24:00
Blue,Blue-22-Sunday-c7e66-0-23:28:00
Blue,Blue-22-Sunday-c7e66-0-23:32:00
Blue,Blue-22-Sunday-c7e66-0-23:36:00
Blue,Blue-22-Sunday-c7e66-0-23:40:00
Blue,Blue-22-Sunday-c7e66-0-23:44:00
Blue,Blue-22-Sunday-c7e66-0-23:48:00
Blue,Blue-22-Sunday-c7e66-0-23:52:00
Blue,Blue-22-Sunday-c7e66-0-23:56:00
Blue,Blue-22-Sunday-c7e66-0-24:00:00
Blue,Blue-22-Sunday-c7e66-0-24:04:00
Blue,Blue-22-Sunday-c7e66-0-24:08:00
Blue,Blue-22-Sunday-c7e66-0-24:12:00
Blue,Blue-22-Sunday-c7e66-0-24:16:00
Blue,Blue-22-Sunday-c7e66-0-24:20:00
Blue,Blue-22-Sunday-c7e66-0-24:24:00
Blue,Blue-22-Sunday-c7e66-0-24:28:00
Blue,Blue-22-Sunday-c7e66-0-24:32:00
Blue,Blue-22-Sunday-c7e66-0-24:36:00
Blue,Blue-22-Sunday-c7e66-0-24:39:00
Blue,Blue-22-Sunday-c7e66-1-05:52:00
Blue,Blue-22-Sunday-c7e66-1-05:56:00
Blue,Blue-22-Sunday-c7e66-1-06:00:00
Blue,Blue-22-Sunday-c7e66-1-06:04:00
Blue,Blue-22-Sunday-c7e66-1-06:08:00
Blue,Blue-22-Sunday-c7e66-1-06:12:00
Blue,Blue-22-Sunday-c7e66-1-06:16:00
Blue,Blue-22-Sunday-c7e66-1-06:20:00
Blue,Blue-22-Sunday-c7e66-1-06:24:00
Blue,Blue-22-Sunday-c7e66-1-06:28:00
Blue,Blue-22-Sunday-c7e66-1-06:32:00
Blue,Blue-22-Sunday-c7e66-1-06:36:00
Blue,Blue-22-Sunday-c7e66-1-06:40:00
Blue,Blue-22-Sunday-c7e66-1-06:44:00
Blue,Blue-22-Sunday-c7e66-1-06:48:00
Blue,Blue-22-Sunday-c7e66-1-06:52:00
Blue,Blue-22-Sunday-c7e66-1-06:56:00
Blue,Blue-22-Sunday-c7e66-1-07:00:00
Blue,Blue-22-Sunday-c7e66-1-07:05:00
Blue,Blue-22-Sunday-c7e66-1-07:10:00
Blue,Blue-22-Sunday-c7e66-1-07:15:00
Blue,Blue-22-Sunday-c7e66-1-07:20:00
Blue,Blue-22-Sunday-c7e66-1-07:25:00
Blue,Blue-22-Sunday-c7e66-1-07:30:00
Blue,Blue-22-Sunday-c7e66-1-07:35:00
Blue,Blue-22-Sunday-c7e66-1-07:40:00
Blue,Blue-22-Sunday-c7e66-1-07:45:00
Blue,Blue-22-Sunday-c7e66-1-07:50:00
Blue,Blue-22-Sunday-c7e66-1-07:55:00
Blue,Blue-22-Sunday-c7e66-1-08:00:00
Blue,Blue-22-Sunday-c7e66-1-08:05:00
Blue,Blue-22-Sunday-c7e66-1-08:10:00
Blue,Blue-22-Sunday-c7e66-1-08:15:00
Blue,Blue-22-Sunday-c7e66-1-08:20:00
Blue,Blue-22-Sunday-c7e66-1-08:25:00
Blue,Blue-22-Sunday-c7e66-1-08:30:00
Blue,Blue-22-Sunday-c7e66-1-08:35:00
Blue,Blue-22-Sunday-c7e66-1-08:40:00
Blue,Blue-22-Sunday-c7e66-1-08:45:00
Blue,Blue-22-Sunday-c7e66-1-08:50:00
Blue,Blue-22-Sunday-c7e66-1-08:55:00
Blue,Blue-22-Sunday-c7e66-1-09:00:00
Blue,Blue-22-Sunday-c7e66-1-09:04:00
Blue,Blue-22-Sunday-c7e66-1-09:08:00
Blue,Blue-22-Sunday-c7e66-1-09:12:00
Blue,Blue-22-Sunday-c7e66-1-09:16:00
Blue,Blue-22-Sunday-c7e66-1-09:20:00
Blue,Blue-22-Sunday-c7e66-1-09:24:00
Blue,Blue-22-Sunday-c7e66-1-09:28:00
Blue,Blue-22-Sunday-c7e66-1-09:32:00
Blue,Blue-22-Sunday-c7e66-1-09:36:00
Blue,Blue-22-Sunday-c7e66-1-09:40:00
Blue,Blue-22-Sunday-c7e66-1-09:44:00
Blue,Blue-22-Sunday-c7e66-1-09:48:00
Blue,Blue-22-Sunday-c7e66-1-09:52:00
Blue,Blue-22-Sunday-c7e66-1-09:56:00
Blue,Blue-22-Sunday-c7e66-1-10:00:00
Blue,Blue-22-Sunday-c7e66-1-10:04:00
Blue,Blue-22-Sunday-c7e66-1-10:08:00
Blue,Blue-22-Sunday-c7e66-1-10:12:00
Blue,Blue-22-Sunday-c7e66-1-10:16:00
Blue,Blue-22-Sunday-c7e66-1-10:20:00
Blue,Blue-22-Sunday-c7e66-1-10:24:00
Blue,Blue-22-Sunday-c7e66-1-10:28:00
Blue,Blue-22-Sunday-c7e66-1-10:32:00
Blue,Blue-22-Sunday-c7e66-1-10:36:00
Blue,Blue-22-Sunday-c7e66-1-10:40:00
Blue,Blue-22-Sunday-c7e66-1-10:44:00
Blue,Blue-22-Sunday-c7e66-1-10:48:00
Blue,Blue-22-Sunday-c7e66-1-10:52:00
Blue,Blue-22-Sunday-c7e66-1-10:56:00
Blue,Blue-22-Sunday-c7e66-1-11:00:00
Blue,Blue-22-Sunday-c7e66-1-11:04:00
Blue,Blue-22-Sunday-c7e66-1-11:08:00
Blue,Blue-22-Sunday-c7e66-1-11:12:00
Blue,Blue-22-Sunday-c7e66-1-11:16:00
Blue,Blue-22-Sunday-c7e66-1-11:20:00
Blue,Blue-22-Sunday-c7e66-1-11:24:00
Blue,Blue-22-Sunday-c7e66-1-11:28:00
Blue,Blue-22-Sunday-c7e66-1-11:32:00
Blue,Blue-22-Sunday-c7e66-1-11:36:00
Blue,Blue-22-Sunday-c7e66-1-11:40:00
Blue,Blue-22-Sunday-c7e66-1-11:44:00
Blue,Blue-22-Sunday-c7e66-1-11:48:00
Blue,Blue-22-Sunday-c7e66-1-11:52:00
Blue,Blue-22-Sunday-c7e66-1-11:56:00
Blue,Blue-22-Sunday-c7e66-1-12:00:00
Blue,Blue-22-Sunday-c7e66-1-12:04:00
Blue,Blue-22-Sunday-c7e66-1-12:08:00
Blue,Blue-22-Sunday-c7e66-1-12:12:00
Blue,Blue-22-Sunday-c7e66-1-12:16:00
Blue,Blue-22-Sunday-c7e66-1-12:20:00
Blue,Blue-22-Sunday-c7e66-1-12:24:00
Blue,Blue-22-Sunday-c7e66-1-12:28:00
Blue,Blue-22-Sunday-c7e66-1-12:32:00
Blue,Blue-22-Sunday-c7e66-1-12:36:00
Blue,Blue-22-Sunday-c7e66-1-12:40:00
Blue,Blue-22-Sunday-c7e66-1-12:44:00
Blue,Blue-22-Sunday-c7e66-1-12:48:00
Blue,Blue-22-Sunday-c7e66-1-12:52:00
Blue,Blue-22-Sunday-c7e66-1-12:56:00
Blue,Blue-22-Sunday-c7e66-1-13:00:00
Blue,Blue-22-Sunday-c7e66-1-13:04:00
Blue,Blue-22-Sunday-c7e66-1-13:08:00
Blue,Blue-22-Sunday-c7e66-1-13:12:00
Blue,Blue-22-Sunday-c7e66-1-13:16:00
Blue,Blue-22-Sunday-c7e66-1-13:20:00
Blue,Blue-22-Sunday-c7e66-1-13:24:00
Blue,Blue-22-Sunday-c7e66-1-13:28:00
Blue,Blue-22-Sunday-c7e66-1-13:32:00
Blue,Blue-22-Sunday-c7e66-1-13:36:00
Blue,Blue-22-Sunday-c7e66-1-13:40:00
Blue,Blue-22-Sunday-c7e66-1-13:44:00
Blue,Blue-22-Sunday-c7e66-1-13:48:00
Blue,Blue-22-Sunday-c7e66-1-13:52:00
Blue,Blue-22-Sunday-c7e66-1-13:56:00
Blue,Blue-22-Sunday-c7e66-1-14:00:00
Blue,Blue-22-Sunday-c7e66-1-14:03:00
Blue,Blue-22-Sunday-c7e66-1-14:06:00
Blue,Blue-22-Sunday-c7e66-1-14:09:00
Blue,Blue-22-Sunday-c7e66-1-14:12:00
Blue,Blue-22-Sunday-c7e66-1-14:15:00
Blue,Blue-22-Sunday-c7e66-1-14:18:00
Blue,Blue-22-Sunday-c7e66-1-14:21:00
Blue,Blue-22-Sunday-c7e66-1-14:24:00
Blue,Blue-22-Sunday-c7e66-1-14:27:00
Blue,Blue-22-Sunday-c7e66-1-14:30:00
Blue,Blue-22-Sunday-c7e66-1-14:33:00
Blue,Blue-22-Sunday-c7e66-1-14:36:00
Blue,Blue-22-Sunday-c7e66-1-14:39:00
Blue,Blue-22-Sunday-c7e66-1-14:42:00
Blue,Blue-22-Sunday-c7e66-1-14:45:00
Blue,Blue-22-Sunday-c7e66-1-14:48:00
Blue,Blue-22-Sunday-c7e66-1-14:51:00
Blue,Blue-22-Sunday-c7e66-1-14:54:00
Blue,Blue-22-Sunday-c7e66-1-14:57:00
Blue,Blue-22-Sunday-c7e66-1-15:00:00
Blue,Blue-22-Sunday-c7e66-1-15:03:00
Blue,Blue-22-Sunday-c7e66-1-15:06:00
Blue,Blue-22-Sunday-c7e66-1-15:09:00
Blue,Blue-22-Sunday-c7e66-1-15:12:00
Blue,Blue-22-Sunday-c7e66-1-15:15:00
Blue,Blue-22-Sunday-c7e66-1-15:18:00
Blue,Blue-22-Sunday-c7e66-1-15:21:00
Blue,Blue-22-Sunday-c7e66-1-15:24:00
Blue,Blue-22-Sunday-c7e66-1-15:27:00
Blue,Blue-22-Sunday-c7e66-1-15:30:00
Blue,Blue-22-Sunday-c7e66-1-15:33:00
Blue,Blue-22-Sunday-c7e66-1-15:36:00
Blue,Blue-22-Sunday-c7e66-1-15:39:00
Blue,Blue-22-Sunday-c7e66-1-15:42:00
Blue,Blue-22-Sunday-c7e66-1-15:45:00
Blue,Blue-22-Sunday-c7e66-1-15:48:00
Blue,Blue-22-Sunday-c7e66-1-15:51:00
Blue,Blue-22-Sunday-c7e66-1-15:54:00
Blue,Blue-22-Sunday-c7e66-1-15:57:00
Blue,Blue-22-Sunday-c7e66-1-16:00:00
Blue,Blue-22-Sunday-c7e66-1-16:03:00
Blue,Blue-22-Sunday-c7e66-1-16:06:00
Blue,Blue-22-Sunday-c7e66-1-16:09:00
Blue,Blue-22-Sunday-c7e66-1-16:12:00
Blue,Blue-22-Sunday-c7e66-1-16:15:00
Blue,Blue-22-Sunday-c7e66-1-16:18:00
Blue,Blue-22-Sunday-c7e66-1-16:21:00
Blue,Blue-22-Sunday-c7e66-1-16:24:00
Blue,Blue-22-Sunday-c7e66-1-16:27:00
Blue,Blue-22-Sunday-c7e66-1-16:30:00
Blue,Blue-22-Sunday-c7e66-1-16:33:00
Blue,Blue-22-Sunday-c7e66-1-16:36:00
Blue,Blue-22-Sunday-c7e66-1-16:39:00
Blue,Blue-22-Sunday-c7e66-1-16:42:00
Blue,Blue-22-Sunday-c7e66-1-16:45:00
Blue,Blue-22-Sunday-c7e66-1-16:48:00
Blue,Blue-22-Sunday-c7e66-1-16:51:00
Blue,Blue-22-Sunday-c7e66-1-16:54:00
Blue,Blue-22-Sunday-c7e66-1-16:57:00
Blue,Blue-22-Sunday-c7e66-1-17:00:00
Blue,Blue-22-Sunday-c7e66-1-17:03:00
Blue,Blue-22-Sunday-c7e66-1-17:06:00
Blue,Blue-22-Sunday-c7e66-1-17:09:00
Blue,Blue-22-Sunday-c7e66-1-17:12:00
Blue,Blue-22-Sunday-c7e66-1-17:15:00
Blue,Blue-22-Sunday-c7e66-1-17:18:00
Blue,Blue-22-Sunday-c7e66-1-17:21:00
Blue,Blue-22-Sunday-c7e66-1-17:24:00
Blue,Blue-22-Sunday-c7e66-1-17:27:00
Blue,Blue-22-Sunday-c7e66-1-17:30:00
Blue,Blue-22-Sunday-c7e66-1-17:33:00
Blue,Blue-22-Sunday-c7e66-1-17:36:00
Blue,Blue-22-Sunday-c7e66-1-17:39:00
Blue,Blue-22-Sunday-c7e66-1-17:42:00
Blue,Blue-22-Sunday-c7e66-1-17:45:00
Blue,Blue-22-Sunday-c7e66-1-17:48:00
Blue,Blue-22-Sunday-c7e66-1-17:51:00
Blue,Blue-22-Sunday-c7e66-1-17:54:00
Blue,Blue-22-Sunday-c7e66-1-17:57:00
Blue,Blue-22-Sunday-c7e66-1-18:00:00
Blue,Blue-22-Sunday-c7e66-1-18:03:00
Blue,Blue-22-Sunday-c7e66-1-18:06:00
Blue,Blue-22-Sunday-c7e66-1-18:09:00
Blue,Blue-22-Sunday-c7e66-1-18:12:00
Blue,Blue-22-Sunday-c7e66-1-18:15:00
Blue,Blue-22-Sunday-c7e66-1-18:18:00
Blue,Blue-22-Sunday-c7e66-1-18:21:00
Blue,Blue-22-Sunday-c7e66-1-18:24:00
Blue,Blue-22-Sunday-c7e66-1-18:27:00
Blue,Blue-22-Sunday-c7e66-1-18:30:00
Blue,Blue-22-Sunday-c7e66-1-18:33:00
Blue,Blue-22-Sunday-c7e66-1-18:36:00
Blue,Blue-22-Sunday-c7e66-1-18:39:00
Blue,Blue-22-Sunday-c7e66-1-18:42:00
Blue,Blue-22-Sunday-c7e66-1-18:45:00
Blue,Blue-22-Sunday-c7e66-1-18:48:00
Blue,Blue-22-Sunday-c7e66-1-18:51:00
Blue,Blue-22-Sunday-c7e66-1-18:54:00
Blue,Blue-22-Sunday-c7e66-1-18:57:00
Blue,Blue-22-Sunday-c7e66-1-19:00:00
Blue,Blue-22-Sunday-c7e66-1-19:04:00
Blue,Blue-22-Sunday-c7e66-1-19:08:00
Blue,Blue-22-Sunday-c7e66-1-19:12:00
Blue,Blue-22-Sunday-c7e66-1-19:16:00
Blue,Blue-22-Sunday-c7e66-1-19:20:00
Blue,Blue-22-Sunday-c7e66-1-19:24:00
Blue,Blue-22-Sunday-c7e66-1-19:28:00
Blue,Blue-22-Sunday-c7e66-1-19:32:00
Blue,Blue-22-Sunday-c7e66-1-19:36:00
Blue,Blue-22-Sunday-c7e66-1-19:40:00
Blue,Blue-22-Sunday-c7e66-1-19:44:00
Blue,Blue-22-Sunday-c7e66-1-19:48:00
Blue,Blue-22-Sunday-c7e66-1-19:52:00
Blue,Blue-22-Sunday-c7e66-1-19:56:00
Blue,Blue-22-Sunday-c7e66-1-20:00:00
Blue,Blue-22-Sunday-c7e66-1-20:04:00
Blue,Blue-22-Sunday-c7e66-1-20:08:00
Blue,Blue-22-Sunday-c7e66-1-20:12:00
Blue,Blue-22-Sunday-c7e66-1-20:16:00
Blue,Blue-22-Sunday-c7e66-1-20:20:00
Blue,Blue-22-Sunday-c7e66-1-20:24:00
Blue,Blue-22-Sunday-c7e66-1-20:28:00
Blue,Blue-22-Sunday-c7e66-1-20:32:00
Blue,Blue-22-Sunday-c7e66-1-20:36:00
Blue,Blue-22-Sunday-c7e66-1-20:40:00
Blue,Blue-22-Sunday-c7e66-1-20:44:00
Blue,Blue-22-Sunday-c7e66-1-20:48:00
Blue,Blue-22-Sunday-c7e66-1-20:52:00
Blue,Blue-22-Sunday-c7e66-1-20:56:00
Blue,Blue-22-Sunday-c7e66-1-21:00:00
Blue,Blue-22-Sunday-c7e66-1-21:04:00
Blue,Blue-22-Sunday-c7e66-1-21:08:00
Blue,Blue-22-Sunday-c7e66-1-21:12:00
Blue,Blue-22-Sunday-c7e66-1-21:16:00
Blue,Blue-22-Sunday-c7e66-1-21:20:00
Blue,Blue-22-Sunday-c7e66-1-21:24:00
Blue,Blue-22-Sunday-c7e66-1-21:28:00
Blue,Blue-22-Sunday-c7e66-1-21:32:00
Blue,Blue-22-Sunday-c7e66-1-21:36:00
Blue,Blue-22-Sunday-c7e66-1-21:40:00
Blue,Blue-22-Sunday-c7e66-1-21:44:00
Blue,Blue-22-Sunday-c7e66-1-21:48:00
Blue,Blue-22-Sunday-c7e66-1-21:52:00
Blue,Blue-22-Sunday-c7e66-1-21:56:00
Blue,Blue-22-Sunday-c7e66-1-22:00:00
Blue,Blue-22-Sunday-c7e66-1-22:04:00
Blue,Blue-22-Sunday-c7e66-1-22:08:00
Blue,Blue-22-Sunday-c7e66-1-22:12:00
Blue,Blue-22-Sunday-c7e66-1-22:16:00
Blue,Blue-22-Sunday-c7e66-1-22:20:00
Blue,Blue-22-Sunday-c7e66-1-22:24:00
Blue,Blue-22-Sunday-c7e66-1-22:28:00
Blue,Blue-22-Sunday-c7e66-1-22:32:00
Blue,Blue-22-Sunday-c7e66-1-22:36:00
Blue,Blue-22-Sunday-c7e66-1-22:40:00
Blue,Blue-22-Sunday-c7e66-1-22:44:00
Blue,Blue-22-Sunday-c7e66-1-22:48:00
Blue,Blue-22-Sunday-c7e66-1-22:52:00
Blue,Blue-22-Sunday-c7e66-1-22:56:00
Blue,Blue-22-Sunday-c7e66-1-23:00:00
Blue,Blue-22-Sunday-c7e66-1-23:04:00
Blue,Blue-22-Sunday-c7e66-1-23:08:00
Blue,Blue-22-Sunday-c7e66-1-23:12:00
Blue,Blue-22-Sunday-c7e66-1-23:16:00
Blue,Blue-22-Sunday-c7e66-1-23:20:00
Blue,Blue-22-Sunday-c7e66-1-23:24:00
Blue,Blue-22-Sunday-c7e66-1-23:28:00
Blue,Blue-22-Sunday-c7e66-1-23:32:00
Blue,Blue-22-Sunday-c7e66-1-23:36:00
Blue,Blue-22-Sunday-c7e66-1-23:40:00
Blue,Blue-22-Sunday-c7e66-1-23:44:00
Blue,Blue-22-Sunday-c7e66-1-23:48:00
Blue,Blue-22-Sunday-c7e66-1-23:52:00
Blue,Blue-22-Sunday-c7e66-1-23:56:00
Blue,Blue-22-Sunday-c7e66-1-24:00:00
Blue,Blue-22-Sunday-c7e66-1-24:04:00
Blue,Blue-22-Sunday-c7e66-1-24:08:00
Blue,Blue-22-Sunday-c7e66-1-24:12:00
Blue,Blue-22-Sunday-c7e66-1-24:16:00
Blue,Blue-22-Sunday-c7e66-1-24:20:00
Blue,Blue-22-Sunday-c7e66-1-24:24:00
Blue,Blue-22-Sunday-c7e66-1-24:28:00
Blue,Blue-22-Sunday-c7e66-1-24:32:00
Blue,Blue-22-Sunday-c7e66-1-24:36:00
Blue,Blue-22-Sunday-c7e66-1-24:40:00
Blue,Blue-22-Sunday-c7e66-1-24:44:00
Blue,Blue-22-Sunday-c7e66-1-24:48:00
Blue,Blue-22-Sunday-c7e66-1-24:52:00
Blue,Blue-22-Saturday-c7e66-0-05:39:00
Blue,Blue-22-Saturday-c7e66-0-05:41:00
Blue,Blue-22-Saturday-c7e66-0-05:43:00
Blue,Blue-22-Saturday-c7e66-0-05:45:00
Blue,Blue-22-Saturday-c7e66-0-05:47:00
Blue,Blue-22-Saturday-c7e66-0-05:49:00
Blue,Blue-22-Saturday-c7e66-0-05:51:00
Blue,Blue-22-Saturday-c7e66-0-05:53:00
Blue,Blue-22-Saturday-c7e66-0-05:55:00
Blue,Blue-22-Saturday-c7e66-0-05:57:00
Blue,Blue-22-Saturday-c7e66-0-05:59:00
Blue,Blue-22-Saturday-c7e66-0-06:01:00
Blue,Blue-22-Saturday-c7e66-0-06:04:00
Blue,Blue-22-Saturday-c7e66-0-06:07:00
Blue,Blue-22-Saturday-c7e66-0-06:10:00
Blue,Blue-22-Saturday-c7e66-0-06:13:00
Blue,Blue-22-Saturday-c7e66-0-06:16:00
Blue,Blue-22-Saturday-c7e66-0-06:19:00
Blue,Blue-22-Saturday-c7e66-0-06:22:00
Blue,Blue-22-Saturday-c7e66-0-06:25:00
Blue,Blue-22-Saturday-c7e66-0-06:28:00
Blue,Blue-22-Saturday-c7e66-0-06:31:00
Blue,Blue-22-Saturday-c7e66-0-06:34:00
Blue,Blue-22-Saturday-c7e66-0-06:37:00
Blue,Blue-22-Saturday-c7e66-0-06:40:00
Blue,Blue-22-Saturday-c7e66-0-06:43:00
Blue,Blue-22-Saturday-c7e66-0-06:46:00
Blue,Blue-22-Saturday-c7e66-0-06:49:00
Blue,Blue-22-Saturday-c7e66-0-06:52:00
Blue,Blue-22-Saturday-c7e66-0-06:55:00
Blue,Blue-22-Saturday-c7e66-0-06:58:00
Blue,Blue-22-Saturday-c7e66-0-07:01:00
Blue,Blue-22-Saturday-c7e66-0-07:04:00
Blue,Blue-22-Saturday-c7e66-0-07:07:00
Blue,Blue-22-Saturday-c7e66-0-07:10:00
Blue,Blue-22-Saturday-c7e66-0-07:13:00
Blue,Blue-22-Saturday-c7e66-0-07:16:00
Blue,Blue-22-Saturday-c7e66-0-07:19:00
Blue,Blue-22-Saturday-c7e66-0-07:22:00
Blue,Blue-22-Saturday-c7e66-0-07:25:00
Blue,Blue-22-Saturday-c7e66-0-07:28:00
Blue,Blue-22-Saturday-c7e66-0-07:31:00
Blue,Blue-22-Saturday-c7e66-0-07:34:00
Blue,Blue-22-Saturday-c7e66-0-07:37:00
Blue,Blue-22-Saturday-c7e66-0-07:40:00
Blue,Blue-22-Saturday-c7e66-0-07:43:00
Blue,Blue-22-Saturday-c7e66-0-07:46:00
Blue,Blue-22-Saturday-c7e66-0-07:49:00
Blue,Blue-22-Saturday-c7e66-0-07:52:00
Blue,Blue-22-Saturday-c7e66-0-07:55:00
Blue,Blue-22-Saturday-c7e66-0-07:58:00
Blue,Blue-22-Saturday-c7e66-0-08:01:00
Blue,Blue-22-Saturday-c7e66-0-08:04:00
Blue,Blue-22-Saturday-c7e66-0-08:07:00
Blue,Blue-22-Saturday-c7e66-0-08:10:00
Blue,Blue-22-Saturday-c7e66-0-08:13:00
Blue,Blue-22-Saturday-c7e66-0-08:16:00
Blue,Blue-22-Saturday-c7e66-0-08:19:00
Blue,Blue-22-Saturday-c7e66-0-08:22:00
Blue,Blue-22-Saturday-c7e66-0-08:25:00
Blue,Blue-22-Saturday-c7e66-0-08:28:00
Blue,Blue-22-Saturday-c7e66-0-08:31:00
Blue,Blue-22-Saturday-c7e66-0-08:34:00
Blue,Blue-22-Saturday-c7e66-0-08:37:00
Blue,Blue-22-Saturday-c7e66-0-08:40:00
Blue,Blue-22-Saturday-c7e66-0-08:43:00
Blue,Blue-22-Saturday-c7e66-0-08:46:00
Blue,Blue-22-Saturday-c7e66-0-08:49:00
Blue,Blue-22-Saturday-c7e66-0-08:52:00
Blue,Blue-22-Saturday-c7e66-0-08:55:00
Blue,Blue-22-Saturday-c7e66-0-08:58:00
Blue,Blue-22-Saturday-c7e66-0-09:01:00
Blue,Blue-22-Saturday-c7e66-0-09:03:00
Blue,Blue-22-Saturday-c7e66-0-09:05:00
Blue,Blue-22-Saturday-c7e66-0-09:07:00
Blue,Blue-22-Saturday-c7e66-0-09:09:00
Blue,Blue-22-Saturday-c7e66-0-09:11:00
Blue,Blue-22-Saturday-c7e66-0-09:13:00
Blue,Blue-22-Saturday-c7e66-0-09:15:00
Blue,Blue-22-Saturday-c7e66-0-09:17:00
Blue,Blue-22-Saturday-c7e66-0-09:19:00
Blue,Blue-22-Saturday-c7e66-0-09:21:00
Blue,Blue-22-Saturday-c7e66-0-09:23:00
Blue,Blue-22-Saturday-c7e66-0-09:25:00
Blue,Blue-22-Saturday-c7e66-0-09:27:00
Blue,Blue-22-Saturday-c7e66-0-09:29:00
Blue,Blue-22-Saturday-c7e66-0-09:31:00
Blue,Blue-22-Saturday-c7e66-0-09:33:00
Blue,Blue-22-Saturday-c7e66-0-09:35:00
Blue,Blue-22-Saturday-c7e66-0-09:37:00
Blue,Blue-22-Saturday-c7e66-0-09:39:00
Blue,Blue-22-Saturday-c7e66-0-09:41:00
Blue,Blue-22-Saturday-c7e66-0-09:43:00
Blue,Blue-22-Saturday-c7e66-0-09:45:00
Blue,Blue-22-Saturday-c7e66-0-09:47:00
Blue,Blue-22-Saturday-c7e66-0-09:49:00
Blue,Blue-22-Saturday-c7e66-0-09:51:00
Blue,Blue-22-Saturday-c7e66-0-09:53:00
Blue,Blue-22-Saturday-c7e66-0-09:55:00
Blue,Blue-22-Saturday-c7e66-0-09:57:00
Blue,Blue-22-Saturday-c7e66-0-09:59:00
Blue,Blue-22-Saturday-c7e66-0-10:01:00
Blue,Blue-22-Saturday-c7e66-0-10:03:00
Blue,Blue-22-Saturday-c7e66-0-10:05:00
Blue,Blue-22-Saturday-c7e66-0-10:07:00
Blue,Blue-22-Saturday-c7e66-0-10:09:00
Blue,Blue-22-Saturday-c7e66-0-10:11:00
Blue,Blue-22-Saturday-c7e66-0-10:13:00
Blue,Blue-22-Saturday-c7e66-0-10:15:00
Blue,Blue-22-Saturday-c7e66-0-10:17:00
Blue,Blue-22-Saturday-c7e66-0-10:19:00
Blue,Blue-22-Saturday-c7e66-0-10:21:00
Blue,Blue-22-Saturday-c7e66-0-10:23:00
Blue,Blue-22-Saturday-c7e66-0-10:25:00
Blue,Blue-22-Saturday-c7e66-0-10:27:00
Blue,Blue-22-Saturday-c7e66-0-10:29:00
Blue,Blue-22-Saturday-c7e66-0-10:31:00
Blue,Blue-22-Saturday-c7e66-0-10:33:00
Blue,Blue-22-Saturday-c7e66-0-10:35:00
Blue,Blue-22-Saturday-c7e66-0-10:37:00
Blue,Blue-22-Saturday-c7e66-0-10:39:00
Blue,Blue-22-Saturday-c7e66-0-10:41:00
Blue,Blue-22-Saturday-c7e66-0-10:43:00
Blue,Blue-22-Saturday-c7e66-0-10:45:00
Blue,Blue-22-Saturday-c7e66-0-10:47:00
Blue,Blue-22-Saturday-c7e66-0-10:49:00
Blue,Blue-22-Saturday-c7e66-0-10:51:00
Blue,Blue-22-Saturday-c7e66-0-10:53:00
Blue,Blue-22-Saturday-c7e66-0-10:55:00
Blue,Blue-22-Saturday-c7e66-0-10:57:00
Blue,Blue-22-Saturday-c7e66-0-10:59:00
Blue,Blue-22-Saturday-c7e66-0-11:01:00
Blue,Blue-22-Saturday-c7e66-0-11:03:00
Blue,Blue-22-Saturday-c7e66-0-11:05:00
Blue,Blue-22-Saturday-c7e66-0-11:07:00
Blue,Blue-22-Saturday-c7e66-0-11:09:00
Blue,Blue-22-Saturday-c7e66-0-11:11:00
Blue,Blue-22-Saturday-c7e66-0-11:13:00
Blue,Blue-22-Saturday-c7e66-0-11:15:00
Blue,Blue-22-Saturday-c7e66-0-11:17:00
Blue,Blue-22-Saturday-c7e66-0-11:19:00
Blue,Blue-22-Saturday-c7e66-0-11:21:00
Blue,Blue-22-Saturday-c7e66-0-11:23:00
Blue,Blue-22-Saturday-c7e66-0-11:25:00
Blue,Blue-22-Saturday-c7e66-0-11:27:00
Blue,Blue-22-Saturday-c7e66-0-11:29:00
Blue,Blue-22-Saturday-c7e66-0-11:31:00
Blue,Blue-22-Saturday-c7e66-0-11:33:00
Blue,Blue-22-Saturday-c7e66-0-11:35:00
Blue,Blue-22-Saturday-c7e66-0-11:37:00
Blue,Blue-22-Saturday-c7e66-0-11:39:00
Blue,Blue-22-Saturday-c7e66-0-11:41:00
Blue,Blue-22-Saturday-c7e66-0-11:43:00
Blue,Blue-22-Saturday-c7e66-0-11:45:00
Blue,Blue-22-Saturday-c7e66-0-11:47:00
Blue,Blue-22-Saturday-c7e66-0-11:49:00
Blue,Blue-22-Saturday-c7e66-0-11:51:00
Blue,Blue-22-Saturday-c7e66-0-11:53:00
Blue,Blue-22-Saturday-c7e66-0-11:55:00
Blue,Blue-22-Saturday-c7e66-0-11:57:00
Blue,Blue-22-Saturday-c7e66-0-11:59:00
Blue,Blue-22-Saturday-c7e66-0-12:01:00
Blue,Blue-22-Saturday-c7e66-0-12:03:00
Blue,Blue-22-Saturday-c7e66-0-12:05:00
Blue,Blue-22-Saturday-c7e66-0-12:07:00
Blue,Blue-22-Saturday-c7e66-0-12:09:00
Blue,Blue-22-Saturday-c7e66-0-12:11:00
Blue,Blue-22-Saturday-c7e66-0-12:13:00
Blue,Blue-22-Saturday-c7e66-0-12:15:00
Blue,Blue-22-Saturday-c7e66-0-12:17:00
Blue,Blue-22-Saturday-c7e66-0-12:19:00
Blue,Blue-22-Saturday-c7e66-0-12:21:00
Blue,Blue-22-Saturday-c7e66-0-12:23:00
Blue,Blue-22-Saturday-c7e66-0-12:25:00
Blue,Blue-22-Saturday-c7e66-0-12:27:00
Blue,Blue-22-Saturday-c7e66-0-12:29:00
Blue,Blue-22-Saturday-c7e66-0-12:31:00
Blue,Blue-22-Saturday-c7e66-0-12:33:00
Blue,Blue-22-Saturday-c7e66-0-12:35:00
Blue,Blue-22-Saturday-c7e66-0-12:37:00
Blue,Blue-22-Saturday-c7e66-0-12:39:00
Blue,Blue-22-Saturday-c7e66-0-12:41:00
Blue,Blue-22-Saturday-c7e66-0-12:43:00
Blue,Blue-22-Saturday-c7e66-0-12:45:00
Blue,Blue-22-Saturday-c7e66-0-12:47:00
Blue,Blue-22-Saturday-c7e66-0-12:49:00
Blue,Blue-22-Saturday-c7e66-0-12:51:00
Blue,Blue-22-Saturday-c7e66-0-12:53:00
Blue,Blue-22-Saturday-c7e66-0-12:55:00
Blue,Blue-22-Saturday-c7e66-0-12:57:00
Blue,Blue-22-Saturday-c7e66-0-12:59:00
Blue,Blue-22-Saturday-c7e66-0-13:01:00
Blue,Blue-22-Saturday-c7e66-0-13:03:00
Blue,Blue-22-Saturday-c7e66-0-13:05:00
Blue,Blue-22-Saturday-c7e66-0-13:07:00
Blue,Blue-22-Saturday-c7e66-0-13:09:00
Blue,Blue-22-Saturday-c7e66-0-13:11:00
Blue,Blue-22-Saturday-c7e66-0-13:13:00
Blue,Blue-22-Saturday-c7e66-0-13:15:00
Blue,Blue-22-Saturday-c7e66-0-13:17:00
Blue,Blue-22-Saturday-c7e66-0-13:19:00
Blue,Blue-22-Saturday-c7e66-0-13:21:00
Blue,Blue-22-Saturday-c7e66-0-13:23:00
Blue,Blue-22-Saturday-c7e66-0-13:25:00
Blue,Blue-22-Saturday-c7e66-0-13:27:00
Blue,Blue-22-Saturday-c7e66-0-13:29:00
Blue,Blue-22-Saturday-c7e66-0-13:31:00
Blue,Blue-22-Saturday-c7e66-0-13:33:00
Blue,Blue-22-Saturday-c7e66-0-13:35:00
Blue,Blue-22-Saturday-c7e66-0-13:37:00
Blue,Blue-22-Saturday-c7e66-0-13:39:00
Blue,Blue-22-Saturday-c7e66-0-13:41:00
Blue,Blue-22-Saturday-c7e66-0-13:43:00
Blue,Blue-22-Saturday-c7e66-0-13:45:00
Blue,Blue-22-Saturday-c7e66-0-13:47:00
Blue,Blue-22-Saturday-c7e66-0-13:49:00
Blue,Blue-22-Saturday-c7e66-0-13:51:00
Blue,Blue-22-Saturday-c7e66-0-13:53:00
Blue,Blue-22-Saturday-c7e66-0-13:55:00
Blue,Blue-22-Saturday-c7e66-0-13:57:00
Blue,Blue-22-Saturday-c7e66-0-13:59:00
Blue,Blue-22-Saturday-c7e66-0-14:01:00
Blue,Blue-22-Saturday-c7e66-0-14:03:00
Blue,Blue-22-Saturday-c7e66-0-14:05:00
Blue,Blue-22-Saturday-c7e66-0-14:07:00
Blue,Blue-22-Saturday-c7e66-0-14:09:00
Blue,Blue-22-Saturday-c7e66-0-14:11:00
Blue,Blue-22-Saturday-c7e66-0-14:13:00
Blue,Blue-22-Saturday-c7e66-0-14:15:00
Blue,Blue-22-Saturday-c7e66-0-14:17:00
Blue,Blue-22-Saturday-c7e66-0-14:19:00
Blue,Blue-22-Saturday-c7e66-0-14:21:00
Blue,Blue-22-Saturday-c7e66-0-14:23:00
Blue,Blue-22-Saturday-c7e66-0-14:25:00
Blue,Blue-22-Saturday-c7e66-0-14:27:00
Blue,Blue-22-Saturday-c7e66-0-14:29:00
Blue,Blue-22-Saturday-c7e66-0-14:31:00
Blue,Blue-22-Saturday-c7e66-0-14:33:00
Blue,Blue-22-Saturday-c7e66-0-14:35:00
Blue,Blue-22-Saturday-c7e66-0-14:37:00
Blue,Blue-22-Saturday-c7e66-0-14:39:00
Blue,Blue-22-Saturday-c7e66-0-14:41:00
Blue,Blue-22-Saturday-c7e66-0-14:43:00
Blue,Blue-22-Saturday-c7e66-0-14:45:00
Blue,Blue-22-Saturday-c7e66-0-14:47:00
Blue,Blue-22-Saturday-c7e66-0-14:49:00
Blue,Blue-22-Saturday-c7e66-0-14:51:00
Blue,Blue-22-Saturday-c7e66-0-14:53:00
Blue,Blue-22-Saturday-c7e66-0-14:55:00
Blue,Blue-22-Saturday-c7e66-0-14:57:00
Blue,Blue-22-Saturday-c7e66-0-14:59:00
Blue,Blue-22-Saturday-c7e66-0-15:01:00
Blue,Blue-22-Saturday-c7e66-0-15:03:00
Blue,Blue-22-Saturday-c7e66-0-15:05:00
Blue,Blue-22-Saturday-c7e66-0-15:07:00
Blue,Blue-22-Saturday-c7e66-0-15:09:00
Blue,Blue-22-Saturday-c7e66-0-15:11:00
Blue,Blue-22-Saturday-c7e66-0-15:13:00
Blue,Blue-22-Saturday-c7e66-0-15:15:00
Blue,Blue-22-Saturday-c7e66-0-15:17:00
Blue,Blue-22-Saturday-c7e66-0-15:19:00
Blue,Blue-22-Saturday-c7e66-0-15:21:00
Blue,Blue-22-Saturday-c7e66-0-15:23:00
Blue,Blue-22-Saturday-c7e66-0-15:25:00
Blue,Blue-22-Saturday-c7e66-0-15:27:00
Blue,Blue-22-Saturday-c7e66-0-15:29:00
Blue,Blue-22-Saturday-c7e66-0-15:31:00
Blue,Blue-22-Saturday-c7e66-0-15:33:00
Blue,Blue-22-Saturday-c7e66-0-15:35:00
Blue,Blue-22-Saturday-c7e66-0-15:37:00
Blue,Blue-22-Saturday-c7e66-0-15:39:00
Blue,Blue-22-Saturday-c7e66-0-15:41:00
Blue,Blue-22-Saturday-c7e66-0-15:43:00
Blue,Blue-22-Saturday-c7e66-0-15:45:00
Blue,Blue-22-Saturday-c7e66-0-15:47:00
Blue,Blue-22-Saturday-c7e66-0-15:49:00
Blue,Blue-22-Saturday-c7e66-0-15:51:00
Blue,Blue-22-Saturday-c7e66-0-15:53:00
Blue,Blue-22-Saturday-c7e66-0-15:55:00
Blue,Blue-22-Saturday-c7e66-0-15:57:00
Blue,Blue-22-Saturday-c7e66-0-15:59:00
Blue,Blue-22-Saturday-c7e66-0-16:01:00
Blue,Blue-22-Saturday-c7e66-0-16:03:00
Blue,Blue-22-Saturday-c7e66-0-16:05:00
Blue,Blue-22-Saturday-c7e66-0-16:07:00
Blue,Blue-22-Saturday-c7e66-0-16:09:00
Blue,Blue-22-Saturday-c7e66-0-16:11:00
Blue,Blue-22-Saturday-c7e66-0-16:13:00
Blue,Blue-22-Saturday-c7e66-0-16:15:00
Blue,Blue-22-Saturday-c7e66-0-16:17:00
Blue,Blue-22-Saturday-c7e66-0-16:19:00
Blue,Blue-22-Saturday-c7e66-0-16:21:00
Blue,Blue-22-Saturday-c7e66-0-16:23:00
Blue,Blue-22-Saturday-c7e66-0-16:25:00
Blue,Blue-22-Saturday-c7e66-0-16:27:00
Blue,Blue-22-Saturday-c7e66-0-16:29:00
Blue,Blue-22-Saturday-c7e66-0-16:31:00
Blue,Blue-22-Saturday-c7e66-0-16:33:00
Blue,Blue-22-Saturday-c7e66-0-16:35:00
Blue,Blue-22-Saturday-c7e66-0-16:37:00
Blue,Blue-22-Saturday-c7e66-0-16:39:00
Blue,Blue-22-Saturday-c7e66-0-16:41:00
Blue,Blue-22-Saturday-c7e66-0-16:43:00
Blue,Blue-22-Saturday-c7e66-0-16:45:00
Blue,Blue-22-Saturday-c7e66-0-16:47:00
Blue,Blue-22-Saturday-c7e66-0-16:49:00
Blue,Blue-22-Saturday-c7e66-0-16:51:00
Blue,Blue-22-Saturday-c7e66-0-16:53:00
Blue,Blue-22-Saturday-c7e66-0-16:55:00
Blue,Blue-22-Saturday-c7e66-0-16:57:00
Blue,Blue-22-Saturday-c7e66-0-16:59:00
Blue,Blue-22-Saturday-c7e66-0-17:01:00
Blue,Blue-22-Saturday-c7e66-0-17:03:00
Blue,Blue-22-Saturday-c7e66-0-17:05:00
Blue,Blue-22-Saturday-c7e66-0-17:07:00
Blue,Blue-22-Saturday-c7e66-0-17:09:00
Blue,Blue-22-Saturday-c7e66-0-17:11:00
Blue,Blue-22-Saturday-c7e66-0-17:13:00
Blue,Blue-22-Saturday-c7e66-0-17:15:00
Blue,Blue-22-Saturday-c7e66-0-17:17:00
Blue,Blue-22-Saturday-c7e66-0-17:19:00
Blue,Blue-22-Saturday-c7e66-0-17:21:00
Blue,Blue-22-Saturday-c7e66-0-17:23:00
Blue,Blue-22-Saturday-c7e66-0-17:25:00
Blue,Blue-22-Saturday-c7e66-0-17:27:00
Blue,Blue-22-Saturday-c7e66-0-17:29:00
Blue,Blue-22-Saturday-c7e66-0-17:31:00
Blue,Blue-22-Saturday-c7e66-0-17:33:00
Blue,Blue-22-Saturday-c7e66-0-17:35:00
Blue,Blue-22-Saturday-c7e66-0-17:37:00
Blue,Blue-22-Saturday-c7e66-0-17:39:00
Blue,Blue-22-Saturday-c7e66-0-17:41:00
Blue,Blue-22-Saturday-c7e66-0-17:43:00
Blue,Blue-22-Saturday-c7e66-0-17:45:00
Blue,Blue-22-Saturday-c7e66-0-17:47:00
Blue,Blue-22-Saturday-c7e66-0-17:49:00
Blue,Blue-22-Saturday-c7e66-0-17:51:00
Blue,Blue-22-Saturday-c7e66-0-17:53:00
Blue,Blue-22-Saturday-c7e66-0-17:55:00
Blue,Blue-22-Saturday-c7e66-0-17:57:00
Blue,Blue-22-Saturday-c7e66-0-17:59:00
Blue,Blue-22-Saturday-c7e66-0-18:01:00
Blue,Blue-22-Saturday-c7e66-0-18:03:00
Blue,Blue-22-Saturday-c7e66-0-18:05:00
Blue,Blue-22-Saturday-c7e66-0-18:07:00
Blue,Blue-22-Saturday-c7e66-0-18:09:00
Blue,Blue-22-Saturday-c7e66-0-18:11:00
Blue,Blue-22-Saturday-c7e66-0-18:13:00
Blue,Blue-22-Saturday-c7e66-0-18:15:00
Blue,Blue-22-Saturday-c7e66-0-18:17:00
Blue,Blue-22-Saturday-c7e66-0-18:19:00
Blue,Blue-22-Saturday-c7e66-0-18:21:00
Blue,Blue-22-Saturday-c7e66-0-18:23:00
Blue,Blue-22-Saturday-c7e66-0-18:25:00
Blue,Blue-22-Saturday-c7e66-0-18:27:00
Blue,Blue-22-Saturday-c7e66-0-18:29:00
Blue,Blue-22-Saturday-c7e66-0-18:31:00
Blue,Blue-22-Saturday-c7e66-0-18:33:00
Blue,Blue-22-Saturday-c7e66-0-18:35:00
Blue,Blue-22-Saturday-c7e66-0-18:37:00
Blue,Blue-22-Saturday-c7e66-0-18:39:00
Blue,Blue-22-Saturday-c7e66-0-18:41:00
Blue,Blue-22-Saturday-c7e66-0-18:43:00
Blue,Blue-22-Saturday-c7e66-0-18:45:00
Blue,Blue-22-Saturday-c7e66-0-18:47:00
Blue,Blue-22-Saturday-c7e66-0-18:49:00
Blue,Blue-22-Saturday-c7e66-0-18:51:00
Blue,Blue-22-Saturday-c7e66-0-18:53:00
Blue,Blue-22-Saturday-c7e66-0-18:55:00
Blue,Blue-22-Saturday-c7e66-0-18:57:00
Blue,Blue-22-Saturday-c7e66-0-18:59:00
Blue,Blue-22-Saturday-c7e66-0-19:01:00
Blue,Blue-22-Saturday-c7e66-0-19:03:00
Blue,Blue-22-Saturday-c7e66-0-19:05:00
Blue,Blue-22-Saturday-c7e66-0-19:07:00
Blue,Blue-22-Saturday-c7e66-0-19:09:00
Blue,Blue-22-Saturday-c7e66-0-19:11:00
Blue,Blue-22-Saturday-c7e66-0-19:13:00
Blue,Blue-22-Saturday-c7e66-0-19:15:00
Blue,Blue-22-Saturday-c7e66-0-19:17:00
Blue,Blue-22-Saturday-c7e66-0-19:19:00
Blue,Blue-22-Saturday-c7e66-0-19:21:00
Blue,Blue-22-Saturday-c7e66-0-19:23:00
Blue,Blue-22-Saturday-c7e66-0-19:25:00
Blue,Blue-22-Saturday-c7e66-0-19:27:00
Blue,Blue-22-Saturday-c7e66-0-19:29:00
Blue,Blue-22-Saturday-c7e66-0-19:31:00
Blue,Blue-22-Saturday-c7e66-0-19:33:00
Blue,Blue-22-Saturday-c7e66-0-19:35:00
Blue,Blue-22-Saturday-c7e66-0-19:37:00
Blue,Blue-22-Saturday-c7e66-0-19:39:00
Blue,Blue-22-Saturday-c7e66-0-19:41:00
Blue,Blue-22-Saturday-c7e66-0-19:43:00
Blue,Blue-22-Saturday-c7e66-0-19:45:00
Blue,Blue-22-Saturday-c7e66-0-19:47:00
Blue,Blue-22-Saturday-c7e66-0-19:49:00
Blue,Blue-22-Saturday-c7e66-0-19:51:00
Blue,Blue-22-Saturday-c7e66-0-19:53:00
Blue,Blue-22-Saturday-c7e66-0-19:55:00
Blue,Blue-22-Saturday-c7e66-0-19:57:00
Blue,Blue-22-Saturday-c7e66-0-19:59:00
Blue,Blue-22-Saturday-c7e66-0-20:01:00
Blue,Blue-22-Saturday-c7e66-0-20:03:00
Blue,Blue-22-Saturday-c7e66-0-20:05:00
Blue,Blue-22-Saturday-c7e66-0-20:07:00
Blue,Blue-22-Saturday-c7e66-0-20:09:00
Blue,Blue-22-Saturday-c7e66-0-20:11:00
Blue,Blue-22-Saturday-c7e66-0-20:13:00
Blue,Blue-22-Saturday-c7e66-0-20:15:00
Blue,Blue-22-Saturday-c7e66-0-20:17:00
Blue,Blue-22-Saturday-c7e66-0-20:19:00
Blue,Blue-22-Saturday-c7e66-0-20:21:00
Blue,Blue-22-Saturday-c7e66-0-20:23:00
Blue,Blue-22-Saturday-c7e66-0-20:25:00
Blue,Blue-22-Saturday-c7e66-0-20:27:00
Blue,Blue-22-Saturday-c7e66-0-20:29:00
Blue,Blue-22-Saturday-c7e66-0-20:31:00
Blue,Blue-22-Saturday-c7e66-0-20:33:00
Blue,Blue-22-Saturday-c7e66-0-20:35:00
Blue,Blue-22-Saturday-c7e66-0-20:37:00
Blue,Blue-22-Saturday-c7e66-0-20:39:00
Blue,Blue-22-Saturday-c7e66-0-20:41:00
Blue,Blue-22-Saturday-c7e66-0-20:43:00
Blue,Blue-22-Saturday-c7e66-0-20:45:00
Blue,Blue-22-Saturday-c7e66-0-20:47:00
Blue,Blue-22-Saturday-c7e66-0-20:49:00
Blue,Blue-22-Saturday-c7e66-0-20:51:00
Blue,Blue-22-Saturday-c7e66-0-20:53:00
Blue,Blue-22-Saturday-c7e66-0-20:55:00
Blue,Blue-22-Saturday-c7e66-0-20:57:00
Blue,Blue-22-Saturday-c7e66-0-20:59:00
Blue,Blue-22-Saturday-c7e66-0-21:01:00
Blue,Blue-22-Saturday-c7e66-0-21:03:00
Blue,Blue-22-Saturday-c7e66-0-21:05:00
Blue,Blue-22-Saturday-c7e66-0-21:07:00
Blue,Blue-22-Saturday-c7e66-0-21:09:00
Blue,Blue-22-Saturday-c7e66-0-21:11:00
Blue,Blue-22-Saturday-c7e66-0-21:13:00
Blue,Blue-22-Saturday-c7e66-0-21:15:00
Blue,Blue-22-Saturday-c7e66-0-21:17:00
Blue,Blue-22-Saturday-c7e66-0-21:19:00
Blue,Blue-22-Saturday-c7e66-0-21:21:00
Blue,Blue-22-Saturday-c7e66-0-21:23:00
Blue,Blue-22-Saturday-c7e66-0-21:25:00
Blue,Blue-22-Saturday-c7e66-0-21:27:00
Blue,Blue-22-Saturday-c7e66-0-21:29:00
Blue,Blue-22-Saturday-c7e66-0-21:31:00
Blue,Blue-22-Saturday-c7e66-0-21:33:00
Blue,Blue-22-Saturday-c7e66-0-21:35:00
Blue,Blue-22-Saturday-c7e66-0-21:37:00
Blue,Blue-22-Saturday-c7e66-0-21:39:00
Blue,Blue-22-Saturday-c7e66-0-21:41:00
Blue,Blue-22-Saturday-c7e66-0-21:43:00
Blue,Blue-22-Saturday-c7e66-0-21:45:00
Blue,Blue-22-Saturday-c7e66-0-21:47:00
Blue,Blue-22-Saturday-c7e66-0-21:49:00
Blue,Blue-22-Saturday-c7e66-0-21:51:00
Blue,Blue-22-Saturday-c7e66-0-21:53:00
Blue,Blue-22-Saturday-c7e66-0-21:55:00
Blue,Blue-22-Saturday-c7e66-0-21:57:00
Blue,Blue-22-Saturday-c7e66-0-21:59:00
Blue,Blue-22-Saturday-c7e66-0-22:01:00
Blue,Blue-22-Saturday-c7e66-0-22:03:00
Blue,Blue-22-Saturday-c7e66-0-22:05:00
Blue,Blue-22-Saturday-c7e66-0-22:07:00
Blue,Blue-22-Saturday-c7e66-0-22:09:00
Blue,Blue-22-Saturday-c7e66-0-22:11:00
Blue,Blue-22-Saturday-c7e66-0-22:13:00
Blue,Blue-22-Saturday-c7e66-0-22:15:00
Blue,Blue-22-Saturday-c7e66-0-22:17:00
Blue,Blue-22-Saturday-c7e66-0-22:19:00
Blue,Blue-22-Saturday-c7e66-0-22:21:00
Blue,Blue-22-Saturday-c7e66-0-22:23:00
Blue,Blue-22-Saturday-c7e66-0-22:25:00
Blue,Blue-22-Saturday-c7e66-0-22:27:00
Blue,Blue-22-Saturday-c7e66-0-22:29:00
Blue,Blue-22-Saturday-c7e66-0-22:31:00
Blue,Blue-22-Saturday-c7e66-0-22:33:00
Blue,Blue-22-Saturday-c7e66-0-22:35:00
Blue,Blue-22-Saturday-c7e66-0-22:37:00
Blue,Blue-22-Saturday-c7e66-0-22:39:00
Blue,Blue-22-Saturday-c7e66-0-22:41:00
Blue,Blue-22-Saturday-c7e66-0-22:43:00
Blue,Blue-22-Saturday-c7e66-0-22:45:00
Blue,Blue-22-Saturday-c7e66-0-22:47:00
Blue,Blue-22-Saturday-c7e66-0-22:49:00
Blue,Blue-22-Saturday-c7e66-0-22:51:00
Blue,Blue-22-Saturday-c7e66-0-22:53:00
Blue,Blue-22-Saturday-c7e66-0-22:55:00
Blue,Blue-22-Saturday-c7e66-0-22:57:00
Blue,Blue-22-Saturday-c7e66-0-22:59:00
Blue,Blue-22-Saturday-c7e66-0-23:01:00
Blue,Blue-22-Saturday-c7e66-0-23:03:00
Blue,Blue-22-Saturday-c7e66-0-23:05:00
Blue,Blue-22-Saturday-c7e66-0-23:07:00
Blue,Blue-22-Saturday-c7e66-0-23:09:00
Blue,Blue-22-Saturday-c7e66-0-23:11:00
Blue,Blue-22-Saturday-c7e66-0-23:13:00
Blue,Blue-22-Saturday-c7e66-0-23:15:00
Blue,Blue-22-Saturday-c7e66-0-23:17:00
Blue,Blue-22-Saturday-c7e66-0-23:19:00
Blue,Blue-22-Saturday-c7e66-0-23:21:00
Blue,Blue-22-Saturday-c7e66-0-23:23:00
Blue,Blue-22-Saturday-c7e66-0-23:25:00
Blue,Blue-22-Saturday-c7e66-0-23:27:00
Blue,Blue-22-Saturday-c7e66-0-23:29:00
Blue,Blue-22-Saturday-c7e66-0-23:31:00
Blue,Blue-22-Saturday-c7e66-0-23:33:00
Blue,Blue-22-Saturday-c7e66-0-23:35:00
Blue,Blue-22-Saturday-c7e66-0-23:37:00
Blue,Blue-22-Saturday-c7e66-0-23:39:00
Blue,Blue-22-Saturday-c7e66-0-23:41:00
Blue,Blue-22-Saturday-c7e66-0-23:43:00
Blue,Blue-22-Saturday-c7e66-0-23:45:00
Blue,Blue-22-Saturday-c7e66-0-23:47:00
Blue,Blue-22-Saturday-c7e66-0-23:49:00
Blue,Blue-22-Saturday-c7e66-0-23:51:00
Blue,Blue-22-Saturday-c7e66-0-23:53:00
Blue,Blue-22-Saturday-c7e66-0-23:55:00
Blue,Blue-22-Saturday-c7e66-0-23:57:00
Blue,Blue-22-Saturday-c7e66-0-23:59:00
Blue,Blue-22-Saturday-c7e66-0-24:01:00
Blue,Blue-22-Saturday-c7e66-0-24:03:00
Blue,Blue-22-Saturday-c7e66-0-24:05:00
Blue,Blue-22-Saturday-c7e66-0-24:07:00
Blue,Blue-22-Saturday-c7e66-0-24:09:00
Blue,Blue-22-Saturday-c7e66-0-24:11:00
Blue,Blue-22-Saturday-c7e66-0-24:13:00
Blue,Blue-22-Saturday-c7e66-0-24:15:00
Blue,Blue-22-Saturday-c7e66-0-24:17:00
Blue,Blue-22-Saturday-c7e66-0-24:19:00
Blue,Blue-22-Saturday-c7e66-0-24:21:00
Blue,Blue-22-Saturday-c7e66-0-24:23:00
Blue,Blue-22-Saturday-c7e66-0-24:25:00
Blue,Blue-22-Saturday-c7e66-0-24:27:00
Blue,Blue-22-Saturday-c7e66-0-24:29:00
Blue,Blue-22-Saturday-c7e66-0-24:31:00
Blue,Blue-22-Saturday-c7e66-0-24:33:00
Blue,Blue-22-Saturday-c7e66-0-24:35:00
Blue,Blue-22-Saturday-c7e66-0-24:37:00
Blue,Blue-22-Saturday-c7e66-0-24:39:00
Blue,Blue-22-Saturday-c7e66-0-24:41:00
Blue,Blue-22-Saturday-c7e66-0-24:43:00
Blue,Blue-22-Saturday-c7e66-0-24:45:00
Blue,Blue-22-Saturday-c7e66-0-24:47:00
Blue,Blue-22-Saturday-c7e66-0-24:49:00
Blue,Blue-22-Saturday-c7e66-0-24:51:00
Blue,Blue-22-Saturday-c7e66-0-24:53:00
Blue,Blue-22-Saturday-c7e66-0-24:55:00
Blue,Blue-22-Saturday-c7e66-0-24:57:00
Blue,Blue-22-Saturday-c7e66-0-24:59:00
Blue,Blue-22-Saturday-c7e66-0-25:01:00
Blue,Blue-22-Saturday-c7e66-0-25:03:00
Blue,Blue-22-Saturday-c7e66-0-25:05:00
Blue,Blue-22-Saturday-c7e66-0-25:07:00
Blue,Blue-22-Saturday-c7e66-0-25:09:00
Blue,Blue-22-Saturday-c7e66-0-25:11:00
Blue,Blue-22-Saturday-c7e66-0-25:13:00
Blue,Blue-22-Saturday-c7e66-0-25:15:00
Blue,Blue-22-Saturday-c7e66-0-25:17:00
Blue,Blue-22-Saturday-c7e66-0-25:19:00
Blue,Blue-22-Saturday-c7e66-0-25:21:00
Blue,Blue-22-Saturday-c7e66-0-25:23:00
Blue,Blue-22-Saturday-c7e66-0-25:25:00
Blue,Blue-22-Saturday-c7e66-0-25:27:00
Blue,Blue-22-Saturday-c7e66-0-25:29:00
Blue,Blue-22-Saturday-c7e66-0-25:31:00
Blue,Blue-22-Saturday-c7e66-0-25:33:00
Blue,Blue-22-Saturday-c7e66-0-25:35:00
Blue,Blue-22-Saturday-c7e66-0-25:37:00
Blue,Blue-22-Saturday-c7e66-0-25:38:00
Blue,Blue-22-Saturday-c7e66-1-05:19:00
Blue,Blue-22-Saturday-c7e66-1-05:21:00
Blue,Blue-22-Saturday-c7e66-1-05:23:00
Blue,Blue-22-Saturday-c7e66-1-05:25:00
Blue,Blue-22-Saturday-c7e66-1-05:27:00
Blue,Blue-22-Saturday-c7e66-1-05:29:00
Blue,Blue-22-Saturday-c7e66-1-05:31:00
Blue,Blue-22-Saturday-c7e66-1-05:33:00
Blue,Blue-22-Saturday-c7e66-1-05:35:00
Blue,Blue-22-Saturday-c7e66-1-05:37:00
Blue,Blue-22-Saturday-c7e66-1-05:39:00
Blue,Blue-22-Saturday-c7e66-1-05:41:00
Blue,Blue-22-Saturday-c7e66-1-05:43:00
Blue,Blue-22-Saturday-c7e66-1-05:45:00
Blue,Blue-22-Saturday-c7e66-1-05:47:00
Blue,Blue-22-Saturday-c7e66-1-05:49:00
Blue,Blue-22-Saturday-c7e66-1-05:51:00
Blue,Blue-22-Saturday-c7e66-1-05:53:00
Blue,Blue-22-Saturday-c7e66-1-05:55:00
Blue,Blue-22-Saturday-c7e66-1-05:57:00
Blue,Blue-22-Saturday-c7e66-1-05:59:00
Blue,Blue-22-Saturday-c7e66-1-06:01:00
Blue,Blue-22-Saturday-c7e66-1-06:04:00
Blue,Blue-22-Saturday-c7e66-1-06:07:00
Blue,Blue-22-Saturday-c7e66-1-06:10:00
Blue,Blue-22-Saturday-c7e66-1-06:13:00
Blue,Blue-22-Saturday-c7e66-1-06:16:00
Blue,Blue-22-Saturday-c7e66-1-06:19:00
Blue,Blue-22-Saturday-c7e66-1-06:22:00
Blue,Blue-22-Saturday-c7e66-1-06:25:00
Blue,Blue-22-Saturday-c7e66-1-06:28:00
Blue,Blue-22-Saturday-c7e66-1-06:31:00
Blue,Blue-22-Saturday-c7e66-1-06:34:00
Blue,Blue-22-Saturday-c7e66-1-06:37:00
Blue,Blue-22-Saturday-c7e66-1-06:40:00
Blue,Blue-22-Saturday-c7e66-1-06:43:00
Blue,Blue-22-Saturday-c7e66-1-06:46:00
Blue,Blue-22-Saturday-c7e66-1-06:49:00
Blue,Blue-22-Saturday-c7e66-1-06:52:00
Blue,Blue-22-Saturday-c7e66-1-06:55:00
Blue,Blue-22-Saturday-c7e66-1-06:58:00
Blue,Blue-22-Saturday-c7e66-1-07:01:00
Blue,Blue-22-Saturday-c7e66-1-07:04:00
Blue,Blue-22-Saturday-c7e66-1-07:07:00
Blue,Blue-22-Saturday-c7e66-1-07:10:00
Blue,Blue-22-Saturday-c7e66-1-07:13:00
Blue,Blue-22-Saturday-c7e66-1-07:16:00
Blue,Blue-22-Saturday-c7e66-1-07:19:00
Blue,Blue-22-Saturday-c7e66-1-07:22:00
Blue,Blue-22-Saturday-c7e66-1-07:25:00
Blue,Blue-22-Saturday-c7e66-1-07:28:00
Blue,Blue-22-Saturday-c7e66-1-07:31:00
Blue,Blue-22-Saturday-c7e66-1-07:34:00
Blue,Blue-22-Saturday-c7e66-1-07:37:00
Blue,Blue-22-Saturday-c7e66-1-07:40:00
Blue,Blue-22-Saturday-c7e66-1-07:43:00
Blue,Blue-22-Saturday-c7e66-1-07:46:00
Blue,Blue-22-Saturday-c7e66-1-07:49:00
Blue,Blue-22-Saturday-c7e66-1-07:52:00
Blue,Blue-22-Saturday-c7e66-1-07:55:00
Blue,Blue-22-Saturday-c7e66-1-07:58:00
Blue,Blue-22-Saturday-c7e66-1-08:01:00
Blue,Blue-22-Saturday-c7e66-1-08:04:00
Blue,Blue-22-Saturday-c7e66-1-08:07:00
Blue,Blue-22-Saturday-c7e66-1-08:10:00
Blue,Blue-22-Saturday-c7e66-1-08:13:00
Blue,Blue-22-Saturday-c7e66-1-08:16:00
Blue,Blue-22-Saturday-c7e66-1-08:19:00
Blue,Blue-22-Saturday-c7e66-1-08:22:00
Blue,Blue-22-Saturday-c7e66-1-08:25:00
Blue,Blue-22-Saturday-c7e66-1-08:28:00
Blue,Blue-22-Saturday-c7e66-1-08:31:00
Blue,Blue-22-Saturday-c7e66-1-08:34:00
Blue,Blue-22-Saturday-c7e66-1-08:37:00
Blue,Blue-22-Saturday-c7e66-1-08:40:00
Blue,Blue-22-Saturday-c7e66-1-08:43:00
Blue,Blue-22-Saturday-c7e66-1-08:46:00
Blue,Blue-22-Saturday-c7e66-1-08:49:00
Blue,Blue-22-Saturday-c7e66-1-08:52:00
Blue,Blue-22-Saturday-c7e66-1-08:55:00
Blue,Blue-22-Saturday-c7e66-1-08:58:00
Blue,Blue-22-Saturday-c7e66-1-09:01:00
Blue,Blue-22-Saturday-c7e66-1-09:03:00
Blue,Blue-22-Saturday-c7e66-1-09:05:00
Blue,Blue-22-Saturday-c7e66-1-09:07:00
Blue,Blue-22-Saturday-c7e66-1-09:09:00
Blue,Blue-22-Saturday-c7e66-1-09:11:00
Blue,Blue-22-Saturday-c7e66-1-09:13:00
Blue,Blue-22-Saturday-c7e66-1-09:15:00
Blue,Blue-22-Saturday-c7e66-1-09:17:00
Blue,Blue-22-Saturday-c7e66-1-09:19:00
Blue,Blue-22-Saturday-c7e66-1-09:21:00
Blue,Blue-22-Saturday-c7e66-1-09:23:00
Blue,Blue-22-Saturday-c7e66-1-09:25:00
Blue,Blue-22-Saturday-c7e66-1-09:27:00
Blue,Blue-22-Saturday-c7e66-1-09:29:00
Blue,Blue-22-Saturday-c7e66-1-09:31:00
Blue,Blue-22-Saturday-c7e66-1-09:33:00
Blue,Blue-22-Saturday-c7e66-1-09:35:00
Blue,Blue-22-Saturday-c7e66-1-09:37:00
Blue,Blue-22-Saturday-c7e66-1-09:39:00
Blue,Blue-22-Saturday-c7e66-1-09:41:00
Blue,Blue-22-Saturday-c7e66-1-09:43:00
Blue,Blue-22-Saturday-c7e66-1-09:45:00
Blue,Blue-22-Saturday-c7e66-1-09:47:00
Blue,Blue-22-Saturday-c7e66-1-09:49:00
Blue,Blue-22-Saturday-c7e66-1-09:51:00
Blue,Blue-22-Saturday-c7e66-1-09:53:00
Blue,Blue-22-Saturday-c7e66-1-09:55:00
Blue,Blue-22-Saturday-c7e66-1-09:57:00
Blue,Blue-22-Saturday-c7e66-1-09:59:00
Blue,Blue-22-Saturday-c7e66-1-10:01:00
Blue,Blue-22-Saturday-c7e66-1-10:03:00
Blue,Blue-22-Saturday-c7e66-1-10:05:00
Blue,Blue-22-Saturday-c7e66-1-10:07:00
Blue,Blue-22-Saturday-c7e66-1-10:09:00
Blue,Blue-22-Saturday-c7e66-1-10:11:00
Blue,Blue-22-Saturday-c7e66-1-10:13:00
Blue,Blue-22-Saturday-c7e66-1-10:15:00
Blue,Blue-22-Saturday-c7e66-1-10:17:00
Blue,Blue-22-Saturday-c7e66-1-10:19:00
Blue,Blue-22-Saturday-c7e66-1-10:21:00
Blue,Blue-22-Saturday-c7e66-1-10:23:00
Blue,Blue-22-Saturday-c7e66-1-10:25:00
Blue,Blue-22-Saturday-c7e66-1-10:27:00
Blue,Blue-22-Saturday-c7e66-1-10:29:00
Blue,Blue-22-Saturday-c7e66-1-10:31:00
Blue,Blue-22-Saturday-c7e66-1-10:33:00
Blue,Blue-22-Saturday-c7e66-1-10:35:00
Blue,Blue-22-Saturday-c7e66-1-10:37:00
Blue,Blue-22-Saturday-c7e66-1-10:39:00
Blue,Blue-22-Saturday-c7e66-1-10:41:00
Blue,Blue-22-Saturday-c7e66-1-10:43:00
Blue,Blue-22-Saturday-c7e66-1-10:45:00
Blue,Blue-22-Saturday-c7e66-1-10:47:00
Blue,Blue-22-Saturday-c7e66-1-10:49:00
Blue,Blue-22-Saturday-c7e66-1-10:51:00
Blue,Blue-22-Saturday-c7e66-1-10:53:00
Blue,Blue-22-Saturday-c7e66-1-10:55:00
Blue,Blue-22-Saturday-c7e66-1-10:57:00
Blue,Blue-22-Saturday-c7e66-1-10:59:00
Blue,Blue-22-Saturday-c7e66-1-11:01:00
Blue,Blue-22-Saturday-c7e66-1-11:03:00
Blue,Blue-22-Saturday-c7e66-1-11:05:00
Blue,Blue-22-Saturday-c7e66-1-11:07:00
Blue,Blue-22-Saturday-c7e66-1-11:09:00
Blue,Blue-22-Saturday-c7e66-1-11:11:00
Blue,Blue-22-Saturday-c7e66-1-11:13:00
Blue,Blue-22-Saturday-c7e66-1-11:15:00
Blue,Blue-22-Saturday-c7e66-1-11:17:00
Blue,Blue-22-Saturday-c7e66-1-11:19:00
Blue,Blue-22-Saturday-c7e66-1-11:21:00
Blue,Blue-22-Saturday-c7e66-1-11:23:00
Blue,Blue-22-Saturday-c7e66-1-11:25:00
Blue,Blue-22-Saturday-c7e66-1-11:27:00
Blue,Blue-22-Saturday-c7e66-1-11:29:00
Blue,Blue-22-Saturday-c7e66-1-11:31:00
Blue,Blue-22-Saturday-c7e66-1-11:33:00
Blue,Blue-22-Saturday-c7e66-1-11:35:00
Blue,Blue-22-Saturday-c7e66-1-11:37:00
Blue,Blue-22-Saturday-c7e66-1-11:39:00
Blue,Blue-22-Saturday-c7e66-1-11:41:00
Blue,Blue-22-Saturday-c7e66-1-11:43:00
Blue,Blue-22-Saturday-c7e66-1-11:45:00
Blue,Blue-22-Saturday-c7e66-1-11:47:00
Blue,Blue-22-Saturday-c7e66-1-11:49:00
Blue,Blue-22-Saturday-c7e66-1-11:51:00
Blue,Blue-22-Saturday-c7e66-1-11:53:00
Blue,Blue-22-Saturday-c7e66-1-11:55:00
Blue,Blue-22-Saturday-c7e66-1-11:57:00
Blue,Blue-22-Saturday-c7e66-1-11:59:00
Blue,Blue-22-Saturday-c7e66-1-12:01:00
Blue,Blue-22-Saturday-c7e66-1-12:03:00
Blue,Blue-22-Saturday-c7e66-1-12:05:00
Blue,Blue-22-Saturday-c7e66-1-12:07:00
Blue,Blue-22-Saturday-c7e66-1-12:09:00
Blue,Blue-22-Saturday-c7e66-1-12:11:00
Blue,Blue-22-Saturday-c7e66-1-12:13:00
Blue,Blue-22-Saturday-c7e66-1-12:15:00
Blue,Blue-22-Saturday-c7e66-1-12:17:00
Blue,Blue-22-Saturday-c7e66-1-12:19:00
Blue,Blue-22-Saturday-c7e66-1-12:21:00
Blue,Blue-22-Saturday-c7e66-1-12:23:00
Blue,Blue-22-Saturday-c7e66-1-12:25:00
Blue,Blue-22-Saturday-c7e66-1-12:27:00
Blue,Blue-22-Saturday-c7e66-1-12:29:00
Blue,Blue-22-Saturday-c7e66-1-12:31:00
Blue,Blue-22-Saturday-c7e66-1-12:33:00
Blue,Blue-22-Saturday-c7e66-1-12:35:00
Blue,Blue-22-Saturday-c7e66-1-12:37:00
Blue,Blue-22-Saturday-c7e66-1-12:39:00
Blue,Blue-22-Saturday-c7e66-1-12:41:00
Blue,Blue-22-Saturday-c7e66-1-12:43:00
Blue,Blue-22-Saturday-c7e66-1-12:45:00
Blue,Blue-22-Saturday-c7e66-1-12:47:00
Blue,Blue-22-Saturday-c7e66-1-12:49:00
Blue,Blue-22-Saturday-c7e66-1-12:51:00
Blue,Blue-22-Saturday-c7e66-1-12:53:00
Blue,Blue-22-Saturday-c7e66-1-12:55:00
Blue,Blue-22-Saturday-c7e66-1-12:57:00
Blue,Blue-22-Saturday-c7e66-1-12:59:00
Blue,Blue-22-Saturday-c7e66-1-13:01:00
Blue,Blue-22-Saturday-c7e66-1-13:03:00
Blue,Blue-22-Saturday-c7e66-1-13:05:00
Blue,Blue-22-Saturday-c7e66-1-13:07:00
Blue,Blue-22-Saturday-c7e66-1-13:09:00
Blue,Blue-22-Saturday-c7e66-1-13:11:00
Blue,Blue-22-Saturday-c7e66-1-13:13:00
Blue,Blue-22-Saturday-c7e66-1-13:15:00
Blue,Blue-22-Saturday-c7e66-1-13:17:00
Blue,Blue-22-Saturday-c7e66-1-13:19:00
Blue,Blue-22-Saturday-c7e66-1-13:21:00
Blue,Blue-22-Saturday-c7e66-1-13:23:00
Blue,Blue-22-Saturday-c7e66-1-13:25:00
Blue,Blue-22-Saturday-c7e66-1-13:27:00
Blue,Blue-22-Saturday-c7e66-1-13:29:00
Blue,Blue-22-Saturday-c7e66-1-13:31:00
Blue,Blue-22-Saturday-c7e66-1-13:33:00
Blue,Blue-22-Saturday-c7e66-1-13:35:00
Blue,Blue-22-Saturday-c7e66-1-13:37:00
Blue,Blue-22-Saturday-c7e66-1-13:39:00
Blue,Blue-22-Saturday-c7e66-1-13:41:00
Blue,Blue-22-Saturday-c7e66-1-13:43:00
Blue,Blue-22-Saturday-c7e66-1-13:45:00
Blue,Blue-22-Saturday-c7e66-1-13:47:00
Blue,Blue-22-Saturday-c7e66-1-13:49:00
Blue,Blue-22-Saturday-c7e66-1-13:51:00
Blue,Blue-22-Saturday-c7e66-1-13:53:00
Blue,Blue-22-Saturday-c7e66-1-13:55:00
Blue,Blue-22-Saturday-c7e66-1-13:57:00
Blue,Blue-22-Saturday-c7e66-1-13:59:00
Blue,Blue-22-Saturday-c7e66-1-14:01:00
Blue,Blue-22-Saturday-c7e66-1-14:03:00
Blue,Blue-22-Saturday-c7e66-1-14:05:00
Blue,Blue-22-Saturday-c7e66-1-14:07:00
Blue,Blue-22-Saturday-c7e66-1-14:09:00
Blue,Blue-22-Saturday-c7e66-1-14:11:00
Blue,Blue-22-Saturday-c7e66-1-14:13:00
Blue,Blue-22-Saturday-c7e66-1-14:15:00
Blue,Blue-22-Saturday-c7e66-1-14:17:00
Blue,Blue-22-Saturday-c7e66-1-14:19:00
Blue,Blue-22-Saturday-c7e66-1-14:21:00
Blue,Blue-22-Saturday-c7e66-1-14:23:00
Blue,Blue-22-Saturday-c7e66-1-14:25:00
Blue,Blue-22-Saturday-c7e66-1-14:27:00
Blue,Blue-22-Saturday-c7e66-1-14:29:00
Blue,Blue-22-Saturday-c7e66-1-14:31:00
Blue,Blue-22-Saturday-c7e66-1-14:33:00
Blue,Blue-22-Saturday-c7e66-1-14:35:00
Blue,Blue-22-Saturday-c7e66-1-14:37:00
Blue,Blue-22-Saturday-c7e66-1-14:39:00
Blue,Blue-22-Saturday-c7e66-1-14:41:00
Blue,Blue-22-Saturday-c7e66-1-14:43:00
Blue,Blue-22-Saturday-c7e66-1-14:45:00
Blue,Blue-22-Saturday-c7e66-1-14:47:00
Blue,Blue-22-Saturday-c7e66-1-14:49:00
Blue,Blue-22-Saturday-c7e66-1-14:51:00
Blue,Blue-22-Saturday-c7e66-1-14:53:00
Blue,Blue-22-Saturday-c7e66-1-14:55:00
Blue,Blue-22-Saturday-c7e66-1-14:57:00
Blue,Blue-22-Saturday-c7e66-1-14:59:00
Blue,Blue-22-Saturday-c7e66-1-15:01:00
Blue,Blue-22-Saturday-c7e66-1-15:03:00
Blue,Blue-22-Saturday-c7e66-1-15:05:00
Blue,Blue-22-Saturday-c7e66-1-15:07:00
Blue,Blue-22-Saturday-c7e66-1-15:09:00
Blue,Blue-22-Saturday-c7e66-1-15:11:00
Blue,Blue-22-Saturday-c7e66-1-15:13:00
Blue,Blue-22-Saturday-c7e66-1-15:15:00
Blue,Blue-22-Saturday-c7e66-1-15:17:00
Blue,Blue-22-Saturday-c7e66-1-15:19:00
Blue,Blue-22-Saturday-c7e66-1-15:21:00
Blue,Blue-22-Saturday-c7e66-1-15:23:00
Blue,Blue-22-Saturday-c7e66-1-15:25:00
Blue,Blue-22-Saturday-c7e66-1-15:27:00
Blue,Blue-22-Saturday-c7e66-1-15:29:00
Blue,Blue-22-Saturday-c7e66-1-15:31:00
Blue,Blue-22-Saturday-c7e66-1-15:33:00
Blue,Blue-22-Saturday-c7e66-1-15:35:00
Blue,Blue-22-Saturday-c7e66-1-15:37:00
Blue,Blue-22-Saturday-c7e66-1-15:39:00
Blue,Blue-22-Saturday-c7e66-1-15:41:00
Blue,Blue-22-Saturday-c7e66-1-15:43:00
Blue,Blue-22-Saturday-c7e66-1-15:45:00
Blue,Blue-22-Saturday-c7e66-1-15:47:00
Blue,Blue-22-Saturday-c7e66-1-15:49:00
Blue,Blue-22-Saturday-c7e66-1-15:51:00
Blue,Blue-22-Saturday-c7e66-1-15:53:00
Blue,Blue-22-Saturday-c7e66-1-15:55:00
Blue,Blue-22-Saturday-c7e66-1-15:57:00
Blue,Blue-22-Saturday-c7e66-1-15:59:00
Blue,Blue-22-Saturday-c7e66-1-16:01:00
Blue,Blue-22-Saturday-c7e66-1-16:03:00
Blue,Blue-22-Saturday-c7e66-1-16:05:00
Blue,Blue-22-Saturday-c7e66-1-16:07:00
Blue,Blue-22-Saturday-c7e66-1-16:09:00
Blue,Blue-22-Saturday-c7e66-1-16:11:00
Blue,Blue-22-Saturday-c7e66-1-16:13:00
Blue,Blue-22-Saturday-c7e66-1-16:15:00
Blue,Blue-22-Saturday-c7e66-1-16:17:00
Blue,Blue-22-Saturday-c7e66-1-16:19:00
Blue,Blue-22-Saturday-c7e66-1-16:21:00
Blue,Blue-22-Saturday-c7e66-1-16:23:00
Blue,Blue-22-Saturday-c7e66-1-16:25:00
Blue,Blue-22-Saturday-c7e66-1-16:27:00
Blue,Blue-22-Saturday-c7e66-1-16:29:00
Blue,Blue-22-Saturday-c7e66-1-16:31:00
Blue,Blue-22-Saturday-c7e66-1-16:33:00
Blue,Blue-22-Saturday-c7e66-1-16:35:00
Blue,Blue-22-Saturday-c7e66-1-16:37:00
Blue,Blue-22-Saturday-c7e66-1-16:39:00
Blue,Blue-22-Saturday-c7e66-1-16:41:00
Blue,Blue-22-Saturday-c7e66-1-16:43:00
Blue,Blue-22-Saturday-c7e66-1-16:45:00
Blue,Blue-22-Saturday-c7e66-1-16:47:00
Blue,Blue-22-Saturday-c7e66-1-16:49:00
Blue,Blue-22-Saturday-c7e66-1-16:51:00
Blue,Blue-22-Saturday-c7e66-1-16:53:00
Blue,Blue-22-Saturday-c7e66-1-16:55:00
Blue,Blue-22-Saturday-c7e66-1-16:57:00
Blue,Blue-22-Saturday-c7e66-1-16:59:00
Blue,Blue-22-Saturday-c7e66-1-17:01:00
Blue,Blue-22-Saturday-c7e66-1-17:03:00
Blue,Blue-22-Saturday-c7e66-1-17:05:00
Blue,Blue-22-Saturday-c7e66-1-17:07:00
Blue,Blue-22-Saturday-c7e66-1-17:09:00
Blue,Blue-22-Saturday-c7e66-1-17:11:00
Blue,Blue-22-Saturday-c7e66-1-17:13:00
Blue,Blue-22-Saturday-c7e66-1-17:15:00
Blue,Blue-22-Saturday-c7e66-1-17:17:00
Blue,Blue-22-Saturday-c7e66-1-17:19:00
Blue,Blue-22-Saturday-c7e66-1-17:21:00
Blue,Blue-22-Saturday-c7e66-1-17:23:00
Blue,Blue-22-Saturday-c7e66-1-17:25:00
Blue,Blue-22-Saturday-c7e66-1-17:27:00
Blue,Blue-22-Saturday-c7e66-1-17:29:00
Blue,Blue-22-Saturday-c7e66-1-17:31:00
Blue,Blue-22-Saturday-c7e66-1-17:33:00
Blue,Blue-22-Saturday-c7e66-1-17:35:00
Blue,Blue-22-Saturday-c7e66-1-17:37:00
Blue,Blue-22-Saturday-c7e66-1-17:39:00
Blue,Blue-22-Saturday-c7e66-1-17:41:00
Blue,Blue-22-Saturday-c7e66-1-17:43:00
Blue,Blue-22-Saturday-c7e66-1-17:45:00
Blue,Blue-22-Saturday-c7e66-1-17:47:00
Blue,Blue-22-Saturday-c7e66-1-17:49:00
Blue,Blue-22-Saturday-c7e66-1-17:51:00
Blue,Blue-22-Saturday-c7e66-1-17:53:00
Blue,Blue-22-Saturday-c7e66-1-17:55:00
Blue,Blue-22-Saturday-c7e66-1-17:57:00
Blue,Blue-22-Saturday-c7e66-1-17:59:00
Blue,Blue-22-Saturday-c7e66-1-18:01:00
Blue,Blue-22-Saturday-c7e66-1-18:03:00
Blue,Blue-22-Saturday-c7e66-1-18:05:00
Blue,Blue-22-Saturday-c7e66-1-18:07:00
Blue,Blue-22-Saturday-c7e66-1-18:09:00
Blue,Blue-22-Saturday-c7e66-1-18:11:00
Blue,Blue-22-Saturday-c7e66-1-18:13:00
Blue,Blue-22-Saturday-c7e66-1-18:15:00
Blue,Blue-22-Saturday-c7e66-1-18:17:00
Blue,Blue-22-Saturday-c7e66-1-18:19:00
Blue,Blue-22-Saturday-c7e66-1-18:21:00
Blue,Blue-22-Saturday-c7e66-1-18:23:00
Blue,Blue-22-Saturday-c7e66-1-18:25:00
Blue,Blue-22-Saturday-c7e66-1-18:27:00
Blue,Blue-22-Saturday-c7e66-1-18:29:00
Blue,Blue-22-Saturday-c7e66-1-18:31:00
Blue,Blue-22-Saturday-c7e66-1-18:33:00
Blue,Blue-22-Saturday-c7e66-1-18:35:00
Blue,Blue-22-Saturday-c7e66-1-18:37:00
Blue,Blue-22-Saturday-c7e66-1-18:39:00
Blue,Blue-22-Saturday-c7e66-1-18:41:00
Blue,Blue-22-Saturday-c7e66-1-18:43:00
Blue,Blue-22-Saturday-c7e66-1-18:45:00
Blue,Blue-22-Saturday-c7e66-1-18:47:00
Blue,Blue-22-Saturday-c7e66-1-18:49:00
Blue,Blue-22-Saturday-c7e66-1-18:51:00
Blue,Blue-22-Saturday-c7e66-1-18:53:00
Blue,Blue-22-Saturday-c7e66-1-18:55:00
Blue,Blue-22-Saturday-c7e66-1-18:57:00
Blue,Blue-22-Saturday-c7e66-1-18:59:00
Blue,Blue-22-Saturday-c7e66-1-19:01:00
Blue,Blue-22-Saturday-c7e66-1-19:03:00
Blue,Blue-22-Saturday-c7e66-1-19:05:00
Blue,Blue-22-Saturday-c7e66-1-19:07:00
Blue,Blue-22-Saturday-c7e66-1-19:09:00
Blue,Blue-22-Saturday-c7e66-1-19:11:00
Blue,Blue-22-Saturday-c7e66-1-19:13:00
Blue,Blue-22-Saturday-c7e66-1-19:15:00
Blue,Blue-22-Saturday-c7e66-1-19:17:00
Blue,Blue-22-Saturday-c7e66-1-19:19:00
Blue,Blue-22-Saturday-c7e66-1-19:21:00
Blue,Blue-22-Saturday-c7e66-1-19:23:00
Blue,Blue-22-Saturday-c7e66-1-19:25:00
Blue,Blue-22-Saturday-c7e66-1-19:27:00
Blue,Blue-22-Saturday-c7e66-1-19:29:00
Blue,Blue-22-Saturday-c7e66-1-19:31:00
Blue,Blue-22-Saturday-c7e66-1-19:33:00
Blue,Blue-22-Saturday-c7e66-1-19:35:00
Blue,Blue-22-Saturday-c7e66-1-19:37:00
Blue,Blue-22-Saturday-c7e66-1-19:39:00
Blue,Blue-22-Saturday-c7e66-1-19:41:00
Blue,Blue-22-Saturday-c7e66-1-19:43:00
Blue,Blue-22-Saturday-c7e66-1-19:45:00
Blue,Blue-22-Saturday-c7e66-1-19:47:00
Blue,Blue-22-Saturday-c7e66-1-19:49:00
Blue,Blue-22-Saturday-c7e66-1-19:51:00
Blue,Blue-22-Saturday-c7e66-1-19:53:00
Blue,Blue-22-Saturday-c7e66-1-19:55:00
Blue,Blue-22-Saturday-c7e66-1-19:57:00
Blue,Blue-22-Saturday-c7e66-1-19:59:00
Blue,Blue-22-Saturday-c7e66-1-20:01:00
Blue,Blue-22-Saturday-c7e66-1-20:03:00
Blue,Blue-22-Saturday-c7e66-1-20:05:00
Blue,Blue-22-Saturday-c7e66-1-20:07:00
Blue,Blue-22-Saturday-c7e66-1-20:09:00
Blue,Blue-22-Saturday-c7e66-1-20:11:00
Blue,Blue-22-Saturday-c7e66-1-20:13:00
Blue,Blue-22-Saturday-c7e66-1-20:15:00
Blue,Blue-22-Saturday-c7e66-1-20:17:00
Blue,Blue-22-Saturday-c7e66-1-20:19:00
Blue,Blue-22-Saturday-c7e66-1-20:21:00
Blue,Blue-22-Saturday-c7e66-1-20:23:00
Blue,Blue-22-Saturday-c7e66-1-20:25:00
Blue,Blue-22-Saturday-c7e66-1-20:27:00
Blue,Blue-22-Saturday-c7e66-1-20:29:00
Blue,Blue-22-Saturday-c7e66-1-20:31:00
Blue,Blue-22-Saturday-c7e66-1-20:33:00
Blue,Blue-22-Saturday-c7e66-1-20:35:00
Blue,Blue-22-Saturday-c7e66-1-20:37:00
Blue,Blue-22-Saturday-c7e66-1-20:39:00
Blue,Blue-22-Saturday-c7e66-1-20:41:00
Blue,Blue-22-Saturday-c7e66-1-20:43:00
Blue,Blue-22-Saturday-c7e66-1-20:45:00
Blue,Blue-22-Saturday-c7e66-1-20:47:00
Blue,Blue-22-Saturday-c7e66-1-20:49:00
Blue,Blue-22-Saturday-c7e66-1-20:51:00
Blue,Blue-22-Saturday-c7e66-1-20:53:00
Blue,Blue-22-Saturday-c7e66-1-20:55:00
Blue,Blue-22-Saturday-c7e66-1-20:57:00
Blue,Blue-22-Saturday-c7e66-1-20:59:00
Blue,Blue-22-Saturday-c7e66-1-21:01:00
Blue,Blue-22-Saturday-c7e66-1-21:03:00
Blue,Blue-22-Saturday-c7e66-1-21:05:00
Blue,Blue-22-Saturday-c7e66-1-21:07:00
Blue,Blue-22-Saturday-c7e66-1-21:09:00
Blue,Blue-22-Saturday-c7e66-1-21:11:00
Blue,Blue-22-Saturday-c7e66-1-21:13:00
Blue,Blue-22-Saturday-c7e66-1-21:15:00
Blue,Blue-22-Saturday-c7e66-1-21:17:00
Blue,Blue-22-Saturday-c7e66-1-21:19:00
Blue,Blue-22-Saturday-c7e66-1-21:21:00
Blue,Blue-22-Saturday-c7e66-1-21:23:00
Blue,Blue-22-Saturday-c7e66-1-21:25:00
Blue,Blue-22-Saturday-c7e66-1-21:27:00
Blue,Blue-22-Saturday-c7e66-1-21:29:00
Blue,Blue-22-Saturday-c7e66-1-21:31:00
Blue,Blue-22-Saturday-c7e66-1-21:33:00
Blue,Blue-22-Saturday-c7e66-1-21:35:00
Blue,Blue-22-Saturday-c7e66-1-21:37:00
Blue,Blue-22-Saturday-c7e66-1-21:39:00
Blue,Blue-22-Saturday-c7e66-1-21:41:00
Blue,Blue-22-Saturday-c7e66-1-21:43:00
Blue,Blue-22-Saturday-c7e66-1-21:45:00
Blue,Blue-22-Saturday-c7e66-1-21:47:00
Blue,Blue-22-Saturday-c7e66-1-21:49:00
Blue,Blue-22-Saturday-c7e66-1-21:51:00
Blue,Blue-22-Saturday-c7e66-1-21:53:00
Blue,Blue-22-Saturday-c7e66-1-21:55:00
Blue,Blue-22-Saturday-c7e66-1-21:57:00
Blue,Blue-22-Saturday-c7e66-1-21:59:00
Blue,Blue-22-Saturday-c7e66-1-22:01:00
Blue,Blue-22-Saturday-c7e66-1-22:03:00
Blue,Blue-22-Saturday-c7e66-1-22:05:00
Blue,Blue-22-Saturday-c7e66-1-22:07:00
Blue,Blue-22-Saturday-c7e66-1-22:09:00
Blue,Blue-22-Saturday-c7e66-1-22:11:00
Blue,Blue-22-Saturday-c7e66-1-22:13:00
Blue,Blue-22-Saturday-c7e66-1-22:15:00
Blue,Blue-22-Saturday-c7e66-1-22:17:00
Blue,Blue-22-Saturday-c7e66-1-22:19:00
Blue,Blue-22-Saturday-c7e66-1-22:21:00
Blue,Blue-22-Saturday-c7e66-1-22:23:00
Blue,Blue-22-Saturday-c7e66-1-22:25:00
Blue,Blue-22-Saturday-c7e66-1-22:27:00
Blue,Blue-22-Saturday-c7e66-1-22:29:00
Blue,Blue-22-Saturday-c7e66-1-22:31:00
Blue,Blue-22-Saturday-c7e66-1-22:33:00
Blue,Blue-22-Saturday-c7e66-1-22:35:00
Blue,Blue-22-Saturday-c7e66-1-22:37:00
Blue,Blue-22-Saturday-c7e66-1-22:39:00
Blue,Blue-22-Saturday-c7e66-1-22:41:00
Blue,Blue-22-Saturday-c7e66-1-22:43:00
Blue,Blue-22-Saturday-c7e66-1-22:45:00
Blue,Blue-22-Saturday-c7e66-1-22:47:00
Blue,Blue-22-Saturday-c7e66-1-22:49:00
Blue,Blue-22-Saturday-c7e66-1-22:51:00
Blue,Blue-22-Saturday-c7e66-1-22:53:00
Blue,Blue-22-Saturday-c7e66-1-22:55:00
Blue,Blue-22-Saturday-c7e66-1-22:57:00
Blue,Blue-22-Saturday-c7e66-1-22:59:00
Blue,Blue-22-Saturday-c7e66-1-23:01:00
Blue,Blue-22-Saturday-c7e66-1-23:03:00
Blue,Blue-22-Saturday-c7e66-1-23:05:00
Blue,Blue-22-Saturday-c7e66-1-23:07:00
Blue,Blue-22-Saturday-c7e66-1-23:09:00
Blue,Blue-22-Saturday-c7e66-1-23:11:00
Blue,Blue-22-Saturday-c7e66-1-23:13:00
Blue,Blue-22-Saturday-c7e66-1-23:15:00
Blue,Blue-22-Saturday-c7e66-1-23:17:00
Blue,Blue-22-Saturday-c7e66-1-23:19:00
Blue,Blue-22-Saturday-c7e66-1-23:21:00
Blue,Blue-22-Saturday-c7e66-1-23:23:00
Blue,Blue-22-Saturday-c7e66-1-23:25:00
Blue,Blue-22-Saturday-c7e66-1-23:27:00
Blue,Blue-22-Saturday-c7e66-1-23:29:00
Blue,Blue-22-Saturday-c7e66-1-23:31:00
Blue,Blue-22-Saturday-c7e66-1-23:33:00
Blue,Blue-22-Saturday-c7e66-1-23:35:00
Blue,Blue-22-Saturday-c7e66-1-23:37:00
Blue,Blue-22-Saturday-c7e66-1-23:39:00
Blue,Blue-22-Saturday-c7e66-1-23:41:00
Blue,Blue-22-Saturday-c7e66-1-23:43:00
Blue,Blue-22-Saturday-c7e66-1-23:45:00
Blue,Blue-22-Saturday-c7e66-1-23:47:00
Blue,Blue-22-Saturday-c7e66-1-23:49:00
Blue,Blue-22-Saturday-c7e66-1-23:51:00
Blue,Blue-22-Saturday-c7e66-1-23:53:00
Blue,Blue-22-Saturday-c7e66-1-23:55:00
Blue,Blue-22-Saturday-c7e66-1-23:57:00
Blue,Blue-22-Saturday-c7e66-1-23:59:00
Blue,Blue-22-Saturday-c7e66-1-24:01:00
Blue,Blue-22-Saturday-c7e66-1-24:03:00
Blue,Blue-22-Saturday-c7e66-1-24:05:00
Blue,Blue-22-Saturday-c7e66-1-24:07:00
Blue,Blue-22-Saturday-c7e66-1-24:09:00
Blue,Blue-22-Saturday-c7e66-1-24:11:00
Blue,Blue-22-Saturday-c7e66-1-24:13:00
Blue,Blue-22-Saturday-c7e66-1-24:15:00
Blue,Blue-22-Saturday-c7e66-1-24:17:00
Blue,Blue-22-Saturday-c7e66-1-24:19:00
Blue,Blue-22-Saturday-c7e66-1-24:21:00
Blue,Blue-22-Saturday-c7e66-1-24:23:00
Blue,Blue-22-Saturday-c7e66-1-24:25:00
Blue,Blue-22-Saturday-c7e66-1-24:27:00
Blue,Blue-22-Saturday-c7e66-1-24:29:00
Blue,Blue-22-Saturday-c7e66-1-24:31:00
Blue,Blue-22-Saturday-c7e66-1-24:33:00
Blue,Blue-22-Saturday-c7e66-1-24:35:00
Blue,Blue-22-Saturday-c7e66-1-24:37:00
Blue,Blue-22-Saturday-c7e66-1-24:39:00
Blue,Blue-22-Saturday-c7e66-1-24:41:00
Blue,Blue-22-Saturday-c7e66-1-24:43:00
Blue,Blue-22-Saturday-c7e66-1-24:45:00
Blue,Blue-22-Saturday-c7e66-1-24:47:00
Blue,Blue-22-Saturday-c7e66-1-24:49:00
Blue,Blue-22-Saturday-c7e66-1-24:51:00
Blue,Blue-22-Saturday-c7e66-1-24:53:00
Blue,Blue-22-Saturday-c7e66-1-24:55:00
Blue,Blue-22-Saturday-c7e66-1-24:57:00
Blue,Blue-22-Saturday-c7e66-1-24:59:00
Blue,Blue-22-Saturday-c7e66-1-25:01:00
Blue,Blue-22-Saturday-c7e66-1-25:03:00
Blue,Blue-22-Saturday-c7e66-1-25:05:00
Blue,Blue-22-Saturday-c7e66-1-25:07:00
Blue,Blue-22-Saturday-c7e66-1-25:09:00
Blue,Blue-22-Saturday-c7e66-1-25:11:00
Blue,Blue-22-Saturday-c7e66-1-25:13:00
Blue,Blue-22-Saturday-c7e66-1-25:15:00
Blue,Blue-22-Saturday-c7e66-1-25:17:00
Blue,Blue-22-Saturday-c7e66-1-25:19:00
Blue,Blue-22-Saturday-c7e66-1-25:21:00
Blue,Blue-22-Saturday-c7e66-1-25:23:00
Blue,Blue-22-Saturday-c7e66-1-25:25:00
Blue,Blue-22-Saturday-c7e66-1-25:27:00
Blue,Blue-22-Saturday-c7e66-1-25:29:00
Blue,Blue-22-Saturday-c7e66-1-25:31:00
Blue,Blue-22-Saturday-c7e66-1-25:33:00
Blue,Blue-22-Saturday-c7e66-1-25:35:00
Blue,Blue-22-Saturday-c7e66-1-25:37:00
Blue,Blue-22-Saturday-c7e66-1-25:39:00
Blue,Blue-22-Saturday-c7e66-1-25:41:00
Blue,Blue-22-Saturday-c7e66-1-25:43:00
Blue,Blue-22-Saturday-c7e66-1-25:45:00
Blue,Blue-22-Saturday-c7e66-1-25:47:00
Blue,Blue-22-Saturday-c7e66-1-25:49:00
Blue,Blue-22-Saturday-c7e66-1-25:50:00
Blue,Blue-22-Friday-c7e66-0-20:41:00
Blue,Blue-22-Friday-c7e66-0-20:43:00
Blue,Blue-22-Friday-c7e66-0-20:45:00
Blue,Blue-22-Friday-c7e66-0-20:47:00
Blue,Blue-22-Friday-c7e66-0-20:49:00
Blue,Blue-22-Friday-c7e66-0-20:51:00
Blue,Blue-22-Friday-c7e66-0-20:53:00
Blue,Blue-22-Friday-c7e66-0-20:55:00
Blue,Blue-22-Friday-c7e66-0-20:57:00
Blue,Blue-22-Friday-c7e66-0-20:59:00
Blue,Blue-22-Friday-c7e66-0-21:01:00
Blue,Blue-22-Friday-c7e66-0-21:03:00
Blue,Blue-22-Friday-c7e66-0-21:05:00
Blue,Blue-22-Friday-c7e66-0-21:07:00
Blue,Blue-22-Friday-c7e66-0-21:09:00
Blue,Blue-22-Friday-c7e66-0-21:11:00
Blue,Blue-22-Friday-c7e66-0-21:13:00
Blue,Blue-22-Friday-c7e66-0-21:15:00
Blue,Blue-22-Friday-c7e66-0-21:17:00
Blue,Blue-22-Friday-c7e66-0-21:19:00
Blue,Blue-22-Friday-c7e66-0-21:21:00
Blue,Blue-22-Friday-c7e66-0-21:23:00
Blue,Blue-22-Friday-c7e66-0-21:25:00
Blue,Blue-22-Friday-c7e66-0-21:27:00
Blue,Blue-22-Friday-c7e66-0-21:29:00
Blue,Blue-22-Friday-c7e66-0-21:31:00
Blue,Blue-22-Friday-c7e66-0-21:33:00
Blue,Blue-22-Friday-c7e66-0-21:35:00
Blue,Blue-22-Friday-c7e66-0-21:37:00
Blue,Blue-22-Friday-c7e66-0-21:39:00
Blue,Blue-22-Friday-c7e66-0-21:41:00
Blue,Blue-22-Friday-c7e66-0-21:43:00
Blue,Blue-22-Friday-c7e66-0-21:45:00
Blue,Blue-22-Friday-c7e66-0-21:47:00
Blue,Blue-22-Friday-c7e66-0-21:49:00
Blue,Blue-22-Friday-c7e66-0-21:51:00
Blue,Blue-22-Friday-c7e66-0-21:53:00
Blue,Blue-22-Friday-c7e66-0-21:55:00
Blue,Blue-22-Friday-c7e66-0-21:57:00
Blue,Blue-22-Friday-c7e66-0-21:59:00
Blue,Blue-22-Friday-c7e66-0-22:01:00
Blue,Blue-22-Friday-c7e66-0-22:03:00
Blue,Blue-22-Friday-c7e66-0-22:05:00
Blue,Blue-22-Friday-c7e66-0-22:07:00
Blue,Blue-22-Friday-c7e66-0-22:09:00
Blue,Blue-22-Friday-c7e66-0-22:11:00
Blue,Blue-22-Friday-c7e66-0-22:13:00
Blue,Blue-22-Friday-c7e66-0-22:15:00
Blue,Blue-22-Friday-c7e66-0-22:17:00
Blue,Blue-22-Friday-c7e66-0-22:19:00
Blue,Blue-22-Friday-c7e66-0-22:21:00
Blue,Blue-22-Friday-c7e66-0-22:23:00
Blue,Blue-22-Friday-c7e66-0-22:25:00
Blue,Blue-22-Friday-c7e66-0-22:27:00
Blue,Blue-22-Friday-c7e66-0-22:29:00
Blue,Blue-22-Friday-c7e66-0-22:31:00
Blue,Blue-22-Friday-c7e66-0-22:33:00
Blue,Blue-22-Friday-c7e66-0-22:35:00
Blue,Blue-22-Friday-c7e66-0-22:37:00
Blue,Blue-22-Friday-c7e66-0-22:39:00
Blue,Blue-22-Friday-c7e66-0-22:41:00
Blue,Blue-22-Friday-c7e66-0-22:43:00
Blue,Blue-22-Friday-c7e66-0-22:45:00
Blue,Blue-22-Friday-c7e66-0-22:47:00
Blue,Blue-22-Friday-c7e66-0-22:49:00
Blue,Blue-22-Friday-c7e66-0-22:51:00
Blue,Blue-22-Friday-c7e66-0-22:53:00
Blue,Blue-22-Friday-c7e66-0-22:55:00
Blue,Blue-22-Friday-c7e66-0-22:57:00
Blue,Blue-22-Friday-c7e66-0-22:59:00
Blue,Blue-22-Friday-c7e66-0-23:01:00
Blue,Blue-22-Friday-c7e66-0-23:03:00
Blue,Blue-22-Friday-c7e66-0-23:05:00
Blue,Blue-22-Friday-c7e66-0-23:07:00
Blue,Blue-22-Friday-c7e66-0-23:09:00
Blue,Blue-22-Friday-c7e66-0-23:11:00
Blue,Blue-22-Friday-c7e66-0-23:13:00
Blue,Blue-22-Friday-c7e66-0-23:15:00
Blue,Blue-22-Friday-c7e66-0-23:17:00
Blue,Blue-22-Friday-c7e66-0-23:19:00
Blue,Blue-22-Friday-c7e66-0-23:21:00
Blue,Blue-22-Friday-c7e66-0-23:23:00
Blue,Blue-22-Friday-c7e66-0-23:25:00
Blue,Blue-22-Friday-c7e66-0-23:27:00
Blue,Blue-22-Friday-c7e66-0-23:29:00
Blue,Blue-22-Friday-c7e66-0-23:31:00
Blue,Blue-22-Friday-c7e66-0-23:33:00
Blue,Blue-22-Friday-c7e66-0-23:35:00
Blue,Blue-22-Friday-c7e66-0-23:37:00
Blue,Blue-22-Friday-c7e66-0-23:39:00
Blue,Blue-22-Friday-c7e66-0-23:41:00
Blue,Blue-22-Friday-c7e66-0-23:43:00
Blue,Blue-22-Friday-c7e66-0-23:45:00
Blue,Blue-22-Friday-c7e66-0-23:47:00
Blue,Blue-22-Friday-c7e66-0-23:49:00
Blue,Blue-22-Friday-c7e66-0-23:51:00
Blue,Blue-22-Friday-c7e66-0-23:53:00
Blue,Blue-22-Friday-c7e66-0-23:55:00
Blue,Blue-22-Friday-c7e66-0-23:57:00
Blue,Blue-22-Friday-c7e66-0-23:59:00
Blue,Blue-22-Friday-c7e66-0-24:01:00
Blue,Blue-22-Friday-c7e66-0-24:03:00
Blue,Blue-22-Friday-c7e66-0-24:05:00
Blue,Blue-22-Friday-c7e66-0-24:07:00
Blue,Blue-22-Friday-c7e66-0-24:09:00
Blue,Blue-22-Friday-c7e66-0-24:11:00
Blue,Blue-22-Friday-c7e66-0-24:13:00
Blue,Blue-22-Friday-c7e66-0-24:15:00
Blue,Blue-22-Friday-c7e66-0-24:17:00
Blue,Blue-22-Friday-c7e66-0-24:19:00
Blue,Blue-22-Friday-c7e66-0-24:21:00
Blue,Blue-22-Friday-c7e66-0-24:23:00
Blue,Blue-22-Friday-c7e66-0-24:25:00
Blue,Blue-22-Friday-c7e66-0-24:27:00
Blue,Blue-22-Friday-c7e66-0-24:29:00
Blue,Blue-22-Friday-c7e66-0-24:31:00
Blue,Blue-22-Friday-c7e66-0-24:33:00
Blue,Blue-22-Friday-c7e66-0-24:35:00
Blue,Blue-22-Friday-c7e66-0-24:37:00
Blue,Blue-22-Friday-c7e66-0-24:39:00
Blue,Blue-22-Friday-c7e66-0-24:41:00
Blue,Blue-22-Friday-c7e66-0-24:43:00
Blue,Blue-22-Friday-c7e66-0-24:45:00
Blue,Blue-22-Friday-c7e66-0-24:47:00
Blue,Blue-22-Friday-c7e66-0-24:49:00
Blue,Blue-22-Friday-c7e66-0-24:51:00
Blue,Blue-22-Friday-c7e66-0-24:53:00
Blue,Blue-22-Friday-c7e66-0-24:55:00
Blue,Blue-22-Friday-c7e66-0-24:57:00
Blue,Blue-22-Friday-c7e66-0-24:59:00
Blue,Blue-22-Friday-c7e66-0-25:01:00
Blue,Blue-22-Friday-c7e66-0-25:03:00
Blue,Blue-22-Friday-c7e66-0-25:05:00
Blue,Blue-22-Friday-c7e66-0-25:07:00
Blue,Blue-22-Friday-c7e66-0-25:09:00
Blue,Blue-22-Friday-c7e66-0-25:11:00
Blue,Blue-22-Friday-c7e66-0-25:13:00
Blue,Blue-22-Friday-c7e66-0-25:15:00
Blue,Blue-22-Friday-c7e66-0-25:17:00
Blue,Blue-22-Friday-c7e66-0-25:19:00
Blue,Blue-22-Friday-c7e66-0-25:21:00
Blue,Blue-22-Friday-c7e66-0-25:23:00
Blue,Blue-22-Friday-c7e66-0-25:25:00
Blue,Blue-22-Friday-c7e66-0-25:27:00
Blue,Blue-22-Friday-c7e66-0-25:29:00
Blue,Blue-22-Friday-c7e66-0-25:31:00
Blue,Blue-22-Friday-c7e66-0-25:33:00
Blue,Blue-22-Friday-c7e66-0-25:35:00
Blue,Blue-22-Friday-c7e66-0-25:37:00
Blue,Blue-22-Friday-c7e66-0-25:38:00
Blue,Blue-22-Friday-c7e66-1-20:21:00
Blue,Blue-22-Friday-c7e66-1-20:23:00
Blue,Blue-22-Friday-c7e66-1-20:25:00
Blue,Blue-22-Friday-c7e66-1-20:27:00
Blue,Blue-22-Friday-c7e66-1-20:29:00
Blue,Blue-22-Friday-c7e66-1-20:31:00
Blue,Blue-22-Friday-c7e66-1-20:33:00
Blue,Blue-22-Friday-c7e66-1-20:35:00
Blue,Blue-22-Friday-c7e66-1-20:37:00
Blue,Blue-22-Friday-c7e66-1-20:39:00
Blue,Blue-22-Friday-c7e66-1-20:41:00
Blue,Blue-22-Friday-c7e66-1-20:43:00
Blue,Blue-22-Friday-c7e66-1-20:45:00
Blue,Blue-22-Friday-c7e66-1-20:47:00
Blue,Blue-22-Friday-c7e66-1-20:49:00
Blue,Blue-22-Friday-c7e66-1-20:51:00
Blue,Blue-22-Friday-c7e66-1-20:53:00
Blue,Blue-22-Friday-c7e66-1-20:55:00
Blue,Blue-22-Friday-c7e66-1-20:57:00
Blue,Blue-22-Friday-c7e66-1-20:59:00
Blue,Blue-22-Friday-c7e66-1-21:01:00
Blue,Blue-22-Friday-c7e66-1-21:03:00
Blue,Blue-22-Friday-c7e66-1-21:05:00
Blue,Blue-22-Friday-c7e66-1-21:07:00
Blue,Blue-22-Friday-c7e66-1-21:09:00
Blue,Blue-22-Friday-c7e66-1-21:11:00
Blue,Blue-22-Friday-c7e66-1-21:13:00
Blue,Blue-22-Friday-c7e66-1-21:15:00
Blue,Blue-22-Friday-c7e66-1-21:17:00
Blue,Blue-22-Friday-c7e66-1-21:19:00
Blue,Blue-22-Friday-c7e66-1-21:21:00
Blue,Blue-22-Friday-c7e66-1-21:23:00
Blue,Blue-22-Friday-c7e66-1-21:25:00
Blue,Blue-22-Friday-c7e66-1-21:27:00
Blue,Blue-22-Friday-c7e66-1-21:29:00
Blue,Blue-22-Friday-c7e66-1-21:31:00
Blue,Blue-22-Friday-c7e66-1-21:33:00
Blue,Blue-22-Friday-c7e66-1-21:35:00
Blue,Blue-22-Friday-c7e66-1-21:37:00
Blue,Blue-22-Friday-c7e66-1-21:39:00
Blue,Blue-22-Friday-c7e66-1-21:41:00
Blue,Blue-22-Friday-c7e66-1-21:43:00
Blue,Blue-22-Friday-c7e66-1-21:45:00
Blue,Blue-22-Friday-c7e66-1-21:47:00
Blue,Blue-22-Friday-c7e66-1-21:49:00
Blue,Blue-22-Friday-c7e66-1-21:51:00
Blue,Blue-22-Friday-c7e66-1-21:53:00
Blue,Blue-22-Friday-c7e66-1-21:55:00
Blue,Blue-22-Friday-c7e66-1-21:57:00
Blue,Blue-22-Friday-c7e66-1-21:59:00
Blue,Blue-22-Friday-c7e66-1-22:01:00
Blue,Blue-22-Friday-c7e66-1-22:03:00
Blue,Blue-22-Friday-c7e66-1-22:05:00
Blue,Blue-22-Friday-c7e66-1-22:07:00
Blue,Blue-22-Friday-c7e66-1-22:09:00
Blue,Blue-22-Friday-c7e66-1-22:11:00
Blue,Blue-22-Friday-c7e66-1-22:13:00
Blue,Blue-22-Friday-c7e66-1-22:15:00
Blue,Blue-22-Friday-c7e66-1-22:17:00
Blue,Blue-22-Friday-c7e66-1-22:19:00
Blue,Blue-22-Friday-c7e66-1-22:21:00
Blue,Blue-22-Friday-c7e66-1-22:23:00
Blue,Blue-22-Friday-c7e66-1-22:25:00
Blue,Blue-22-Friday-c7e66-1-22:27:00
Blue,Blue-22-Friday-c7e66-1-22:29:00
Blue,Blue-22-Friday-c7e66-1-22:31:00
Blue,Blue-22-Friday-c7e66-1-22:33:00
Blue,Blue-22-Friday-c7e66-1-22:35:00
Blue,Blue-22-Friday-c7e66-1-22:37:00
Blue,Blue-22-Friday-c7e66-1-22:39:00
Blue,Blue-22-Friday-c7e66-1-22:41:00
Blue,Blue-22-Friday-c7e66-1-22:43:00
Blue,Blue-22-Friday-c7e66-1-22:45:00
Blue,Blue-22-Friday-c7e66-1-22:47:00
Blue,Blue-22-Friday-c7e66-1-22:49:00
Blue,Blue-22-Friday-c7e66-1-22:51:00
Blue,Blue-22-Friday-c7e66-1-22:53:00
Blue,Blue-22-Friday-c7e66-1-22:55:00
Blue,Blue-22-Friday-c7e66-1-22:57:00
Blue,Blue-22-Friday-c7e66-1-22:59:00
Blue,Blue-22-Friday-c7e66-1-23:01:00
Blue,Blue-22-Friday-c7e66-1-23:03:00
Blue,Blue-22-Friday-c7e66-1-23:05:00
Blue,Blue-22-Friday-c7e66-1-23:07:00
Blue,Blue-22-Friday-c7e66-1-23:09:00
Blue,Blue-22-Friday-c7e66-1-23:11:00
Blue,Blue-22-Friday-c7e66-1-23:13:00
Blue,Blue-22-Friday-c7e66-1-23:15:00
Blue,Blue-22-Friday-c7e66-1-23:17:00
Blue,Blue-22-Friday-c7e66-1-23:19:00
Blue,Blue-22-Friday-c7e66-1-23:21:00
Blue,Blue-22-Friday-c7e66-1-23:23:00
Blue,Blue-22-Friday-c7e66-1-23:25:00
Blue,Blue-22-Friday-c7e66-1-23:27:00
Blue,Blue-22-Friday-c7e66-1-23:29:00
Blue,Blue-22-Friday-c7e66-1-23:31:00
Blue,Blue-22-Friday-c7e66-1-23:33:00
Blue,Blue-22-Friday-c7e66-1-23:35:00
Blue,Blue-22-Friday-c7e66-1-23:37:00
Blue,Blue-22-Friday-c7e66-1-23:39:00
Blue,Blue-22-Friday-c7e66-1-23:41:00
Blue,Blue-22-Friday-c7e66-1-23:43:00
Blue,Blue-22-Friday-c7e66-1-23:45:00
Blue,Blue-22-Friday-c7e66-1-23:47:00
Blue,Blue-22-Friday-c7e66-1-23:49:00
Blue,Blue-22-Friday-c7e66-1-23:51:00
Blue,Blue-22-Friday-c7e66-1-23:53:00
Blue,Blue-22-Friday-c7e66-1-23:55:00
Blue,Blue-22-Friday-c7e66-1-23:57:00
Blue,Blue-22-Friday-c7e66-1-23:59:00
Blue,Blue-22-Friday-c7e66-1-24:01:00
Blue,Blue-22-Friday-c7e66-1-24:03:00
Blue,Blue-22-Friday-c7e66-1-24:05:00
Blue,Blue-22-Friday-c7e66-1-24:07:00
Blue,Blue-22-Friday-c7e66-1-24:09:00
Blue,Blue-22-Friday-c7e66-1-24:11:00
Blue,Blue-22-Friday-c7e66-1-24:13:00
Blue,Blue-22-Friday-c7e66-1-24:15:00
Blue,Blue-22-Friday-c7e66-1-24:17:00
Blue,Blue-22-Friday-c7e66-1-24:19:00
Blue,Blue-22-Friday-c7e66-1-24:21:00
Blue,Blue-22-Friday-c7e66-1-24:23:00
Blue,Blue-22-Friday-c7e66-1-24:25:00
Blue,Blue-22-Friday-c7e66-1-24:27:00
Blue,Blue-22-Friday-c7e66-1-24:29:00
Blue,Blue-22-Friday-c7e66-1-24:31:00
Blue,Blue-22-Friday-c7e66-1-24:33:00
Blue,Blue-22-Friday-c7e66-1-24:35:00
Blue,Blue-22-Friday-c7e66-1-24:37:00
Blue,Blue-22-Friday-c7e66-1-24:39:00
Blue,Blue-22-Friday-c7e66-1-24:41:00
Blue,Blue-22-Friday-c7e66-1-24:43:00
Blue,Blue-22-Friday-c7e66-1-24:45:00
Blue,Blue-22-Friday-c7e66-1-24:47:00
Blue,Blue-22-Friday-c7e66-1-24:49:00
Blue,Blue-22-Friday-c7e66-1-24:51:00
Blue,Blue-22-Friday-c7e66-1-24:53:00
Blue,Blue-22-Friday-c7e66-1-24:55:00
Blue,Blue-22-Friday-c7e66-1-24:57:00
Blue,Blue-22-Friday-c7e66-1-24:59:00
Blue,Blue-22-Friday-c7e66-1-25:01:00
Blue,Blue-22-Friday-c7e66-1-25:03:00
Blue,Blue-22-Friday-c7e66-1-25:05:00
Blue,Blue-22-Friday-c7e66-1-25:07:00
Blue,Blue-22-Friday-c7e66-1-25:09:00
Blue,Blue-22-Friday-c7e66-1-25:11:00
Blue,Blue-22-Friday-c7e66-1-25:13:00
Blue,Blue-22-Friday-c7e66-1-25:15:00
Blue,Blue-22-Friday-c7e66-1-25:17:00
Blue,Blue-22-Friday-c7e66-1-25:19:00
Blue,Blue-22-Friday-c7e66-1-25:21:00
Blue,Blue-22-Friday-c7e66-1-25:23:00
Blue,Blue-22-Friday-c7e66-1-25:25:00
Blue,Blue-22-Friday-c7e66-1-25:27:00
Blue,Blue-22-Friday-c7e66-1-25:29:00
Blue,Blue-22-Friday-c7e66-1-25:31:00
Blue,Blue-22-Friday-c7e66-1-25:33:00
Blue,Blue-22-Friday-c7e66-1-25:35:00
Blue,Blue-22-Friday-c7e66-1-25:37:00
Blue,Blue-22-Friday-c7e66-1-25:39:00
Blue,Blue-22-Friday-c7e66-1-25:41:00
Blue,Blue-22-Friday-c7e66-1-25:43:00
Blue,Blue-22-Friday-c7e66-1-25:45:00
Blue,Blue-22-Friday-c7e66-1-25:47:00
Blue,Blue-22-Friday-c7e66-1-25:49:00
Blue,Blue-22-Friday-c7e66-1-25:51:00
Blue,Blue-22-Friday-c7e66-1-25:52:00
Blue,Blue-21-Sunday-c7e66-0-06:15:00
Blue,Blue-21-Sunday-c7e66-0-06:22:00
Blue,Blue-21-Sunday-c7e66-0-06:29:00
Blue,Blue-21-Sunday-c7e66-0-06:36:00
Blue,Blue-21-Sunday-c7e66-0-06:43:00
Blue,Blue-21-Sunday-c7e66-0-06:50:00
Blue,Blue-21-Sunday-c7e66-0-06:57:00
Blue,Blue-21-Sunday-c7e66-0-07:04:00
Blue,Blue-21-Sunday-c7e66-0-07:11:00
Blue,Blue-21-Sunday-c7e66-0-07:18:00
Blue,Blue-21-Sunday-c7e66-0-07:25:00
Blue,Blue-21-Sunday-c7e66-0-07:32:00
Blue,Blue-21-Sunday-c7e66-0-07:39:00
Blue,Blue-21-Sunday-c7e66-0-07:46:00
Blue,Blue-21-Sunday-c7e66-0-07:53:00
Blue,Blue-21-Sunday-c7e66-0-08:00:00
Blue,Blue-21-Sunday-c7e66-0-08:07:00
Blue,Blue-21-Sunday-c7e66-0-08:14:00
Blue,Blue-21-Sunday-c7e66-0-08:21:00
Blue,Blue-21-Sunday-c7e66-0-08:28:00
Blue,Blue-21-Sunday-c7e66-0-08:35:00
Blue,Blue-21-Sunday-c7e66-0-08:42:00
Blue,Blue-21-Sunday-c7e66-0-08:49:00
Blue,Blue-21-Sunday-c7e66-0-08:56:00
Blue,Blue-21-Sunday-c7e66-0-09:03:00
Blue,Blue-21-Sunday-c7e66-0-09:09:00
Blue,Blue-21-Sunday-c7e66-0-09:15:00
Blue,Blue-21-Sunday-c7e66-0-09:21:00
Blue,Blue-21-Sunday-c7e66-0-09:27:00
Blue,Blue-21-Sunday-c7e66-0-09:33:00
Blue,Blue-21-Sunday-c7e66-0-09:39:00
Blue,Blue-21-Sunday-c7e66-0-09:45:00
Blue,Blue-21-Sunday-c7e66-0-09:51:00
Blue,Blue-21-Sunday-c7e66-0-09:57:00
Blue,Blue-21-Sunday-c7e66-0-10:03:00
Blue,Blue-21-Sunday-c7e66-0-10:10:00
Blue,Blue-21-Sunday-c7e66-0-10:17:00
Blue,Blue-21-Sunday-c7e66-0-10:24:00
Blue,Blue-21-Sunday-c7e66-0-10:31:00
Blue,Blue-21-Sunday-c7e66-0-10:38:00
Blue,Blue-21-Sunday-c7e66-0-10:45:00
Blue,Blue-21-Sunday-c7e66-0-10:52:00
Blue,Blue-21-Sunday-c7e66-0-10:59:00
Blue,Blue-21-Sunday-c7e66-0-11:06:00
Blue,Blue-21-Sunday-c7e66-0-11:13:00
Blue,Blue-21-Sunday-c7e66-0-11:20:00
Blue,Blue-21-Sunday-c7e66-0-11:27:00
Blue,Blue-21-Sunday-c7e66-0-11:34:00
Blue,Blue-21-Sunday-c7e66-0-11:41:00
Blue,Blue-21-Sunday-c7e66-0-11:48:00
Blue,Blue-21-Sunday-c7e66-0-11:55:00
Blue,Blue-21-Sunday-c7e66-0-12:02:00
Blue,Blue-21-Sunday-c7e66-0-12:09:00
Blue,Blue-21-Sunday-c7e66-0-12:16:00
Blue,Blue-21-Sunday-c7e66-0-12:23:00
Blue,Blue-21-Sunday-c7e66-0-12:30:00
Blue,Blue-21-Sunday-c7e66-0-12:37:00
Blue,Blue-21-Sunday-c7e66-0-12:44:00
Blue,Blue-21-Sunday-c7e66-0-12:51:00
Blue,Blue-21-Sunday-c7e66-0-12:58:00
Blue,Blue-21-Sunday-c7e66-0-13:05:00
Blue,Blue-21-Sunday-c7e66-0-13:11:00
Blue,Blue-21-Sunday-c7e66-0-13:17:00
Blue,Blue-21-Sunday-c7e66-0-13:23:00
Blue,Blue-21-Sunday-c7e66-0-13:29:00
Blue,Blue-21-Sunday-c7e66-0-13:35:00
Blue,Blue-21-Sunday-c7e66-0-13:41:00
Blue,Blue-21-Sunday-c7e66-0-13:47:00
Blue,Blue-21-Sunday-c7e66-0-13:53:00
Blue,Blue-21-Sunday-c7e66-0-13:59:00
Blue,Blue-21-Sunday-c7e66-0-14:05:00
Blue,Blue-21-Sunday-c7e66-0-14:11:00
Blue,Blue-21-Sunday-c7e66-0-14:17:00
Blue,Blue-21-Sunday-c7e66-0-14:23:00
Blue,Blue-21-Sunday-c7e66-0-14:29:00
Blue,Blue-21-Sunday-c7e66-0-14:35:00
Blue,Blue-21-Sunday-c7e66-0-14:41:00
Blue,Blue-21-Sunday-c7e66-0-14:47:00
Blue,Blue-21-Sunday-c7e66-0-14:53:00
Blue,Blue-21-Sunday-c7e66-0-14:59:00
Blue,Blue-21-Sunday-c7e66-0-15:05:00
Blue,Blue-21-Sunday-c7e66-0-15:10:00
Blue,Blue-21-Sunday-c7e66-0-15:15:00
Blue,Blue-21-Sunday-c7e66-0-15:20:00
Blue,Blue-21-Sunday-c7e66-0-15:25:00
Blue,Blue-21-Sunday-c7e66-0-15:30:00
Blue,Blue-21-Sunday-c7e66-0-15:35:00
Blue,Blue-21-Sunday-c7e66-0-15:40:00
Blue,Blue-21-Sunday-c7e66-0-15:45:00
Blue,Blue-21-Sunday-c7e66-0-15:50:00
Blue,Blue-21-Sunday-c7e66-0-15:55:00
Blue,Blue-21-Sunday-c7e66-0-16:00:00
Blue,Blue-21-Sunday-c7e66-0-16:05:00
Blue,Blue-21-Sunday-c7e66-0-16:10:00
Blue,Blue-21-Sunday-c7e66-0-16:15:00
Blue,Blue-21-Sunday-c7e66-0-16:20:00
Blue,Blue-21-Sunday-c7e66-0-16:25:00
Blue,Blue-21-Sunday-c7e66-0-16:30:00
Blue,Blue-21-Sunday-c7e66-0-16:35:00
Blue,Blue-21-Sunday-c7e66-0-16:40:00
Blue,Blue-21-Sunday-c7e66-0-16:45:00
Blue,Blue-21-Sunday-c7e66-0-16:50:00
Blue,Blue-21-Sunday-c7e66-0-16:55:00
Blue,Blue-21-Sunday-c7e66-0-17:00:00
Blue,Blue-21-Sunday-c7e66-0-17:05:00
Blue,Blue-21-Sunday-c7e66-0-17:10:00
Blue,Blue-21-Sunday-c7e66-0-17:15:00
Blue,Blue-21-Sunday-c7e66-0-17:20:00
Blue,Blue-21-Sunday-c7e66-0-17:25:00
Blue,Blue-21-Sunday-c7e66-0-17:30:00
Blue,Blue-21-Sunday-c7e66-0-17:35:00
Blue,Blue-21-Sunday-c7e66-0-17:40:00
Blue,Blue-21-Sunday-c7e66-0-17:45:00
Blue,Blue-21-Sunday-c7e66-0-17:50:00
Blue,Blue-21-Sunday-c7e66-0-17:55:00
Blue,Blue-21-Sunday-c7e66-0-18:00:00
Blue,Blue-21-Sunday-c7e66-0-18:05:00
Blue,Blue-21-Sunday-c7e66-0-18:10:00
Blue,Blue-21-Sunday-c7e66-0-18:15:00
Blue,Blue-21-Sunday-c7e66-0-18:20:00
Blue,Blue-21-Sunday-c7e66-0-18:25:00
Blue,Blue-21-Sunday-c7e66-0-18:30:00
Blue,Blue-21-Sunday-c7e66-0-18:35:00
Blue,Blue-21-Sunday-c7e66-0-18:40:00
Blue,Blue-21-Sunday-c7e66-0-18:45:00
Blue,Blue-21-Sunday-c7e66-0-18:50:00
Blue,Blue-21-Sunday-c7e66-0-18:55:00
Blue,Blue-21-Sunday-c7e66-0-19:00:00
Blue,Blue-21-Sunday-c7e66-0-19:08:00
Blue,Blue-21-Sunday-c7e66-0-19:16:00
Blue,Blue-21-Sunday-c7e66-0-19:24:00
Blue,Blue-21-Sunday-c7e66-0-19:32:00
Blue,Blue-21-Sunday-c7e66-0-19:40:00
Blue,Blue-21-Sunday-c7e66-0-19:48:00
Blue,Blue-21-Sunday-c7e66-0-19:56:00
Blue,Blue-21-Sunday-c7e66-0-20:04:00
Blue,Blue-21-Sunday-c7e66-0-20:11:00
Blue,Blue-21-Sunday-c7e66-0-20:18:00
Blue,Blue-21-Sunday-c7e66-0-20:25:00
Blue,Blue-21-Sunday-c7e66-0-20:32:00
Blue,Blue-21-Sunday-c7e66-0-20:39:00
Blue,Blue-21-Sunday-c7e66-0-20:46:00
Blue,Blue-21-Sunday-c7e66-0-20:53:00
Blue,Blue-21-Sunday-c7e66-0-21:00:00
Blue,Blue-21-Sunday-c7e66-0-21:07:00
Blue,Blue-21-Sunday-c7e66-0-21:14:00
Blue,Blue-21-Sunday-c7e66-0-21:21:00
Blue,Blue-21-Sunday-c7e66-0-21:28:00
Blue,Blue-21-Sunday-c7e66-0-21:35:00
Blue,Blue-21-Sunday-c7e66-0-21:42:00
Blue,Blue-21-Sunday-c7e66-0-21:49:00
Blue,Blue-21-Sunday-c7e66-0-21:56:00
Blue,Blue-21-Sunday-c7e66-0-22:03:00
Blue,Blue-21-Sunday-c7e66-0-22:10:00
Blue,Blue-21-Sunday-c7e66-0-22:17:00
Blue,Blue-21-Sunday-c7e66-0-22:24:00
Blue,Blue-21-Sunday-c7e66-0-22:31:00
Blue,Blue-21-Sunday-c7e66-0-22:38:00
Blue,Blue-21-Sunday-c7e66-0-22:45:00
Blue,Blue-21-Sunday-c7e66-0-22:52:00
Blue,Blue-21-Sunday-c7e66-0-22:59:00
Blue,Blue-21-Sunday-c7e66-0-23:06:00
Blue,Blue-21-Sunday-c7e66-0-23:12:00
Blue,Blue-21-Sunday-c7e66-0-23:18:00
Blue,Blue-21-Sunday-c7e66-0-23:24:00
Blue,Blue-21-Sunday-c7e66-0-23:30:00
Blue,Blue-21-Sunday-c7e66-0-23:36:00
Blue,Blue-21-Sunday-c7e66-0-23:42:00
Blue,Blue-21-Sunday-c7e66-0-23:48:00
Blue,Blue-21-Sunday-c7e66-0-23:54:00
Blue,Blue-21-Sunday-c7e66-0-24:00:00
Blue,Blue-21-Sunday-c7e66-0-24:06:00
Blue,Blue-21-Sunday-c7e66-0-24:12:00
Blue,Blue-21-Sunday-c7e66-0-24:18:00
Blue,Blue-21-Sunday-c7e66-0-24:24:00
Blue,Blue-21-Sunday-c7e66-0-24:30:00
Blue,Blue-21-Sunday-c7e66-0-24:36:00
Blue,Blue-21-Sunday-c7e66-0-24:39:00
Blue,Blue-21-Sunday-c7e66-1-05:52:00
Blue,Blue-21-Sunday-c7e66-1-05:58:00
Blue,Blue-21-Sunday-c7e66-1-06:04:00
Blue,Blue-21-Sunday-c7e66-1-06:11:00
Blue,Blue-21-Sunday-c7e66-1-06:18:00
Blue,Blue-21-Sunday-c7e66-1-06:25:00
Blue,Blue-21-Sunday-c7e66-1-06:32:00
Blue,Blue-21-Sunday-c7e66-1-06:39:00
Blue,Blue-21-Sunday-c7e66-1-06:46:00
Blue,Blue-21-Sunday-c7e66-1-06:53:00
Blue,Blue-21-Sunday-c7e66-1-07:00:00
Blue,Blue-21-Sunday-c7e66-1-07:07:00
Blue,Blue-21-Sunday-c7e66-1-07:14:00
Blue,Blue-21-Sunday-c7e66-1-07:21:00
Blue,Blue-21-Sunday-c7e66-1-07:28:00
Blue,Blue-21-Sunday-c7e66-1-07:35:00
Blue,Blue-21-Sunday-c7e66-1-07:42:00
Blue,Blue-21-Sunday-c7e66-1-07:49:00
Blue,Blue-21-Sunday-c7e66-1-07:56:00
Blue,Blue-21-Sunday-c7e66-1-08:03:00
Blue,Blue-21-Sunday-c7e66-1-08:10:00
Blue,Blue-21-Sunday-c7e66-1-08:17:00
Blue,Blue-21-Sunday-c7e66-1-08:24:00
Blue,Blue-21-Sunday-c7e66-1-08:31:00
Blue,Blue-21-Sunday-c7e66-1-08:38:00
Blue,Blue-21-Sunday-c7e66-1-08:45:00
Blue,Blue-21-Sunday-c7e66-1-08:52:00
Blue,Blue-21-Sunday-c7e66-1-08:59:00
Blue,Blue-21-Sunday-c7e66-1-09:06:00
Blue,Blue-21-Sunday-c7e66-1-09:12:00
Blue,Blue-21-Sunday-c7e66-1-09:18:00
Blue,Blue-21-Sunday-c7e66-1-09:24:00
Blue,Blue-21-Sunday-c7e66-1-09:30:00
Blue,Blue-21-Sunday-c7e66-1-09:36:00
Blue,Blue-21-Sunday-c7e66-1-09:42:00
Blue,Blue-21-Sunday-c7e66-1-09:48:00
Blue,Blue-21-Sunday-c7e66-1-09:54:00
Blue,Blue-21-Sunday-c7e66-1-10:00:00
Blue,Blue-21-Sunday-c7e66-1-10:07:00
Blue,Blue-21-Sunday-c7e66-1-10:14:00
Blue,Blue-21-Sunday-c7e66-1-10:21:00
Blue,Blue-21-Sunday-c7e66-1-10:28:00
Blue,Blue-21-Sunday-c7e66-1-10:35:00
Blue,Blue-21-Sunday-c7e66-1-10:42:00
Blue,Blue-21-Sunday-c7e66-1-10:49:00
Blue,Blue-21-Sunday-c7e66-1-10:56:00
Blue,Blue-21-Sunday-c7e66-1-11:03:00
Blue,Blue-21-Sunday-c7e66-1-11:10:00
Blue,Blue-21-Sunday-c7e66-1-11:17:00
Blue,Blue-21-Sunday-c7e66-1-11:24:00
Blue,Blue-21-Sunday-c7e66-1-11:31:00
Blue,Blue-21-Sunday-c7e66-1-11:38:00
Blue,Blue-21-Sunday-c7e66-1-11:45:00
Blue,Blue-21-Sunday-c7e66-1-11:52:00
Blue,Blue-21-Sunday-c7e66-1-11:59:00
Blue,Blue-21-Sunday-c7e66-1-12:06:00
Blue,Blue-21-Sunday-c7e66-1-12:13:00
Blue,Blue-21-Sunday-c7e66-1-12:20:00
Blue,Blue-21-Sunday-c7e66-1-12:27:00
Blue,Blue-21-Sunday-c7e66-1-12:34:00
Blue,Blue-21-Sunday-c7e66-1-12:41:00
Blue,Blue-21-Sunday-c7e66-1-12:48:00
Blue,Blue-21-Sunday-c7e66-1-12:55:00
Blue,Blue-21-Sunday-c7e66-1-13:02:00
Blue,Blue-21-Sunday-c7e66-1-13:08:00
Blue,Blue-21-Sunday-c7e66-1-13:14:00
Blue,Blue-21-Sunday-c7e66-1-13:20:00
Blue,Blue-21-Sunday-c7e66-1-13:26:00
Blue,Blue-21-Sunday-c7e66-1-13:32:00
Blue,Blue-21-Sunday-c7e66-1-13:38:00
Blue,Blue-21-Sunday-c7e66-1-13:44:00
Blue,Blue-21-Sunday-c7e66-1-13:50:00
Blue,Blue-21-Sunday-c7e66-1-13:56:00
Blue,Blue-21-Sunday-c7e66-1-14:02:00
Blue,Blue-21-Sunday-c7e66-1-14:08:00
Blue,Blue-21-Sunday-c7e66-1-14:14:00
Blue,Blue-21-Sunday-c7e66-1-14:20:00
Blue,Blue-21-Sunday-c7e66-1-14:26:00
Blue,Blue-21-Sunday-c7e66-1-14:32:00
Blue,Blue-21-Sunday-c7e66-1-14:38:00
Blue,Blue-21-Sunday-c7e66-1-14:44:00
Blue,Blue-21-Sunday-c7e66-1-14:50:00
Blue,Blue-21-Sunday-c7e66-1-14:56:00
Blue,Blue-21-Sunday-c7e66-1-15:02:00
Blue,Blue-21-Sunday-c7e66-1-15:07:00
Blue,Blue-21-Sunday-c7e66-1-15:12:00
Blue,Blue-21-Sunday-c7e66-1-15:17:00
Blue,Blue-21-Sunday-c7e66-1-15:22:00
Blue,Blue-21-Sunday-c7e66-1-15:27:00
Blue,Blue-21-Sunday-c7e66-1-15:32:00
Blue,Blue-21-Sunday-c7e66-1-15:37:00
Blue,Blue-21-Sunday-c7e66-1-15:42:00
Blue,Blue-21-Sunday-c7e66-1-15:47:00
Blue,Blue-21-Sunday-c7e66-1-15:52:00
Blue,Blue-21-Sunday-c7e66-1-15:57:00
Blue,Blue-21-Sunday-c7e66-1-16:02:00
Blue,Blue-21-Sunday-c7e66-1-16:07:00
Blue,Blue-21-Sunday-c7e66-1-16:12:00
Blue,Blue-21-Sunday-c7e66-1-16:17:00
Blue,Blue-21-Sunday-c7e66-1-16:22:00
Blue,Blue-21-Sunday-c7e66-1-16:27:00
Blue,Blue-21-Sunday-c7e66-1-16:32:00
Blue,Blue-21-Sunday-c7e66-1-16:37:00
Blue,Blue-21-Sunday-c7e66-1-16:42:00
Blue,Blue-21-Sunday-c7e66-1-16:47:00
Blue,Blue-21-Sunday-c7e66-1-16:52:00
Blue,Blue-21-Sunday-c7e66-1-16:57:00
Blue,Blue-21-Sunday-c7e66-1-17:02:00
Blue,Blue-21-Sunday-c7e66-1-17:07:00
Blue,Blue-21-Sunday-c7e66-1-17:12:00
Blue,Blue-21-Sunday-c7e66-1-17:17:00
Blue,Blue-21-Sunday-c7e66-1-17:22:00
Blue,Blue-21-Sunday-c7e66-1-17:27:00
Blue,Blue-21-Sunday-c7e66-1-17:32:00
Blue,Blue-21-Sunday-c7e66-1-17:37:00
Blue,Blue-21-Sunday-c7e66-1-17:42:00
Blue,Blue-21-Sunday-c7e66-1-17:47:00
Blue,Blue-21-Sunday-c7e66-1-17:52:00
Blue,Blue-21-Sunday-c7e66-1-17:57:00
Blue,Blue-21-Sunday-c7e66-1-18:02:00
Blue,Blue-21-Sunday-c7e66-1-18:07:00
Blue,Blue-21-Sunday-c7e66-1-18:12:00
Blue,Blue-21-Sunday-c7e66-1-18:17:00
Blue,Blue-21-Sunday-c7e66-1-18:22:00
Blue,Blue-21-Sunday-c7e66-1-18:27:00
Blue,Blue-21-Sunday-c7e66-1-18:32:00
Blue,Blue-21-Sunday-c7e66-1-18:37:00
Blue,Blue-21-Sunday-c7e66-1-18:42:00
Blue,Blue-21-Sunday-c7e66-1-18:47:00
Blue,Blue-21-Sunday-c7e66-1-18:52:00
Blue,Blue-21-Sunday-c7e66-1-18:57:00
Blue,Blue-21-Sunday-c7e66-1-19:02:00
Blue,Blue-21-Sunday-c7e66-1-19:10:00
Blue,Blue-21-Sunday-c7e66-1-19:18:00
Blue,Blue-21-Sunday-c7e66-1-19:26:00
Blue,Blue-21-Sunday-c7e66-1-19:34:00
Blue,Blue-21-Sunday-c7e66-1-19:42:00
Blue,Blue-21-Sunday-c7e66-1-19:50:00
Blue,Blue-21-Sunday-c7e66-1-19:58:00
Blue,Blue-21-Sunday-c7e66-1-20:06:00
Blue,Blue-21-Sunday-c7e66-1-20:13:00
Blue,Blue-21-Sunday-c7e66-1-20:20:00
Blue,Blue-21-Sunday-c7e66-1-20:27:00
Blue,Blue-21-Sunday-c7e66-1-20:34:00
Blue,Blue-21-Sunday-c7e66-1-20:41:00
Blue,Blue-21-Sunday-c7e66-1-20:48:00
Blue,Blue-21-Sunday-c7e66-1-20:55:00
Blue,Blue-21-Sunday-c7e66-1-21:02:00
Blue,Blue-21-Sunday-c7e66-1-21:09:00
Blue,Blue-21-Sunday-c7e66-1-21:16:00
Blue,Blue-21-Sunday-c7e66-1-21:23:00
Blue,Blue-21-Sunday-c7e66-1-21:30:00
Blue,Blue-21-Sunday-c7e66-1-21:37:00
Blue,Blue-21-Sunday-c7e66-1-21:44:00
Blue,Blue-21-Sunday-c7e66-1-21:51:00
Blue,Blue-21-Sunday-c7e66-1-21:58:00
Blue,Blue-21-Sunday-c7e66-1-22:05:00
Blue,Blue-21-Sunday-c7e66-1-22:12:00
Blue,Blue-21-Sunday-c7e66-1-22:19:00
Blue,Blue-21-Sunday-c7e66-1-22:26:00
Blue,Blue-21-Sunday-c7e66-1-22:33:00
Blue,Blue-21-Sunday-c7e66-1-22:40:00
Blue,Blue-21-Sunday-c7e66-1-22:47:00
Blue,Blue-21-Sunday-c7e66-1-22:54:00
Blue,Blue-21-Sunday-c7e66-1-23:01:00
Blue,Blue-21-Sunday-c7e66-1-23:07:00
Blue,Blue-21-Sunday-c7e66-1-23:13:00
Blue,Blue-21-Sunday-c7e66-1-23:19:00
Blue,Blue-21-Sunday-c7e66-1-23:25:00
Blue,Blue-21-Sunday-c7e66-1-23:31:00
Blue,Blue-21-Sunday-c7e66-1-23:37:00
Blue,Blue-21-Sunday-c7e66-1-23:43:00
Blue,Blue-21-Sunday-c7e66-1-23:49:00
Blue,Blue-21-Sunday-c7e66-1-23:55:00
Blue,Blue-21-Sunday-c7e66-1-24:01:00
Blue,Blue-21-Sunday-c7e66-1-24:07:00
Blue,Blue-21-Sunday-c7e66-1-24:13:00
Blue,Blue-21-Sunday-c7e66-1-24:19:00
Blue,Blue-21-Sunday-c7e66-1-24:25:00
Blue,Blue-21-Sunday-c7e66-1-24:31:00
Blue,Blue-21-Sunday-c7e66-1-24:37:00
Blue,Blue-21-Sunday-c7e66-1-24:43:00
Blue,Blue-21-Sunday-c7e66-1-24:49:00
Blue,Blue-21-Sunday-c7e66-1-24:52:00
Blue,Blue-21-Saturday-c7e66-0-05:39:00
Blue,Blue-21-Saturday-c7e66-0-05:45:00
Blue,Blue-21-Saturday-c7e66-0-05:51:00
Blue,Blue-21-Saturday-c7e66-0-05:57:00
Blue,Blue-21-Saturday-c7e66-0-06:03:00
Blue,Blue-21-Saturday-c7e66-0-06:10:00
Blue,Blue-21-Saturday-c7e66-0-06:17:00
Blue,Blue-21-Saturday-c7e66-0-06:24:00
Blue,Blue-21-Saturday-c7e66-0-06:31:00
Blue,Blue-21-Saturday-c7e66-0-06:38:00
Blue,Blue-21-Saturday-c7e66-0-06:45:00
Blue,Blue-21-Saturday-c7e66-0-06:52:00
Blue,Blue-21-Saturday-c7e66-0-06:59:00
Blue,Blue-21-Saturday-c7e66-0-07:06:00
Blue,Blue-21-Saturday-c7e66-0-07:13:00
Blue,Blue-21-Saturday-c7e66-0-07:20:00
Blue,Blue-21-Saturday-c7e66-0-07:27:00
Blue,Blue-21-Saturday-c7e66-0-07:34:00
Blue,Blue-21-Saturday-c7e66-0-07:41:00
Blue,Blue-21-Saturday-c7e66-0-07:48:00
Blue,Blue-21-Saturday-c7e66-0-07:55:00
Blue,Blue-21-Saturday-c7e66-0-08:02:00
Blue,Blue-21-Saturday-c7e66-0-08:10:00
Blue,Blue-21-Saturday-c7e66-0-08:18:00
Blue,Blue-21-Saturday-c7e66-0-08:26:00
Blue,Blue-21-Saturday-c7e66-0-08:34:00
Blue,Blue-21-Saturday-c7e66-0-08:42:00
Blue,Blue-21-Saturday-c7e66-0-08:50:00
Blue,Blue-21-Saturday-c7e66-0-08:58:00
Blue,Blue-21-Saturday-c7e66-0-09:06:00
Blue,Blue-21-Saturday-c7e66-0-09:11:00
Blue,Blue-21-Saturday-c7e66-0-09:16:00
Blue,Blue-21-Saturday-c7e66-0-09:21:00
Blue,Blue-21-Saturday-c7e66-0-09:26:00
Blue,Blue-21-Saturday-c7e66-0-09:31:00
Blue,Blue-21-Saturday-c7e66-0-09:36:00
Blue,Blue-21-Saturday-c7e66-0-09:41:00
Blue,Blue-21-Saturday-c7e66-0-09:46:00
Blue,Blue-21-Saturday-c7e66-0-09:51:00
Blue,Blue-21-Saturday-c7e66-0-09:56:00
Blue,Blue-21-Saturday-c7e66-0-10:01:00
Blue,Blue-21-Saturday-c7e66-0-10:07:00
Blue,Blue-21-Saturday-c7e66-0-10:13:00
Blue,Blue-21-Saturday-c7e66-0-10:19:00
Blue,Blue-21-Saturday-c7e66-0-10:25:00
Blue,Blue-21-Saturday-c7e66-0-10:31:00
Blue,Blue-21-Saturday-c7e66-0-10:37:00
Blue,Blue-21-Saturday-c7e66-0-10:43:00
Blue,Blue-21-Saturday-c7e66-0-10:49:00
Blue,Blue-21-Saturday-c7e66-0-10:55:00
Blue,Blue-21-Saturday-c7e66-0-11:01:00
Blue,Blue-21-Saturday-c7e66-0-11:08:00
Blue,Blue-21-Saturday-c7e66-0-11:15:00
Blue,Blue-21-Saturday-c7e66-0-11:22:00
Blue,Blue-21-Saturday-c7e66-0-11:29:00
Blue,Blue-21-Saturday-c7e66-0-11:36:00
Blue,Blue-21-Saturday-c7e66-0-11:43:00
Blue,Blue-21-Saturday-c7e66-0-11:50:00
Blue,Blue-21-Saturday-c7e66-0-11:57:00
Blue,Blue-21-Saturday-c7e66-0-12:04:00
Blue,Blue-21-Saturday-c7e66-0-12:09:00
Blue,Blue-21-Saturday-c7e66-0-12:14:00
Blue,Blue-21-Saturday-c7e66-0-12:19:00
Blue,Blue-21-Saturday-c7e66-0-12:24:00
Blue,Blue-21-Saturday-c7e66-0-12:29:00
Blue,Blue-21-Saturday-c7e66-0-12:34:00
Blue,Blue-21-Saturday-c7e66-0-12:39:00
Blue,Blue-21-Saturday-c7e66-0-12:44:00
Blue,Blue-21-Saturday-c7e66-0-12:49:00
Blue,Blue-21-Saturday-c7e66-0-12:54:00
Blue,Blue-21-Saturday-c7e66-0-12:59:00
Blue,Blue-21-Saturday-c7e66-0-13:04:00
Blue,Blue-21-Saturday-c7e66-0-13:10:00
Blue,Blue-21-Saturday-c7e66-0-13:16:00
Blue,Blue-21-Saturday-c7e66-0-13:22:00
Blue,Blue-21-Saturday-c7e66-0-13:28:00
Blue,Blue-21-Saturday-c7e66-0-13:34:00
Blue,Blue-21-Saturday-c7e66-0-13:40:00
Blue,Blue-21-Saturday-c7e66-0-13:46:00
Blue,Blue-21-Saturday-c7e66-0-13:52:00
Blue,Blue-21-Saturday-c7e66-0-13:58:00
Blue,Blue-21-Saturday-c7e66-0-14:04:00
Blue,Blue-21-Saturday-c7e66-0-14:10:00
Blue,Blue-21-Saturday-c7e66-0-14:16:00
Blue,Blue-21-Saturday-c7e66-0-14:22:00
Blue,Blue-21-Saturday-c7e66-0-14:28:00
Blue,Blue-21-Saturday-c7e66-0-14:34:00
Blue,Blue-21-Saturday-c7e66-0-14:40:00
Blue,Blue-21-Saturday-c7e66-0-14:46:00
Blue,Blue-21-Saturday-c7e66-0-14:52:00
Blue,Blue-21-Saturday-c7e66-0-14:58:00
Blue,Blue-21-Saturday-c7e66-0-15:04:00
Blue,Blue-21-Saturday-c7e66-0-15:10:00
Blue,Blue-21-Saturday-c7e66-0-15:16:00
Blue,Blue-21-Saturday-c7e66-0-15:22:00
Blue,Blue-21-Saturday-c7e66-0-15:28:00
Blue,Blue-21-Saturday-c7e66-0-15:34:00
Blue,Blue-21-Saturday-c7e66-0-15:40:00
Blue,Blue-21-Saturday-c7e66-0-15:46:00
Blue,Blue-21-Saturday-c7e66-0-15:52:00
Blue,Blue-21-Saturday-c7e66-0-15:58:00
Blue,Blue-21-Saturday-c7e66-0-16:04:00
Blue,Blue-21-Saturday-c7e66-0-16:10:00
Blue,Blue-21-Saturday-c7e66-0-16:16:00
Blue,Blue-21-Saturday-c7e66-0-16:22:00
Blue,Blue-21-Saturday-c7e66-0-16:28:00
Blue,Blue-21-Saturday-c7e66-0-16:34:00
Blue,Blue-21-Saturday-c7e66-0-16:40:00
Blue,Blue-21-Saturday-c7e66-0-16:46:00
Blue,Blue-21-Saturday-c7e66-0-16:52:00
Blue,Blue-21-Saturday-c7e66-0-16:58:00
Blue,Blue-21-Saturday-c7e66-0-17:04:00
Blue,Blue-21-Saturday-c7e66-0-17:10:00
Blue,Blue-21-Saturday-c7e66-0-17:16:00
Blue,Blue-21-Saturday-c7e66-0-17:22:00
Blue,Blue-21-Saturday-c7e66-0-17:28:00
Blue,Blue-21-Saturday-c7e66-0-17:34:00
Blue,Blue-21-Saturday-c7e66-0-17:40:00
Blue,Blue-21-Saturday-c7e66-0-17:46:00
Blue,Blue-21-Saturday-c7e66-0-17:52:00
Blue,Blue-21-Saturday-c7e66-0-17:58:00
Blue,Blue-21-Saturday-c7e66-0-18:04:00
Blue,Blue-21-Saturday-c7e66-0-18:11:00
Blue,Blue-21-Saturday-c7e66-0-18:18:00
Blue,Blue-21-Saturday-c7e66-0-18:25:00
Blue,Blue-21-Saturday-c7e66-0-18:32:00
Blue,Blue-21-Saturday-c7e66-0-18:39:00
Blue,Blue-21-Saturday-c7e66-0-18:46:00
Blue,Blue-21-Saturday-c7e66-0-18:53:00
Blue,Blue-21-Saturday-c7e66-0-19:00:00
Blue,Blue-21-Saturday-c7e66-0-19:07:00
Blue,Blue-21-Saturday-c7e66-0-19:14:00
Blue,Blue-21-Saturday-c7e66-0-19:21:00
Blue,Blue-21-Saturday-c7e66-0-19:28:00
Blue,Blue-21-Saturday-c7e66-0-19:35:00
Blue,Blue-21-Saturday-c7e66-0-19:42:00
Blue,Blue-21-Saturday-c7e66-0-19:49:00
Blue,Blue-21-Saturday-c7e66-0-19:56:00
Blue,Blue-21-Saturday-c7e66-0-20:03:00
Blue,Blue-21-Saturday-c7e66-0-20:10:00
Blue,Blue-21-Saturday-c7e66-0-20:17:00
Blue,Blue-21-Saturday-c7e66-0-20:24:00
Blue,Blue-21-Saturday-c7e66-0-20:31:00
Blue,Blue-21-Saturday-c7e66-0-20:38:00
Blue,Blue-21-Saturday-c7e66-0-20:45:00
Blue,Blue-21-Saturday-c7e66-0-20:52:00
Blue,Blue-21-Saturday-c7e66-0-20:59:00
Blue,Blue-21-Saturday-c7e66-0-21:06:00
Blue,Blue-21-Saturday-c7e66-0-21:12:00
Blue,Blue-21-Saturday-c7e66-0-21:18:00
Blue,Blue-21-Saturday-c7e66-0-21:24:00
Blue,Blue-21-Saturday-c7e66-0-21:30:00
Blue,Blue-21-Saturday-c7e66-0-21:36:00
Blue,Blue-21-Saturday-c7e66-0-21:42:00
Blue,Blue-21-Saturday-c7e66-0-21:48:00
Blue,Blue-21-Saturday-c7e66-0-21:54:00
Blue,Blue-21-Saturday-c7e66-0-22:00:00
Blue,Blue-21-Saturday-c7e66-0-22:06:00
Blue,Blue-21-Saturday-c7e66-0-22:12:00
Blue,Blue-21-Saturday-c7e66-0-22:18:00
Blue,Blue-21-Saturday-c7e66-0-22:24:00
Blue,Blue-21-Saturday-c7e66-0-22:30:00
Blue,Blue-21-Saturday-c7e66-0-22:36:00
Blue,Blue-21-Saturday-c7e66-0-22:42:00
Blue,Blue-21-Saturday-c7e66-0-22:48:00
Blue,Blue-21-Saturday-c7e66-0-22:54:00
Blue,Blue-21-Saturday-c7e66-0-23:00:00
Blue,Blue-21-Saturday-c7e66-0-23:06:00
Blue,Blue-21-Saturday-c7e66-0-23:12:00
Blue,Blue-21-Saturday-c7e66-0-23:18:00
Blue,Blue-21-Saturday-c7e66-0-23:24:00
Blue,Blue-21-Saturday-c7e66-0-23:30:00
Blue,Blue-21-Saturday-c7e66-0-23:36:00
Blue,Blue-21-Saturday-c7e66-0-23:42:00
Blue,Blue-21-Saturday-c7e66-0-23:48:00
Blue,Blue-21-Saturday-c7e66-0-23:54:00
Blue,Blue-21-Saturday-c7e66-0-24:00:00
Blue,Blue-21-Saturday-c7e66-0-24:06:00
Blue,Blue-21-Saturday-c7e66-0-24:12:00
Blue,Blue-21-Saturday-c7e66-0-24:18:00
Blue,Blue-21-Saturday-c7e66-0-24:24:00
Blue,Blue-21-Saturday-c7e66-0-24:30:00
Blue,Blue-21-Saturday-c7e66-0-24:36:00
Blue,Blue-21-Saturday-c7e66-0-24:42:00
Blue,Blue-21-Saturday-c7e66-0-24:48:00
Blue,Blue-21-Saturday-c7e66-0-24:54:00
Blue,Blue-21-Saturday-c7e66-0-25:00:00
Blue,Blue-21-Saturday-c7e66-0-25:06:00
Blue,Blue-21-Saturday-c7e66-0-25:12:00
Blue,Blue-21-Saturday-c7e66-0-25:18:00
Blue,Blue-21-Saturday-c7e66-0-25:24:00
Blue,Blue-21-Saturday-c7e66-0-25:30:00
Blue,Blue-21-Saturday-c7e66-0-25:36:00
Blue,Blue-21-Saturday-c7e66-0-25:38:00
Blue,Blue-21-Saturday-c7e66-1-05:19:00
Blue,Blue-21-Saturday-c7e66-1-05:25:00
Blue,Blue-21-Saturday-c7e66-1-05:31:00
Blue,Blue-21-Saturday-c7e66-1-05:37:00
Blue,Blue-21-Saturday-c7e66-1-05:43:00
Blue,Blue-21-Saturday-c7e66-1-05:49:00
Blue,Blue-21-Saturday-c7e66-1-05:55:00
Blue,Blue-21-Saturday-c7e66-1-06:01:00
Blue,Blue-21-Saturday-c7e66-1-06:08:00
Blue,Blue-21-Saturday-c7e66-1-06:15:00
Blue,Blue-21-Saturday-c7e66-1-06:22:00
Blue,Blue-21-Saturday-c7e66-1-06:29:00
Blue,Blue-21-Saturday-c7e66-1-06:36:00
Blue,Blue-21-Saturday-c7e66-1-06:43:00
Blue,Blue-21-Saturday-c7e66-1-06:50:00
Blue,Blue-21-Saturday-c7e66-1-06:57:00
Blue,Blue-21-Saturday-c7e66-1-07:04:00
Blue,Blue-21-Saturday-c7e66-1-07:11:00
Blue,Blue-21-Saturday-c7e66-1-07:18:00
Blue,Blue-21-Saturday-c7e66-1-07:25:00
Blue,Blue-21-Saturday-c7e66-1-07:32:00
Blue,Blue-21-Saturday-c7e66-1-07:39:00
Blue,Blue-21-Saturday-c7e66-1-07:46:00
Blue,Blue-21-Saturday-c7e66-1-07:53:00
Blue,Blue-21-Saturday-c7e66-1-08:00:00
Blue,Blue-21-Saturday-c7e66-1-08:08:00
Blue,Blue-21-Saturday-c7e66-1-08:16:00
Blue,Blue-21-Saturday-c7e66-1-08:24:00
Blue,Blue-21-Saturday-c7e66-1-08:32:00
Blue,Blue-21-Saturday-c7e66-1-08:40:00
Blue,Blue-21-Saturday-c7e66-1-08:48:00
Blue,Blue-21-Saturday-c7e66-1-08:56:00
Blue,Blue-21-Saturday-c7e66-1-09:04:00
Blue,Blue-21-Saturday-c7e66-1-09:09:00
Blue,Blue-21-Saturday-c7e66-1-09:14:00
Blue,Blue-21-Saturday-c7e66-1-09:19:00
Blue,Blue-21-Saturday-c7e66-1-09:24:00
Blue,Blue-21-Saturday-c7e66-1-09:29:00
Blue,Blue-21-Saturday-c7e66-1-09:34:00
Blue,Blue-21-Saturday-c7e66-1-09:39:00
Blue,Blue-21-Saturday-c7e66-1-09:44:00
Blue,Blue-21-Saturday-c7e66-1-09:49:00
Blue,Blue-21-Saturday-c7e66-1-09:54:00
Blue,Blue-21-Saturday-c7e66-1-09:59:00
Blue,Blue-21-Saturday-c7e66-1-10:04:00
Blue,Blue-21-Saturday-c7e66-1-10:10:00
Blue,Blue-21-Saturday-c7e66-1-10:16:00
Blue,Blue-21-Saturday-c7e66-1-10:22:00
Blue,Blue-21-Saturday-c7e66-1-10:28:00
Blue,Blue-21-Saturday-c7e66-1-10:34:00
Blue,Blue-21-Saturday-c7e66-1-10:40:00
Blue,Blue-21-Saturday-c7e66-1-10:46:00
Blue,Blue-21-Saturday-c7e66-1-10:52:00
Blue,Blue-21-Saturday-c7e66-1-10:58:00
Blue,Blue-21-Saturday-c7e66-1-11:04:00
Blue,Blue-21-Saturday-c7e66-1-11:11:00
Blue,Blue-21-Saturday-c7e66-1-11:18:00
Blue,Blue-21-Saturday-c7e66-1-11:25:00
Blue,Blue-21-Saturday-c7e66-1-11:32:00
Blue,Blue-21-Saturday-c7e66-1-11:39:00
Blue,Blue-21-Saturday-c7e66-1-11:46:00
Blue,Blue-21-Saturday-c7e66-1-11:53:00
Blue,Blue-21-Saturday-c7e66-1-12:00:00
Blue,Blue-21-Saturday-c7e66-1-12:05:00
Blue,Blue-21-Saturday-c7e66-1-12:10:00
Blue,Blue-21-Saturday-c7e66-1-12:15:00
Blue,Blue-21-Saturday-c7e66-1-12:20:00
Blue,Blue-21-Saturday-c7e66-1-12:25:00
Blue,Blue-21-Saturday-c7e66-1-12:30:00
Blue,Blue-21-Saturday-c7e66-1-12:35:00
Blue,Blue-21-Saturday-c7e66-1-12:40:00
Blue,Blue-21-Saturday-c7e66-1-12:45:00
Blue,Blue-21-Saturday-c7e66-1-12:50:00
Blue,Blue-21-Saturday-c7e66-1-12:55:00
Blue,Blue-21-Saturday-c7e66-1-13:00:00
Blue,Blue-21-Saturday-c7e66-1-13:06:00
Blue,Blue-21-Saturday-c7e66-1-13:12:00
Blue,Blue-21-Saturday-c7e66-1-13:18:00
Blue,Blue-21-Saturday-c7e66-1-13:24:00
Blue,Blue-21-Saturday-c7e66-1-13:30:00
Blue,Blue-21-Saturday-c7e66-1-13:36:00
Blue,Blue-21-Saturday-c7e66-1-13:42:00
Blue,Blue-21-Saturday-c7e66-1-13:48:00
Blue,Blue-21-Saturday-c7e66-1-13:54:00
Blue,Blue-21-Saturday-c7e66-1-14:00:00
Blue,Blue-21-Saturday-c7e66-1-14:06:00
Blue,Blue-21-Saturday-c7e66-1-14:12:00
Blue,Blue-21-Saturday-c7e66-1-14:18:00
Blue,Blue-21-Saturday-c7e66-1-14:24:00
Blue,Blue-21-Saturday-c7e66-1-14:30:00
Blue,Blue-21-Saturday-c7e66-1-14:36:00
Blue,Blue-21-Saturday-c7e66-1-14:42:00
Blue,Blue-21-Saturday-c7e66-1-14:48:00
Blue,Blue-21-Saturday-c7e66-1-14:54:00
Blue,Blue-21-Saturday-c7e66-1-15:00:00
Blue,Blue-21-Saturday-c7e66-1-15:06:00
Blue,Blue-21-Saturday-c7e66-1-15:12:00
Blue,Blue-21-Saturday-c7e66-1-15:18:00
Blue,Blue-21-Saturday-c7e66-1-15:24:00
Blue,Blue-21-Saturday-c7e66-1-15:30:00
Blue,Blue-21-Saturday-c7e66-1-15:36:00
Blue,Blue-21-Saturday-c7e66-1-15:42:00
Blue,Blue-21-Saturday-c7e66-1-15:48:00
Blue,Blue-21-Saturday-c7e66-1-15:54:00
Blue,Blue-21-Saturday-c7e66-1-16:00:00
Blue,Blue-21-Saturday-c7e66-1-16:06:00
Blue,Blue-21-Saturday-c7e66-1-16:12:00
Blue,Blue-21-Saturday-c7e66-1-16:18:00
Blue,Blue-21-Saturday-c7e66-1-16:24:00
Blue,Blue-21-Saturday-c7e66-1-16:30:00
Blue,Blue-21-Saturday-c7e66-1-16:36:00
Blue,Blue-21-Saturday-c7e66-1-16:42:00
Blue,Blue-21-Saturday-c7e66-1-16:48:00
Blue,Blue-21-Saturday-c7e66-1-16:54:00
Blue,Blue-21-Saturday-c7e66-1-17:00:00
Blue,Blue-21-Saturday-c7e66-1-17:06:00
Blue,Blue-21-Saturday-c7e66-1-17:12:00
Blue,Blue-21-Saturday-c7e66-1-17:18:00
Blue,Blue-21-Saturday-c7e66-1-17:24:00
Blue,Blue-21-Saturday-c7e66-1-17:30:00
Blue,Blue-21-Saturday-c7e66-1-17:36:00
Blue,Blue-21-Saturday-c7e66-1-17:42:00
Blue,Blue-21-Saturday-c7e66-1-17:48:00
Blue,Blue-21-Saturday-c7e66-1-17:54:00
Blue,Blue-21-Saturday-c7e66-1-18:00:00
Blue,Blue-21-Saturday-c7e66-1-18:07:00
Blue,Blue-21-Saturday-c7e66-1-18:14:00
Blue,Blue-21-Saturday-c7e66-1-18:21:00
Blue,Blue-21-Saturday-c7e66-1-18:28:00
Blue,Blue-21-Saturday-c7e66-1-18:35:00
Blue,Blue-21-Saturday-c7e66-1-18:42:00
Blue,Blue-21-Saturday-c7e66-1-18:49:00
Blue,Blue-21-Saturday-c7e66-1-18:56:00
Blue,Blue-21-Saturday-c7e66-1-19:03:00
Blue,Blue-21-Saturday-c7e66-1-19:10:00
Blue,Blue-21-Saturday-c7e66-1-19:17:00
Blue,Blue-21-Saturday-c7e66-1-19:24:00
Blue,Blue-21-Saturday-c7e66-1-19:31:00
Blue,Blue-21-Saturday-c7e66-1-19:38:00
Blue,Blue-21-Saturday-c7e66-1-19:45:00
Blue,Blue-21-Saturday-c7e66-1-19:52:00
Blue,Blue-21-Saturday-c7e66-1-19:59:00
Blue,Blue-21-Saturday-c7e66-1-20:06:00
Blue,Blue-21-Saturday-c7e66-1-20:13:00
Blue,Blue-21-Saturday-c7e66-1-20:20:00
Blue,Blue-21-Saturday-c7e66-1-20:27:00
Blue,Blue-21-Saturday-c7e66-1-20:34:00
Blue,Blue-21-Saturday-c7e66-1-20:41:00
Blue,Blue-21-Saturday-c7e66-1-20:48:00
Blue,Blue-21-Saturday-c7e66-1-20:55:00
Blue,Blue-21-Saturday-c7e66-1-21:02:00
Blue,Blue-21-Saturday-c7e66-1-21:08:00
Blue,Blue-21-Saturday-c7e66-1-21:14:00
Blue,Blue-21-Saturday-c7e66-1-21:20:00
Blue,Blue-21-Saturday-c7e66-1-21:26:00
Blue,Blue-21-Saturday-c7e66-1-21:32:00
Blue,Blue-21-Saturday-c7e66-1-21:38:00
Blue,Blue-21-Saturday-c7e66-1-21:44:00
Blue,Blue-21-Saturday-c7e66-1-21:50:00
Blue,Blue-21-Saturday-c7e66-1-21:56:00
Blue,Blue-21-Saturday-c7e66-1-22:02:00
Blue,Blue-21-Saturday-c7e66-1-22:08:00
Blue,Blue-21-Saturday-c7e66-1-22:14:00
Blue,Blue-21-Saturday-c7e66-1-22:20:00
Blue,Blue-21-Saturday-c7e66-1-22:26:00
Blue,Blue-21-Saturday-c7e66-1-22:32:00
Blue,Blue-21-Saturday-c7e66-1-22:38:00
Blue,Blue-21-Saturday-c7e66-1-22:44:00
Blue,Blue-21-Saturday-c7e66-1-22:50:00
Blue,Blue-21-Saturday-c7e66-1-22:56:00
Blue,Blue-21-Saturday-c7e66-1-23:02:00
Blue,Blue-21-Saturday-c7e66-1-23:08:00
Blue,Blue-21-Saturday-c7e66-1-23:14:00
Blue,Blue-21-Saturday-c7e66-1-23:20:00
Blue,Blue-21-Saturday-c7e66-1-23:26:00
Blue,Blue-21-Saturday-c7e66-1-23:32:00
Blue,Blue-21-Saturday-c7e66-1-23:38:00
Blue,Blue-21-Saturday-c7e66-1-23:44:00
Blue,Blue-21-Saturday-c7e66-1-23:50:00
Blue,Blue-21-Saturday-c7e66-1-23:56:00
Blue,Blue-21-Saturday-c7e66-1-24:02:00
Blue,Blue-21-Saturday-c7e66-1-24:08:00
Blue,Blue-21-Saturday-c7e66-1-24:14:00
Blue,Blue-21-Saturday-c7e66-1-24:20:00
Blue,Blue-21-Saturday-c7e66-1-24:26:00
Blue,Blue-21-Saturday-c7e66-1-24:32:00
Blue,Blue-21-Saturday-c7e66-1-24:38:00
Blue,Blue-21-Saturday-c7e66-1-24:44:00
Blue,Blue-21-Saturday-c7e66-1-24:50:00
Blue,Blue-21-Saturday-c7e66-1-24:56:00
Blue,Blue-21-Saturday-c7e66-1-25:02:00
Blue,Blue-21-Saturday-c7e66-1-25:08:00
Blue,Blue-21-Saturday-c7e66-1-25:14:00
Blue,Blue-21-Saturday-c7e66-1-25:20:00
Blue,Blue-21-Saturday-c7e66-1-25:26:00
Blue,Blue-21-Saturday-c7e66-1-25:32:00
Blue,Blue-21-Saturday-c7e66-1-25:38:00
Blue,Blue-21-Saturday-c7e66-1-25:44:00
Blue,Blue-21-Saturday-c7e66-1-25:50:00
Blue,Blue-21-Friday-c7e66-0-20:41:00
Blue,Blue-21-Friday-c7e66-0-20:47:00
Blue,Blue-21-Friday-c7e66-0-20:53:00
Blue,Blue-21-Friday-c7e66-0-20:59:00
Blue,Blue-21-Friday-c7e66-0-21:05:00
Blue,Blue-21-Friday-c7e66-0-21:11:00
Blue,Blue-21-Friday-c7e66-0-21:17:00
Blue,Blue-21-Friday-c7e66-0-21:23:00
Blue,Blue-21-Friday-c7e66-0-21:29:00
Blue,Blue-21-Friday-c7e66-0-21:35:00
Blue,Blue-21-Friday-c7e66-0-21:41:00
Blue,Blue-21-Friday-c7e66-0-21:47:00
Blue,Blue-21-Friday-c7e66-0-21:53:00
Blue,Blue-21-Friday-c7e66-0-21:59:00
Blue,Blue-21-Friday-c7e66-0-22:05:00
Blue,Blue-21-Friday-c7e66-0-22:11:00
Blue,Blue-21-Friday-c7e66-0-22:17:00
Blue,Blue-21-Friday-c7e66-0-22:23:00
Blue,Blue-21-Friday-c7e66-0-22:29:00
Blue,Blue-21-Friday-c7e66-0-22:35:00
Blue,Blue-21-Friday-c7e66-0-22:41:00
Blue,Blue-21-Friday-c7e66-0-22:47:00
Blue,Blue-21-Friday-c7e66-0-22:53:00
Blue,Blue-21-Friday-c7e66-0-22:59:00
Blue,Blue-21-Friday-c7e66-0-23:05:00
Blue,Blue-21-Friday-c7e66-0-23:10:00
Blue,Blue-21-Friday-c7e66-0-23:15:00
Blue,Blue-21-Friday-c7e66-0-23:20:00
Blue,Blue-21-Friday-c7e66-0-23:25:00
Blue,Blue-21-Friday-c7e66-0-23:30:00
Blue,Blue-21-Friday-c7e66-0-23:35:00
Blue,Blue-21-Friday-c7e66-0-23:40:00
Blue,Blue-21-Friday-c7e66-0-23:45:00
Blue,Blue-21-Friday-c7e66-0-23:50:00
Blue,Blue-21-Friday-c7e66-0-23:55:00
Blue,Blue-21-Friday-c7e66-0-24:00:00
Blue,Blue-21-Friday-c7e66-0-24:05:00
Blue,Blue-21-Friday-c7e66-0-24:10:00
Blue,Blue-21-Friday-c7e66-0-24:15:00
Blue,Blue-21-Friday-c7e66-0-24:20:00
Blue,Blue-21-Friday-c7e66-0-24:25:00
Blue,Blue-21-Friday-c7e66-0-24:30:00
Blue,Blue-21-Friday-c7e66-0-24:35:00
Blue,Blue-21-Friday-c7e66-0-24:40:00
Blue,Blue-21-Friday-c7e66-0-24:45:00
Blue,Blue-21-Friday-c7e66-0-24:50:00
Blue,Blue-21-Friday-c7e66-0-24:55:00
Blue,Blue-21-Friday-c7e66-0-25:00:00
Blue,Blue-21-Friday-c7e66-0-25:05:00
Blue,Blue-21-Friday-c7e66-0-25:10:00
Blue,Blue-21-Friday-c7e66-0-25:15:00
Blue,Blue-21-Friday-c7e66-0-25:20:00
Blue,Blue-21-Friday-c7e66-0-25:25:00
Blue,Blue-21-Friday-c7e66-0-25:30:00
Blue,Blue-21-Friday-c7e66-0-25:35:00
Blue,Blue-21-Friday-c7e66-0-25:38:00
Blue,Blue-21-Friday-c7e66-1-20:21:00
Blue,Blue-21-Friday-c7e66-1-20:27:00
Blue,Blue-21-Friday-c7e66-1-20:33:00
Blue,Blue-21-Friday-c7e66-1-20:39:00
Blue,Blue-21-Friday-c7e66-1-20:45:00
Blue,Blue-21-Friday-c7e66-1-20:51:00
Blue,Blue-21-Friday-c7e66-1-20:57:00
Blue,Blue-21-Friday-c7e66-1-21:03:00
Blue,Blue-21-Friday-c7e66-1-21:09:00
Blue,Blue-21-Friday-c7e66-1-21:15:00
Blue,Blue-21-Friday-c7e66-1-21:21:00
Blue,Blue-21-Friday-c7e66-1-21:27:00
Blue,Blue-21-Friday-c7e66-1-21:33:00
Blue,Blue-21-Friday-c7e66-1-21:39:00
Blue,Blue-21-Friday-c7e66-1-21:45:00
Blue,Blue-21-Friday-c7e66-1-21:51:00
Blue,Blue-21-Friday-c7e66-1-21:57:00
Blue,Blue-21-Friday-c7e66-1-22:03:00
Blue,Blue-21-Friday-c7e66-1-22:09:00
Blue,Blue-21-Friday-c7e66-1-22:15:00
Blue,Blue-21-Friday-c7e66-1-22:21:00
Blue,Blue-21-Friday-c7e66-1-22:27:00
Blue,Blue-21-Friday-c7e66-1-22:33:00
Blue,Blue-21-Friday-c7e66-1-22:39:00
Blue,Blue-21-Friday-c7e66-1-22:45:00
Blue,Blue-21-Friday-c7e66-1-22:51:00
Blue,Blue-21-Friday-c7e66-1-22:57:00
Blue,Blue-21-Friday-c7e66-1-23:03:00
Blue,Blue-21-Friday-c7e66-1-23:08:00
Blue,Blue-21-Friday-c7e66-1-23:13:00
Blue,Blue-21-Friday-c7e66-1-23:18:00
Blue,Blue-21-Friday-c7e66-1-23:23:00
Blue,Blue-21-Friday-c7e66-1-23:28:00
Blue,Blue-21-Friday-c7e66-1-23:33:00
Blue,Blue-21-Friday-c7e66-1-23:38:00
Blue,Blue-21-Friday-c7e66-1-23:43:00
Blue,Blue-21-Friday-c7e66-1-23:48:00
Blue,Blue-21-Friday-c7e66-1-23:53:00
Blue,Blue-21-Friday-c7e66-1-23:58:00
Blue,Blue-21-Friday-c7e66-1-24:03:00
Blue,Blue-21-Friday-c7e66-1-24:08:00
Blue,Blue-21-Friday-c7e66-1-24:13:00
Blue,Blue-21-Friday-c7e66-1-24:18:00
Blue,Blue-21-Friday-c7e66-1-24:23:00
Blue,Blue-21-Friday-c7e66-1-24:28:00
Blue,Blue-21-Friday-c7e66-1-24:33:00
Blue,Blue-21-Friday-c7e66-1-24:38:00
Blue,Blue-21-Friday-c7e66-1-24:43:00
Blue,Blue-21-Friday-c7e66-1-24:48:00
Blue,Blue-21-Friday-c7e66-1-24:53:00
Blue,Blue-21-Friday-c7e66-1-24:58:00
Blue,Blue-21-Friday-c7e66-1-25:03:00
Blue,Blue-21-Friday-c7e66-1-25:08:00
Blue,Blue-21-Friday-c7e66-1-25:13:00
Blue,Blue-21-Friday-c7e66-1-25:18:00
Blue,Blue-21-Friday-c7e66-1-25:23:00
Blue,Blue-21-Friday-c7e66-1-25:28:00
Blue,Blue-21-Friday-c7e66-1-25:33:00
Blue,Blue-21-Friday-c7e66-1-25:38:00
Blue,Blue-21-Friday-c7e66-1-25:43:00
Blue,Blue-21-Friday-c7e66-1-25:48:00
Blue,Blue-21-Friday-c7e66-1-25:52:00
