from_stop_id,to_stop_id,transfer_type,min_transfer_time,min_walk_time,min_wheelchair_time,suggested_buffer_time,wheelchair_transfer,from_trip_id,to_trip_id
FR-0301-02,FR-0301-01,0,,,,,,HaverhillRestoredWKDY-744207-1427,HaverhillRestoredWKDY-744251-429
FR-0301-02,FR-0301-02,0,,,,,,HaverhillRestoredWKDY-744238-406,HaverhillRestoredWKDY-744200-1408
WML-0199-02,WML-0199-01,0,,,,,,July14UpdatesWKDY-742646-1561,July14UpdatesWKDY-742669-565
WML-0199-02,WML-0199-01,0,,,,,,OLSignsWKDY-739277-1561,OLSignsWKDY-739300-565
WML-0199-02,WML-0199-02,0,,,,,,July14UpdatesWKDY-742647-1567,July14UpdatesWKDY-742667-571
WML-0199-02,WML-0199-02,0,,,,,,July14UpdatesWKDY-742651-1555,July14UpdatesWKDY-742671-559
WML-0199-02,WML-0199-02,0,,,,,,July14UpdatesWKDY-742652-1551,July14UpdatesWKDY-742673-553
WML-0199-02,WML-0199-02,0,,,,,,July14UpdatesWKDY-742689-518,July14UpdatesWKDY-742653-1522
WML-0199-02,WML-0199-02,0,,,,,,July14UpdatesWKDY-742690-514,July14UpdatesWKDY-742655-1516
WML-0199-02,WML-0199-02,0,,,,,,July14UpdatesWKDY-742691-510,July14UpdatesWKDY-742656-1512
WML-0199-02,WML-0199-02,0,,,,,,OLSignsWKDY-739278-1567,OLSignsWKDY-739298-571
WML-0199-02,WML-0199-02,0,,,,,,OLSignsWKDY-739282-1555,OLSignsWKDY-739302-559
WML-0199-02,WML-0199-02,0,,,,,,OLSignsWKDY-739283-1551,OLSignsWKDY-739304-553
WML-0199-02,WML-0199-02,0,,,,,,OLSignsWKDY-739320-518,OLSignsWKDY-739284-1522
WML-0199-02,WML-0199-02,0,,,,,,OLSignsWKDY-739321-514,OLSignsWKDY-739286-1516
WML-0199-02,WML-0199-02,0,,,,,,OLSignsWKDY-739322-510,OLSignsWKDY-739287-1512
WML-0214-01,WML-0214-01,0,,,,,,July14UpdatesWKDY-742654-1517,July14UpdatesWKDY-742688-519
WML-0214-01,WML-0214-01,0,,,,,,July14UpdatesWKDY-742657-1511,July14UpdatesWKDY-742847-515
WML-0214-01,WML-0214-01,0,,,,,,OLSignsWKDY-739285-1517,OLSignsWKDY-739319-519
WML-0214-01,WML-0214-01,0,,,,,,OLSignsWKDY-739288-1511,OLSignsWKDY-739496-515
WML-0214-02,WML-0214-01,0,,,,,,July14UpdatesWKDY-742670-560,July14UpdatesWKDY-742649-1562
WML-0214-02,WML-0214-01,0,,,,,,July14UpdatesWKDY-742672-556,July14UpdatesWKDY-742650-1558
WML-0214-02,WML-0214-01,0,,,,,,July14UpdatesWKDY-742687-520,July14UpdatesWKDY-742653-1522
WML-0214-02,WML-0214-01,0,,,,,,OLSignsWKDY-739301-560,OLSignsWKDY-739280-1562
WML-0214-02,WML-0214-01,0,,,,,,OLSignsWKDY-739303-556,OLSignsWKDY-739281-1558
WML-0214-02,WML-0214-01,0,,,,,,OLSignsWKDY-739318-520,OLSignsWKDY-739284-1522
ER-0168-S,ER-0168-S,1,,,,,,HaverhillRestoredWKDY-744361-193,HaverhillRestoredWKDY-744334-93
FB-0095-04,NEC-2192-02,1,,,,,,CorrectedFairmountSigns-740338-5706,CorrectedFairmountSigns-739508-5806
FB-0095-04,NEC-2192-02,1,,,,,,CorrectedFairmountSigns-740353-5778,CorrectedFairmountSigns-739523-5878
FB-0095-04,NEC-2192-02,1,,,,,,CorrectedFairmountSigns-740354-5784,CorrectedFairmountSigns-739524-5884
FB-0095-04,NEC-2192-02,1,,,,,,CorrectedFairmountSigns-740356-5792,CorrectedFairmountSigns-739526-5892
FB-0095-04,NEC-2192-02,1,,,,,,July14UpdatesWKDY-742427-1708,July14UpdatesWKDY-742603-908
FB-0095-04,NEC-2192-02,1,,,,,,July14UpdatesWKDY-742439-1756,July14UpdatesWKDY-742585-856
FB-0095-04,NEC-2192-02,1,,,,,,July14UpdatesWKDY-742553-776,July14UpdatesWKDY-742592-874
FB-0095-04,NEC-2192-02,1,,,,,,July14UpdatesWKDY-742556-784,July14UpdatesWKDY-742849-984
FB-0095-04,NEC-2192-02,1,,,,,,July14UpdatesWKDY-742840-792,July14UpdatesWKDY-745602-892
FB-0095-04,NEC-2192-02,1,,,,,,July14UpdatesWKND-743277-5706,July14UpdatesWKND-743112-5806
FB-0095-04,NEC-2192-02,1,,,,,,July14UpdatesWKND-743292-5778,July14UpdatesWKND-743127-5878
FB-0095-04,NEC-2192-02,1,,,,,,July14UpdatesWKND-743293-5784,July14UpdatesWKND-743128-5884
FB-0095-04,NEC-2192-02,1,,,,,,July14UpdatesWKND-743295-5792,July14UpdatesWKND-743130-5892
FB-0095-04,NEC-2192-02,1,,,,,,OLSignsWKDY-739054-1708,OLSignsWKDY-739234-908
FB-0095-04,NEC-2192-02,1,,,,,,OLSignsWKDY-739066-1756,OLSignsWKDY-739216-856
FB-0095-04,NEC-2192-02,1,,,,,,OLSignsWKDY-739184-776,OLSignsWKDY-739223-874
FB-0095-04,NEC-2192-02,1,,,,,,OLSignsWKDY-739187-784,OLSignsWKDY-739498-984
FB-0095-04,NEC-2192-02,1,,,,,,OLSignsWKDY-739489-792,OLSignsWKDY-739230-892
FB-0095-05,NEC-2192-02,1,,,,,,CorrectedFairmountSigns-740341-5724,CorrectedFairmountSigns-739511-5824
FB-0095-05,NEC-2192-02,1,,,,,,CorrectedFairmountSigns-740342-5730,CorrectedFairmountSigns-739512-5830
FB-0095-05,NEC-2192-02,1,,,,,,CorrectedFairmountSigns-740344-5738,CorrectedFairmountSigns-739514-5838
FB-0095-05,NEC-2192-02,1,,,,,,CorrectedFairmountSigns-740346-5746,CorrectedFairmountSigns-739516-5846
FB-0095-05,NEC-2192-02,1,,,,,,CorrectedFairmountSigns-740348-5754,CorrectedFairmountSigns-739519-5856
FB-0095-05,NEC-2192-02,1,,,,,,CorrectedFairmountSigns-740351-5768,CorrectedFairmountSigns-739521-5868
FB-0095-05,NEC-2192-02,1,,,,,,July14UpdatesWKND-743280-5724,July14UpdatesWKND-743115-5824
FB-0095-05,NEC-2192-02,1,,,,,,July14UpdatesWKND-743281-5730,July14UpdatesWKND-743116-5830
FB-0095-05,NEC-2192-02,1,,,,,,July14UpdatesWKND-743283-5738,July14UpdatesWKND-743118-5838
FB-0095-05,NEC-2192-02,1,,,,,,July14UpdatesWKND-743285-5746,July14UpdatesWKND-743120-5846
FB-0095-05,NEC-2192-02,1,,,,,,July14UpdatesWKND-743287-5754,July14UpdatesWKND-743123-5856
FB-0095-05,NEC-2192-02,1,,,,,,July14UpdatesWKND-743290-5768,July14UpdatesWKND-743125-5868
MM-0109-S,MM-0109-S,1,,,,,,CorrectedFairmountSigns-739620-7047,CorrectedFairmountSigns-739545-6047
MM-0109-S,MM-0109-S,1,,,,,,July14UpdatesWKDY-742880-1002,July14UpdatesWKDY-742921-2002
MM-0109-S,MM-0109-S,1,,,,,,July14UpdatesWKDY-742904-2047,July14UpdatesWKDY-742975-1047
MM-0109-S,MM-0109-S,1,,,,,,July14UpdatesWKND-743334-7047,July14UpdatesWKND-743366-6047
MM-0109-S,MM-0109-S,1,,,,,,OLSignsWKDY-738948-1002,OLSignsWKDY-739103-2002
MM-0109-S,MM-0109-S,1,,,,,,OLSignsWKDY-739119-2047,OLSignsWKDY-738972-1047
NBM-0374-01,NBM-0374-02,1,,,,,,CorrectedFairmountSigns-739616-7029,CorrectedFairmountSigns-739606-6979
NBM-0374-01,NBM-0374-02,1,,,,,,July14UpdatesWKDY-742906-2041,July14UpdatesWKDY-742924-1991
NBM-0374-01,NBM-0374-02,1,,,,,,July14UpdatesWKDY-742908-2037,July14UpdatesWKDY-742926-1987
NBM-0374-01,NBM-0374-02,1,,,,,,July14UpdatesWKDY-742910-2033,July14UpdatesWKDY-742928-1983
NBM-0374-01,NBM-0374-02,1,,,,,,July14UpdatesWKDY-742917-2021,July14UpdatesWKDY-742934-1971
NBM-0374-01,NBM-0374-02,1,,,,,,July14UpdatesWKDY-742939-1939,July14UpdatesWKDY-742894-2089
NBM-0374-01,NBM-0374-02,1,,,,,,July14UpdatesWKDY-742942-1925,July14UpdatesWKDY-742896-2075
NBM-0374-01,NBM-0374-02,1,,,,,,July14UpdatesWKDY-742943-1919,July14UpdatesWKDY-742897-2069
NBM-0374-01,NBM-0374-02,1,,,,,,July14UpdatesWKDY-742944-1917,July14UpdatesWKDY-742898-2067
NBM-0374-01,NBM-0374-02,1,,,,,,July14UpdatesWKDY-742945-1915,July14UpdatesWKDY-742899-2065
NBM-0374-01,NBM-0374-02,1,,,,,,July14UpdatesWKDY-742947-1911,July14UpdatesWKDY-742901-2061
NBM-0374-01,NBM-0374-02,1,,,,,,July14UpdatesWKDY-742948-1909,July14UpdatesWKDY-742902-2059
NBM-0374-01,NBM-0374-02,1,,,,,,July14UpdatesWKDY-742950-1905,July14UpdatesWKDY-742903-2055
NBM-0374-01,NBM-0374-02,1,,,,,,July14UpdatesWKND-743323-7029,July14UpdatesWKND-743338-6979
NBM-0374-01,NBM-0374-02,1,,,,,,OLSignsWKDY-739075-1905,OLSignsWKDY-739120-2055
NBM-0374-01,NBM-0374-02,1,,,,,,OLSignsWKDY-739077-1909,OLSignsWKDY-739121-2059
NBM-0374-01,NBM-0374-02,1,,,,,,OLSignsWKDY-739079-1915,OLSignsWKDY-739124-2065
NBM-0374-01,NBM-0374-02,1,,,,,,OLSignsWKDY-739080-1917,OLSignsWKDY-739125-2067
NBM-0374-01,NBM-0374-02,1,,,,,,OLSignsWKDY-739082-1911,OLSignsWKDY-739122-2061
NBM-0374-01,NBM-0374-02,1,,,,,,OLSignsWKDY-739083-1925,OLSignsWKDY-739127-2075
NBM-0374-01,NBM-0374-02,1,,,,,,OLSignsWKDY-739086-1939,OLSignsWKDY-739129-2089
NBM-0374-01,NBM-0374-02,1,,,,,,OLSignsWKDY-739088-1945,OLSignsWKDY-739131-2095
NBM-0374-01,NBM-0374-02,1,,,,,,OLSignsWKDY-739106-2021,OLSignsWKDY-739091-1971
NBM-0374-01,NBM-0374-02,1,,,,,,OLSignsWKDY-739113-2033,OLSignsWKDY-739096-1983
NBM-0374-01,NBM-0374-02,1,,,,,,OLSignsWKDY-739115-2037,OLSignsWKDY-739098-1987
NBM-0374-01,NBM-0374-02,1,,,,,,OLSignsWKDY-739117-2041,OLSignsWKDY-739100-1991
NBM-0374-01,NBM-0374-02,1,,,,,,OLSignsWKDY-739119-2047,OLSignsWKDY-739102-1997
NBM-0374-01,NBM-0374-02,1,,,,,,OLSignsWKDY-739488-1919,OLSignsWKDY-739126-2069
NBM-0374-02,NBM-0374-01,1,,,,,,July14UpdatesWKDY-742891-2092,July14UpdatesWKDY-742938-1942
NBM-0374-02,NBM-0374-01,1,,,,,,July14UpdatesWKDY-742895-2086,July14UpdatesWKDY-742940-1936
NBM-0374-02,NBM-0374-01,1,,,,,,July14UpdatesWKDY-742900-2062,July14UpdatesWKDY-742946-1912
NBM-0374-02,NBM-0374-01,1,,,,,,July14UpdatesWKDY-742923-1994,July14UpdatesWKDY-742905-2044
NBM-0374-02,NBM-0374-01,1,,,,,,July14UpdatesWKDY-742925-1988,July14UpdatesWKDY-742907-2038
NBM-0374-02,NBM-0374-01,1,,,,,,July14UpdatesWKDY-742927-1984,July14UpdatesWKDY-742909-2034
NBM-0374-02,NBM-0374-01,1,,,,,,July14UpdatesWKDY-742929-1980,July14UpdatesWKDY-742911-2030
NBM-0374-02,NBM-0374-01,1,,,,,,July14UpdatesWKDY-742930-1978,July14UpdatesWKDY-742913-2028
NBM-0374-02,NBM-0374-01,1,,,,,,July14UpdatesWKDY-742931-1976,July14UpdatesWKDY-742914-2026
NBM-0374-02,NBM-0374-01,1,,,,,,July14UpdatesWKDY-742932-1974,July14UpdatesWKDY-742915-2024
NBM-0374-02,NBM-0374-01,1,,,,,,July14UpdatesWKDY-742933-1972,July14UpdatesWKDY-742916-2022
NBM-0374-02,NBM-0374-01,1,,,,,,July14UpdatesWKDY-742935-1966,July14UpdatesWKDY-742919-2016
NBM-0374-02,NBM-0374-01,1,,,,,,July14UpdatesWKDY-742936-1960,July14UpdatesWKDY-742920-2010
NBM-0374-02,NBM-0374-01,1,,,,,,OLSignsWKDY-739089-1960,OLSignsWKDY-739104-2010
NBM-0374-02,NBM-0374-01,1,,,,,,OLSignsWKDY-739090-1966,OLSignsWKDY-739105-2016
NBM-0374-02,NBM-0374-01,1,,,,,,OLSignsWKDY-739092-1972,OLSignsWKDY-739107-2022
NBM-0374-02,NBM-0374-01,1,,,,,,OLSignsWKDY-739093-1974,OLSignsWKDY-739108-2024
NBM-0374-02,NBM-0374-01,1,,,,,,OLSignsWKDY-739094-1978,OLSignsWKDY-739110-2028
NBM-0374-02,NBM-0374-01,1,,,,,,OLSignsWKDY-739095-1980,OLSignsWKDY-739112-2030
NBM-0374-02,NBM-0374-01,1,,,,,,OLSignsWKDY-739097-1976,OLSignsWKDY-739109-2026
NBM-0374-02,NBM-0374-01,1,,,,,,OLSignsWKDY-739099-1988,OLSignsWKDY-739116-2038
NBM-0374-02,NBM-0374-01,1,,,,,,OLSignsWKDY-739101-1994,OLSignsWKDY-739118-2044
NBM-0374-02,NBM-0374-01,1,,,,,,OLSignsWKDY-739123-2062,OLSignsWKDY-739078-1912
NBM-0374-02,NBM-0374-01,1,,,,,,OLSignsWKDY-739128-2086,OLSignsWKDY-739085-1936
NBM-0374-02,NBM-0374-01,1,,,,,,OLSignsWKDY-739130-2092,OLSignsWKDY-739087-1942
NBM-0374-02,NBM-0374-01,1,,,,,,OLSignsWKDY-739485-1984,OLSignsWKDY-739114-2034
NEC-2192-03,FB-0095-04,1,,,,,,CorrectedFairmountSigns-739509-5815,CorrectedFairmountSigns-740339-5715
NEC-2192-03,FB-0095-04,1,,,,,,CorrectedFairmountSigns-739525-5885,CorrectedFairmountSigns-740355-5785
NEC-2192-03,FB-0095-04,1,,,,,,CorrectedFairmountSigns-739527-5893,CorrectedFairmountSigns-740357-5793
NEC-2192-03,FB-0095-04,1,,,,,,July14UpdatesWKDY-742600-893,July14UpdatesWKDY-742558-793
NEC-2192-03,FB-0095-04,1,,,,,,July14UpdatesWKDY-745601-885,July14UpdatesWKDY-742446-1785
NEC-2192-03,FB-0095-04,1,,,,,,July14UpdatesWKDY-746198-875,July14UpdatesWKDY-742444-1775
NEC-2192-03,FB-0095-04,1,,,,,,July14UpdatesWKND-743113-5815,July14UpdatesWKND-743278-5715
NEC-2192-03,FB-0095-04,1,,,,,,July14UpdatesWKND-743129-5885,July14UpdatesWKND-743294-5785
NEC-2192-03,FB-0095-04,1,,,,,,July14UpdatesWKND-743131-5893,July14UpdatesWKND-743296-5793
NEC-2192-03,FB-0095-04,1,,,,,,OLSignsWKDY-739224-875,OLSignsWKDY-739071-1775
NEC-2192-03,FB-0095-04,1,,,,,,OLSignsWKDY-739227-885,OLSignsWKDY-739073-1785
NEC-2192-03,FB-0095-04,1,,,,,,OLSignsWKDY-739231-893,OLSignsWKDY-739189-793
NEC-2192-03,FB-0095-05,1,,,,,,CorrectedFairmountSigns-739510-5821,CorrectedFairmountSigns-740340-5721
NEC-2192-03,FB-0095-05,1,,,,,,CorrectedFairmountSigns-739513-5831,CorrectedFairmountSigns-740343-5731
NEC-2192-03,FB-0095-05,1,,,,,,CorrectedFairmountSigns-739515-5839,CorrectedFairmountSigns-740345-5739
NEC-2192-03,FB-0095-05,1,,,,,,CorrectedFairmountSigns-739517-5847,CorrectedFairmountSigns-740347-5747
NEC-2192-03,FB-0095-05,1,,,,,,CorrectedFairmountSigns-739518-5855,CorrectedFairmountSigns-740349-5755
NEC-2192-03,FB-0095-05,1,,,,,,CorrectedFairmountSigns-739520-5867,CorrectedFairmountSigns-740350-5767
NEC-2192-03,FB-0095-05,1,,,,,,CorrectedFairmountSigns-739522-5877,CorrectedFairmountSigns-740352-5777
NEC-2192-03,FB-0095-05,1,,,,,,July14UpdatesWKND-743114-5821,July14UpdatesWKND-743279-5721
NEC-2192-03,FB-0095-05,1,,,,,,July14UpdatesWKND-743117-5831,July14UpdatesWKND-743282-5731
NEC-2192-03,FB-0095-05,1,,,,,,July14UpdatesWKND-743119-5839,July14UpdatesWKND-743284-5739
NEC-2192-03,FB-0095-05,1,,,,,,July14UpdatesWKND-743121-5847,July14UpdatesWKND-743286-5747
NEC-2192-03,FB-0095-05,1,,,,,,July14UpdatesWKND-743122-5855,July14UpdatesWKND-743288-5755
NEC-2192-03,FB-0095-05,1,,,,,,July14UpdatesWKND-743124-5867,July14UpdatesWKND-743289-5767
NEC-2192-03,FB-0095-05,1,,,,,,July14UpdatesWKND-743126-5877,July14UpdatesWKND-743291-5777
NEC-2237-03,NEC-2237-05,1,,,,,,July14UpdatesWKDY-742598-889,July14UpdatesWKDY-742537-689
NEC-2237-03,NEC-2237-05,1,,,,,,July14UpdatesWKDY-742600-893,July14UpdatesWKDY-742538-693
NEC-2237-03,NEC-2237-05,1,,,,,,OLSignsWKDY-739229-889,OLSignsWKDY-739164-689
NEC-2237-03,NEC-2237-05,1,,,,,,OLSignsWKDY-739231-893,OLSignsWKDY-739165-693
10642,70001,2,133,73,148,60,1,,
10642,875,2,225,105,190,120,1,,
10642,Forest Hills-01,2,133,73,148,60,1,,
10642,Forest Hills-02,2,133,73,148,60,1,,
10642,NEC-2237,2,454,154,259,300,1,,
10642,NEC-2237-03,2,454,154,259,300,1,,
10642,NEC-2237-05,2,454,154,259,300,1,,
11384,176,2,178,58,75,120,1,,
11384,23391,2,196,76,99,120,1,,
11384,70014,2,136,76,131,60,1,,
11384,70015,2,136,76,131,60,1,,
11384,NEC-2276,2,338,38,49,300,1,,
11384,NEC-2276-01,2,371,71,144,300,1,,
11384,NEC-2276-02,2,370,70,167,300,1,,
11384,NEC-2276-03,2,371,71,144,300,1,,
11384,WML-0012-05,2,443,143,233,300,1,,
11384,WML-0012-07,2,443,143,233,300,1,,
11531,70006,2,115,55,126,60,1,,
11531,70007,2,115,55,126,60,1,,
121,70085,2,255,195,299,60,1,,
121,70086,2,255,195,299,60,1,,
121,70095,2,251,191,294,60,1,,
121,70096,2,251,191,294,60,1,,
121,MM-0023-S,2,388,88,114,300,1,,
1222,1258,2,230,110,142,120,1,,
1222,1323,2,223,103,133,120,1,,
1222,1357,2,207,87,113,120,1,,
1222,70008,2,212,152,243,60,1,,
1222,70009,2,212,152,243,60,1,,
1258,1222,2,230,110,142,120,1,,
1258,1323,2,180,60,77,120,1,,
1258,1357,2,164,44,57,120,1,,
1258,70008,2,168,108,187,60,1,,
1258,70009,2,168,108,187,60,1,,
13,70083,2,145,85,169,60,1,,
13,70084,2,143,83,167,60,1,,
1323,1222,2,223,103,133,120,1,,
1323,1258,2,180,60,77,120,1,,
1323,1357,2,157,37,48,120,1,,
1323,70008,2,161,101,178,60,1,,
1323,70009,2,161,101,178,60,1,,
1357,1222,2,207,87,113,120,1,,
1357,1258,2,164,44,57,120,1,,
1357,1323,2,157,37,48,120,1,,
1357,70008,2,145,85,158,60,1,,
1357,70009,2,145,85,158,60,1,,
141,70061,2,204,144,241,60,1,,
141,9070061,2,167,47,60,120,1,,
141,Alewife-01,2,204,144,241,60,1,,
141,Alewife-02,2,204,144,241,60,1,,
150,151,2,143,23,29,120,1,,
150,70081,2,112,52,138,60,1,,
150,70082,2,112,52,138,60,1,,
151,150,2,143,23,29,120,1,,
151,70081,2,121,61,150,60,1,,
151,70082,2,121,61,150,60,1,,
15796,15797,2,141,21,27,120,1,,
15796,15798,2,157,37,48,120,1,,
15796,15799,2,177,57,74,120,1,,
15796,15800,2,197,77,100,120,1,,
15796,70059,2,136,76,96,60,1,,
15796,70060,2,243,183,261,60,1,,
15797,15796,2,141,21,27,120,1,,
15797,15798,2,142,22,28,120,1,,
15797,15799,2,162,42,55,120,1,,
15797,15800,2,183,63,81,120,1,,
15797,70059,2,121,61,77,60,1,,
15797,70060,2,228,168,242,60,1,,
15798,15796,2,157,37,48,120,1,,
15798,15797,2,142,22,28,120,1,,
15798,15799,2,178,58,75,120,1,,
15798,15800,2,198,78,101,120,1,,
15798,70059,2,137,77,97,60,1,,
15798,70060,2,244,184,263,60,1,,
15799,15796,2,177,57,74,120,1,,
15799,15797,2,162,42,55,120,1,,
15799,15798,2,178,58,75,120,1,,
15799,15800,2,219,99,128,120,1,,
15799,70059,2,158,98,123,60,1,,
15799,70060,2,264,204,289,60,1,,
15800,15796,2,197,77,100,120,1,,
15800,15797,2,183,63,81,120,1,,
15800,15798,2,198,78,101,120,1,,
15800,15799,2,219,99,128,120,1,,
15800,70059,2,178,118,150,60,1,,
15800,70060,2,284,224,315,60,1,,
15880,5879,2,179,59,161,120,1,,
15880,5880,2,179,59,161,120,1,,
15880,70051,2,106,46,140,60,1,,
15880,70052,2,80,20,24,60,1,,
176,11384,2,178,58,75,120,1,,
176,23391,2,236,116,150,120,1,,
176,70014,2,172,112,178,60,1,,
176,70015,2,172,112,178,60,1,,
176,NEC-2276,2,359,59,76,300,1,,
176,NEC-2276-01,2,406,106,189,300,1,,
176,NEC-2276-02,2,392,92,195,300,1,,
176,NEC-2276-03,2,406,106,189,300,1,,
176,WML-0012-05,2,486,186,289,300,1,,
176,WML-0012-07,2,486,186,289,300,1,,
17861,17862,2,160,40,111,120,1,,
17861,17863,2,172,52,127,120,1,,
17861,70010,2,116,56,145,60,1,,
17861,70011,2,116,56,145,60,1,,
17861,NEC-2265,2,325,25,32,300,1,,
17861,NEC-2265-01,2,353,53,118,300,1,,
17861,NEC-2265-02,2,457,157,263,300,1,,
17861,NEC-2265-03,2,353,53,118,300,1,,
17862,17861,2,160,40,111,120,1,,
17862,17863,2,132,12,15,120,1,,
17862,70010,2,116,56,205,60,1,,
17862,70011,2,116,56,205,60,1,,
17862,NEC-2265,2,330,30,99,300,1,,
17862,NEC-2265-01,2,332,32,152,300,1,,
17862,NEC-2265-02,2,431,131,169,300,1,,
17862,NEC-2265-03,2,332,32,152,300,1,,
17863,17861,2,172,52,127,120,1,,
17863,17862,2,132,12,15,120,1,,
17863,70010,2,127,67,220,60,1,,
17863,70011,2,127,67,220,60,1,,
17863,NEC-2265,2,342,42,114,300,1,,
17863,NEC-2265-01,2,344,44,161,300,1,,
17863,NEC-2265-02,2,442,142,184,300,1,,
17863,NEC-2265-03,2,344,44,161,300,1,,
185,18511,2,146,26,34,120,1,,
185,70275,2,155,35,42,120,1,,
185,70276,2,153,33,40,120,1,,
18511,185,2,146,26,34,120,1,,
18511,70275,2,177,57,71,120,1,,
18511,70276,2,149,29,35,120,1,,
187,188,2,172,52,67,120,1,,
187,70012,2,130,70,135,60,1,,
187,70013,2,130,70,135,60,1,,
188,187,2,172,52,67,120,1,,
188,70012,2,134,74,141,60,1,,
188,70013,2,134,74,141,60,1,,
21917,21918,2,167,47,61,120,1,,
21917,70174,2,267,147,187,120,1,,
21917,70175,2,269,149,189,120,1,,
21918,21917,2,167,47,61,120,1,,
21918,70174,2,243,123,156,120,1,,
21918,70175,2,295,175,224,120,1,,
23391,11384,2,196,76,99,120,1,,
23391,176,2,236,116,150,120,1,,
23391,70014,2,159,99,162,60,1,,
23391,70015,2,159,99,162,60,1,,
23391,NEC-2276,2,363,63,82,300,1,,
23391,NEC-2276-01,2,343,43,108,300,1,,
23391,NEC-2276-02,2,383,83,183,300,1,,
23391,NEC-2276-03,2,343,43,108,300,1,,
23391,WML-0012-05,2,481,181,282,300,1,,
23391,WML-0012-07,2,481,181,282,300,1,,
29001,29002,2,136,16,21,120,1,,
29001,29003,2,145,25,33,120,1,,
29001,29004,2,155,35,45,120,1,,
29001,29005,2,164,44,57,120,1,,
29001,29006,2,174,54,70,120,1,,
29001,29007,2,237,117,141,120,1,,
29001,29008,2,231,111,134,120,1,,
29001,29009,2,241,121,147,120,1,,
29001,29010,2,250,130,158,120,1,,
29001,29011,2,248,128,156,120,1,,
29001,29012,2,256,136,165,120,1,,
29001,29013,2,266,146,179,120,1,,
29001,29014,2,275,155,190,120,1,,
29001,70030,2,136,76,135,60,1,,
29001,70031,2,136,76,135,60,1,,
29002,29001,2,136,16,21,120,1,,
29002,29003,2,130,10,13,120,1,,
29002,29004,2,139,19,25,120,1,,
29002,29005,2,148,28,37,120,1,,
29002,29006,2,158,38,49,120,1,,
29002,29007,2,216,96,124,120,1,,
29002,29008,2,210,90,116,120,1,,
29002,29009,2,220,100,129,120,1,,
29002,29010,2,229,109,141,120,1,,
29002,29011,2,227,107,139,120,1,,
29002,29012,2,235,115,148,120,1,,
29002,29013,2,245,125,162,120,1,,
29002,29014,2,254,134,173,120,1,,
29002,70030,2,133,73,129,60,1,,
29002,70031,2,133,73,129,60,1,,
29003,29001,2,145,25,33,120,1,,
29003,29002,2,130,10,13,120,1,,
29003,29004,2,130,10,13,120,1,,
29003,29005,2,139,19,24,120,1,,
29003,29006,2,149,29,37,120,1,,
29003,29007,2,206,86,112,120,1,,
29003,29008,2,201,81,104,120,1,,
29003,29009,2,211,91,117,120,1,,
29003,29010,2,220,100,129,120,1,,
29003,29011,2,218,98,127,120,1,,
29003,29012,2,225,105,136,120,1,,
29003,29013,2,236,116,149,120,1,,
29003,29014,2,245,125,161,120,1,,
29003,70030,2,131,71,126,60,1,,
29003,70031,2,131,71,126,60,1,,
29004,29001,2,155,35,45,120,1,,
29004,29002,2,139,19,25,120,1,,
29004,29003,2,130,10,13,120,1,,
29004,29005,2,129,9,11,120,1,,
29004,29006,2,139,19,24,120,1,,
29004,29007,2,196,76,99,120,1,,
29004,29008,2,191,71,91,120,1,,
29004,29009,2,201,81,104,120,1,,
29004,29010,2,210,90,116,120,1,,
29004,29011,2,208,88,114,120,1,,
29004,29012,2,215,95,123,120,1,,
29004,29013,2,226,106,136,120,1,,
29004,29014,2,235,115,148,120,1,,
29004,70030,2,128,68,135,60,1,,
29004,70031,2,128,68,135,60,1,,
29005,29001,2,164,44,57,120,1,,
29005,29002,2,148,28,37,120,1,,
29005,29003,2,139,19,24,120,1,,
29005,29004,2,129,9,11,120,1,,
29005,29006,2,130,10,13,120,1,,
29005,29007,2,188,68,88,120,1,,
29005,29008,2,182,62,80,120,1,,
29005,29009,2,192,72,93,120,1,,
29005,29010,2,201,81,105,120,1,,
29005,29011,2,199,79,103,120,1,,
29005,29012,2,207,87,112,120,1,,
29005,29013,2,217,97,126,120,1,,
29005,29014,2,226,106,137,120,1,,
29005,70030,2,137,77,135,60,1,,
29005,70031,2,137,77,135,60,1,,
29006,29001,2,174,54,70,120,1,,
29006,29002,2,158,38,49,120,1,,
29006,29003,2,149,29,37,120,1,,
29006,29004,2,139,19,24,120,1,,
29006,29005,2,130,10,13,120,1,,
29006,29007,2,178,58,75,120,1,,
29006,29008,2,172,52,67,120,1,,
29006,29009,2,182,62,80,120,1,,
29006,29010,2,191,71,92,120,1,,
29006,29011,2,189,69,90,120,1,,
29006,29012,2,197,77,99,120,1,,
29006,29013,2,207,87,113,120,1,,
29006,29014,2,216,96,124,120,1,,
29006,70030,2,146,86,135,60,1,,
29006,70031,2,146,86,135,60,1,,
29007,29001,2,234,114,138,120,1,,
29007,29002,2,214,94,121,120,1,,
29007,29003,2,204,84,109,120,1,,
29007,29004,2,194,74,96,120,1,,
29007,29005,2,186,66,85,120,1,,
29007,29006,2,176,56,72,120,1,,
29007,29008,2,135,15,20,120,1,,
29007,29009,2,146,26,33,120,1,,
29007,29010,2,155,35,45,120,1,,
29007,29011,2,143,23,29,120,1,,
29007,29012,2,150,30,38,120,1,,
29007,29013,2,160,40,51,120,1,,
29007,29014,2,169,49,63,120,1,,
29007,70030,2,202,142,207,60,1,,
29007,70031,2,202,142,207,60,1,,
29008,29001,2,229,109,131,120,1,,
29008,29002,2,208,88,114,120,1,,
29008,29003,2,199,79,102,120,1,,
29008,29004,2,189,69,89,120,1,,
29008,29005,2,180,60,78,120,1,,
29008,29006,2,170,50,65,120,1,,
29008,29007,2,135,15,20,120,1,,
29008,29009,2,131,11,14,120,1,,
29008,29010,2,140,20,25,120,1,,
29008,29011,2,148,28,36,120,1,,
29008,29012,2,154,34,44,120,1,,
29008,29013,2,164,44,57,120,1,,
29008,29014,2,173,53,69,120,1,,
29008,70030,2,196,136,200,60,1,,
29008,70031,2,196,136,200,60,1,,
29009,29001,2,239,119,144,120,1,,
29009,29002,2,218,98,127,120,1,,
29009,29003,2,209,89,115,120,1,,
29009,29004,2,199,79,102,120,1,,
29009,29005,2,190,70,91,120,1,,
29009,29006,2,180,60,78,120,1,,
29009,29007,2,146,26,33,120,1,,
29009,29008,2,131,11,14,120,1,,
29009,29010,2,129,9,12,120,1,,
29009,29011,2,158,38,49,120,1,,
29009,29012,2,165,45,58,120,1,,
29009,29013,2,175,55,71,120,1,,
29009,29014,2,184,64,83,120,1,,
29009,70030,2,206,146,213,60,1,,
29009,70031,2,206,146,213,60,1,,
29010,29001,2,248,128,156,120,1,,
29010,29002,2,227,107,139,120,1,,
29010,29003,2,218,98,126,120,1,,
29010,29004,2,208,88,113,120,1,,
29010,29005,2,199,79,102,120,1,,
29010,29006,2,189,69,89,120,1,,
29010,29007,2,155,35,45,120,1,,
29010,29008,2,140,20,25,120,1,,
29010,29009,2,129,9,12,120,1,,
29010,29011,2,167,47,61,120,1,,
29010,29012,2,174,54,70,120,1,,
29010,29013,2,184,64,83,120,1,,
29010,29014,2,193,73,95,120,1,,
29010,70030,2,216,156,225,60,1,,
29010,70031,2,216,156,225,60,1,,
29011,29001,2,246,126,153,120,1,,
29011,29002,2,225,105,136,120,1,,
29011,29003,2,216,96,124,120,1,,
29011,29004,2,206,86,111,120,1,,
29011,29005,2,197,77,100,120,1,,
29011,29006,2,187,67,87,120,1,,
29011,29007,2,143,23,29,120,1,,
29011,29008,2,148,28,36,120,1,,
29011,29009,2,158,38,49,120,1,,
29011,29010,2,167,47,61,120,1,,
29011,29012,2,135,15,19,120,1,,
29011,29013,2,145,25,33,120,1,,
29011,29014,2,154,34,45,120,1,,
29011,70030,2,214,154,222,60,1,,
29011,70031,2,214,154,222,60,1,,
29012,29001,2,253,133,163,120,1,,
29012,29002,2,233,113,146,120,1,,
29012,29003,2,223,103,133,120,1,,
29012,29004,2,213,93,120,120,1,,
29012,29005,2,205,85,110,120,1,,
29012,29006,2,195,75,97,120,1,,
29012,29007,2,150,30,38,120,1,,
29012,29008,2,154,34,44,120,1,,
29012,29009,2,165,45,58,120,1,,
29012,29010,2,174,54,70,120,1,,
29012,29011,2,135,15,19,120,1,,
29012,29013,2,131,11,14,120,1,,
29012,29014,2,140,20,26,120,1,,
29012,70030,2,221,161,232,60,1,,
29012,70031,2,221,161,232,60,1,,
29013,29001,2,264,144,176,120,1,,
29013,29002,2,243,123,159,120,1,,
29013,29003,2,233,113,147,120,1,,
29013,29004,2,223,103,134,120,1,,
29013,29005,2,215,95,123,120,1,,
29013,29006,2,205,85,110,120,1,,
29013,29007,2,160,40,51,120,1,,
29013,29008,2,164,44,57,120,1,,
29013,29009,2,175,55,71,120,1,,
29013,29010,2,184,64,83,120,1,,
29013,29011,2,145,25,33,120,1,,
29013,29012,2,131,11,14,120,1,,
29013,29014,2,129,9,12,120,1,,
29013,70030,2,231,171,245,60,1,,
29013,70031,2,231,171,245,60,1,,
29014,29001,2,273,153,188,120,1,,
29014,29002,2,252,132,171,120,1,,
29014,29003,2,243,123,159,120,1,,
29014,29004,2,233,113,146,120,1,,
29014,29005,2,224,104,135,120,1,,
29014,29006,2,214,94,122,120,1,,
29014,29007,2,169,49,63,120,1,,
29014,29008,2,173,53,69,120,1,,
29014,29009,2,184,64,83,120,1,,
29014,29010,2,193,73,95,120,1,,
29014,29011,2,154,34,45,120,1,,
29014,29012,2,140,20,26,120,1,,
29014,29013,2,129,9,12,120,1,,
29014,70030,2,240,180,257,60,1,,
29014,70031,2,240,180,257,60,1,,
3125,70097,2,192,132,208,60,1,,
3125,70098,2,192,132,208,60,1,,
32000,32001,2,174,54,,120,2,,
32000,32002,2,184,64,,120,2,,
32000,32003,2,194,74,,120,2,,
32000,32004,2,203,83,,120,2,,
32000,32005,2,213,93,,120,2,,
32000,70101,2,124,64,,60,2,,
32000,70102,2,124,64,,60,2,,
32000,MM-0079-S,2,364,64,,300,2,,
32001,32000,2,177,57,,120,2,,
32001,32002,2,150,30,39,120,1,,
32001,32003,2,160,40,52,120,1,,
32001,32004,2,169,49,63,120,1,,
32001,32005,2,179,59,76,120,1,,
32001,70101,2,101,41,114,60,1,,
32001,70102,2,101,41,114,60,1,,
32001,MM-0079-S,2,360,60,142,300,1,,
32002,32000,2,187,67,,120,2,,
32002,32001,2,150,30,39,120,1,,
32002,32003,2,170,50,65,120,1,,
32002,32004,2,179,59,76,120,1,,
32002,32005,2,189,69,89,120,1,,
32002,70101,2,111,51,127,60,1,,
32002,70102,2,111,51,127,60,1,,
32002,MM-0079-S,2,370,70,155,300,1,,
32003,32000,2,197,77,,120,2,,
32003,32001,2,160,40,52,120,1,,
32003,32002,2,170,50,65,120,1,,
32003,32004,2,189,69,89,120,1,,
32003,32005,2,199,79,102,120,1,,
32003,70101,2,121,61,140,60,1,,
32003,70102,2,121,61,140,60,1,,
32003,MM-0079-S,2,380,80,167,300,1,,
32004,32000,2,206,86,,120,2,,
32004,32001,2,169,49,63,120,1,,
32004,32002,2,179,59,76,120,1,,
32004,32003,2,189,69,89,120,1,,
32004,32005,2,208,88,114,120,1,,
32004,70101,2,130,70,152,60,1,,
32004,70102,2,130,70,152,60,1,,
32004,MM-0079-S,2,389,89,179,300,1,,
32005,32000,2,216,96,,120,2,,
32005,32001,2,179,59,76,120,1,,
32005,32002,2,189,69,89,120,1,,
32005,32003,2,199,79,102,120,1,,
32005,32004,2,208,88,114,120,1,,
32005,70101,2,140,80,165,60,1,,
32005,70102,2,140,80,165,60,1,,
32005,MM-0079-S,2,399,99,192,300,1,,
323,70089,2,111,51,129,60,1,,
323,70090,2,109,49,126,60,1,,
334,70093,2,115,55,100,60,1,,
334,70094,2,144,84,138,60,1,,
334,70261,2,208,88,111,120,1,,
38155,70160,2,277,157,200,120,1,,
38155,70161,2,282,162,207,120,1,,
38671,70105,2,111,51,101,60,1,,
38671,Braintree-01,2,111,51,101,60,1,,
38671,Braintree-02,2,111,51,101,60,1,,
38671,MM-0109,2,545,245,317,300,1,,
38671,MM-0109-CS,2,545,245,317,300,1,,
38671,MM-0109-S,2,545,245,317,300,1,,
41031,70103,2,112,52,117,60,1,,
41031,70104,2,120,60,127,60,1,,
4510,70039,2,152,92,203,60,1,,
4510,70040,2,152,92,203,60,1,,
4510,70201,2,190,70,129,120,1,,
4510,70202,2,191,71,131,120,1,,
4510,Government Center-Brattle,2,190,70,129,120,1,,
49002,6565,2,178,58,75,120,1,,
49002,70016,2,121,61,154,60,1,,
49002,70017,2,131,71,167,60,1,,
5072,5327,2,225,105,136,120,1,,
5072,53270,2,216,96,124,120,1,,
5072,70034,2,134,74,141,60,1,,
5072,70035,2,134,74,141,60,1,,
5072,WR-0045-S,2,369,69,146,300,1,,
5104,70063,2,165,105,259,60,1,,
5104,70064,2,165,105,259,60,1,,
52710,52711,2,225,105,136,120,1,,
52710,52712,2,210,90,117,120,1,,
52710,52713,2,198,78,101,120,1,,
52710,52714,2,236,116,150,120,1,,
52710,52715,2,222,102,132,120,1,,
52710,52716,2,210,90,116,120,1,,
52710,52720,2,189,69,89,120,1,,
52710,70032,2,234,174,268,60,1,,
52710,70033,2,234,174,268,60,1,,
52711,52710,2,225,105,136,120,1,,
52711,52712,2,191,71,92,120,1,,
52711,52713,2,179,59,76,120,1,,
52711,52714,2,217,97,125,120,1,,
52711,52715,2,203,83,107,120,1,,
52711,52716,2,191,71,92,120,1,,
52711,52720,2,170,50,65,120,1,,
52711,70032,2,215,155,244,60,1,,
52711,70033,2,215,155,244,60,1,,
52712,52710,2,210,90,117,120,1,,
52712,52711,2,191,71,92,120,1,,
52712,52713,2,164,44,57,120,1,,
52712,52714,2,202,82,106,120,1,,
52712,52715,2,188,68,88,120,1,,
52712,52716,2,176,56,73,120,1,,
52712,52720,2,155,35,46,120,1,,
52712,70032,2,200,140,224,60,1,,
52712,70033,2,200,140,224,60,1,,
52713,52710,2,198,78,101,120,1,,
52713,52711,2,179,59,76,120,1,,
52713,52712,2,164,44,57,120,1,,
52713,52714,2,189,69,90,120,1,,
52713,52715,2,175,55,72,120,1,,
52713,52716,2,164,44,56,120,1,,
52713,52720,2,143,23,29,120,1,,
52713,70032,2,188,128,208,60,1,,
52713,70033,2,188,128,208,60,1,,
52714,52710,2,236,116,150,120,1,,
52714,52711,2,217,97,125,120,1,,
52714,52712,2,202,82,106,120,1,,
52714,52713,2,189,69,90,120,1,,
52714,52715,2,213,93,121,120,1,,
52714,52716,2,201,81,105,120,1,,
52714,52720,2,181,61,78,120,1,,
52714,70032,2,225,165,257,60,1,,
52714,70033,2,225,165,257,60,1,,
52715,52710,2,222,102,132,120,1,,
52715,52711,2,203,83,107,120,1,,
52715,52712,2,188,68,88,120,1,,
52715,52713,2,175,55,72,120,1,,
52715,52714,2,213,93,121,120,1,,
52715,52716,2,188,68,87,120,1,,
52715,52720,2,167,47,60,120,1,,
52715,70032,2,212,152,239,60,1,,
52715,70033,2,212,152,239,60,1,,
52716,52710,2,210,90,116,120,1,,
52716,52711,2,191,71,92,120,1,,
52716,52712,2,176,56,73,120,1,,
52716,52713,2,164,44,56,120,1,,
52716,52714,2,201,81,105,120,1,,
52716,52715,2,188,68,87,120,1,,
52716,52720,2,155,35,45,120,1,,
52716,70032,2,200,140,224,60,1,,
52716,70033,2,200,140,224,60,1,,
52720,52710,2,189,69,89,120,1,,
52720,52711,2,170,50,65,120,1,,
52720,52712,2,155,35,46,120,1,,
52720,52713,2,143,23,29,120,1,,
52720,52714,2,181,61,78,120,1,,
52720,52715,2,167,47,60,120,1,,
52720,52716,2,155,35,45,120,1,,
52720,70032,2,179,119,197,60,1,,
52720,70033,2,179,119,197,60,1,,
5327,5072,2,226,106,137,120,1,,
5327,53270,2,167,47,61,120,1,,
5327,70034,2,158,98,171,60,1,,
5327,70035,2,158,98,171,60,1,,
5327,WR-0045-S,2,382,82,162,300,1,,
53270,5072,2,217,97,125,120,1,,
53270,5327,2,167,47,61,120,1,,
53270,70034,2,149,89,160,60,1,,
53270,70035,2,149,89,160,60,1,,
53270,WR-0045-S,2,373,73,150,300,1,,
5666,70049,2,116,56,69,60,1,,
5666,70050,2,158,98,200,60,1,,
5740,57400,2,156,36,46,120,1,,
5740,70045,2,131,71,129,60,1,,
5740,70046,2,131,71,129,60,1,,
57400,5740,2,156,36,46,120,1,,
57400,70045,2,131,71,129,60,1,,
57400,70046,2,131,71,129,60,1,,
5810,5819,2,210,90,116,120,1,,
5810,70055,2,106,46,116,60,1,,
5810,70056,2,106,46,116,60,1,,
5819,5810,2,210,90,116,120,1,,
5819,70055,2,164,104,192,60,1,,
5819,70056,2,164,104,192,60,1,,
5879,15880,2,200,80,188,120,1,,
5879,5880,2,138,18,23,120,1,,
5879,70051,2,107,47,58,60,1,,
5879,70052,2,132,72,174,60,1,,
5880,15880,2,182,62,165,120,1,,
5880,5879,2,138,18,23,120,1,,
5880,70051,2,89,29,34,60,1,,
5880,70052,2,114,54,151,60,1,,
6565,49002,2,178,58,75,120,1,,
6565,70016,2,157,97,200,60,1,,
6565,70017,2,168,108,214,60,1,,
70001,10642,2,195,75,153,120,1,,
70001,875,2,207,87,223,120,1,,
70001,Forest Hills-01,2,71,11,14,60,1,,
70001,Forest Hills-02,2,71,11,14,60,1,,
70001,NEC-2237,2,367,127,280,240,1,,
70001,NEC-2237-03,2,367,127,280,240,1,,
70001,NEC-2237-05,2,367,127,280,240,1,,
70002,70003,2,116,56,72,60,1,,
70003,70002,2,116,56,72,60,1,,
70004,70005,2,117,57,74,60,1,,
70005,70004,2,116,56,72,60,1,,
70006,11531,2,165,45,116,120,1,,
70006,70007,2,115,55,72,60,1,,
70007,11531,2,165,45,116,120,1,,
70007,70006,2,115,55,72,60,1,,
70008,1222,2,262,142,233,120,1,,
70008,1258,2,218,98,177,120,1,,
70008,1323,2,211,91,168,120,1,,
70008,1357,2,195,75,148,120,1,,
70008,70009,2,148,88,114,60,1,,
70009,1222,2,262,142,233,120,1,,
70009,1258,2,218,98,177,120,1,,
70009,1323,2,211,91,168,120,1,,
70009,1357,2,195,75,148,120,1,,
70009,70008,2,148,88,114,60,1,,
70010,17861,2,167,47,137,120,1,,
70010,17862,2,167,47,197,120,1,,
70010,17863,2,179,59,212,120,1,,
70010,70011,2,75,15,19,60,1,,
70010,NEC-2265,2,284,44,133,240,1,,
70010,NEC-2265-01,2,291,51,192,240,1,,
70010,NEC-2265-02,2,404,164,349,240,1,,
70010,NEC-2265-03,2,291,51,192,240,1,,
70011,17861,2,167,47,137,120,1,,
70011,17862,2,167,47,197,120,1,,
70011,17863,2,179,59,212,120,1,,
70011,70010,2,75,15,19,60,1,,
70011,NEC-2265,2,284,44,133,240,1,,
70011,NEC-2265-01,2,291,51,192,240,1,,
70011,NEC-2265-02,2,404,164,349,240,1,,
70011,NEC-2265-03,2,291,51,192,240,1,,
70012,187,2,219,99,176,120,1,,
70012,188,2,224,104,182,120,1,,
70012,70013,2,125,65,84,60,1,,
70013,187,2,219,99,176,120,1,,
70013,188,2,224,104,182,120,1,,
70013,70012,2,125,65,84,60,1,,
70014,11384,2,181,61,115,120,1,,
70014,176,2,217,97,162,120,1,,
70014,23391,2,205,85,146,120,1,,
70014,70015,2,74,14,18,60,1,,
70014,NEC-2276,2,290,50,101,240,1,,
70014,NEC-2276-01,2,314,74,184,240,1,,
70014,NEC-2276-02,2,315,75,209,240,1,,
70014,NEC-2276-03,2,314,74,184,240,1,,
70014,WML-0012-05,2,406,166,299,240,1,,
70014,WML-0012-07,2,406,166,299,240,1,,
70015,11384,2,181,61,115,120,1,,
70015,176,2,217,97,162,120,1,,
70015,23391,2,205,85,146,120,1,,
70015,70014,2,74,14,18,60,1,,
70015,NEC-2276,2,290,50,101,240,1,,
70015,NEC-2276-01,2,314,74,184,240,1,,
70015,NEC-2276-02,2,315,75,209,240,1,,
70015,NEC-2276-03,2,314,74,184,240,1,,
70015,WML-0012-05,2,406,166,299,240,1,,
70015,WML-0012-07,2,406,166,299,240,1,,
70016,49002,2,207,87,190,120,1,,
70016,6565,2,243,123,237,120,1,,
70016,70017,2,156,96,208,60,1,,
70017,49002,2,217,97,204,120,1,,
70017,6565,2,254,134,251,120,1,,
70017,70016,2,156,96,208,60,1,,
70020,70021,2,138,78,,60,2,,
70020,70075,2,285,180,299,105,1,,
70020,70076,2,285,180,299,105,1,,
70020,70077,2,175,115,,60,2,,
70020,70078,2,171,111,,60,2,,
70020,70196,2,323,233,418,90,1,,
70020,70197,2,335,245,397,90,1,,
70020,70198,2,323,233,418,90,1,,
70020,70199,2,335,245,397,90,1,,
70020,70200,2,291,201,260,90,1,,
70020,71199,2,297,207,268,90,1,,
70021,70020,2,140,80,,60,2,,
70021,70075,2,322,217,,105,2,,
70021,70076,2,322,217,,105,2,,
70021,70077,2,204,144,341,60,1,,
70021,70078,2,145,85,159,60,1,,
70021,70196,2,361,271,,90,2,,
70021,70197,2,372,282,,90,2,,
70021,70198,2,361,271,,90,2,,
70021,70199,2,372,282,,90,2,,
70021,70200,2,328,238,,90,2,,
70021,71199,2,334,244,,90,2,,
70022,70023,2,181,121,205,60,1,,
70022,70041,2,249,189,293,60,1,,
70022,70042,2,201,141,183,60,1,,
70023,70022,2,168,108,188,60,1,,
70023,70041,2,128,68,88,60,1,,
70023,70042,2,93,33,91,60,1,,
70024,70025,2,100,40,172,60,1,,
70024,70203,2,169,79,212,90,1,,
70024,70204,2,169,79,212,90,1,,
70025,70024,2,90,30,158,60,1,,
70025,70203,2,170,80,214,90,1,,
70025,70204,2,170,80,214,90,1,,
70026,70027,2,114,54,165,60,1,,
70026,70205,2,112,22,69,90,1,,
70026,70206,2,102,12,15,90,1,,
70026,BNT-0000,2,480,240,300,240,1,,
70026,BNT-0000-01,2,480,240,300,240,1,,
70026,BNT-0000-02,2,480,240,300,240,1,,
70026,BNT-0000-03,2,480,240,300,240,1,,
70026,BNT-0000-04,2,480,240,300,240,1,,
70026,BNT-0000-05,2,480,240,300,240,1,,
70026,BNT-0000-06,2,480,240,300,240,1,,
70026,BNT-0000-07,2,480,240,300,240,1,,
70026,BNT-0000-08,2,480,240,300,240,1,,
70026,BNT-0000-09,2,480,240,300,240,1,,
70026,BNT-0000-10,2,480,240,300,240,1,,
70027,70026,2,113,53,165,60,1,,
70027,70205,2,119,29,93,90,1,,
70027,70206,2,141,51,162,90,1,,
70027,BNT-0000,2,480,240,300,240,1,,
70027,BNT-0000-01,2,480,240,300,240,1,,
70027,BNT-0000-02,2,480,240,300,240,1,,
70027,BNT-0000-03,2,480,240,300,240,1,,
70027,BNT-0000-04,2,480,240,300,240,1,,
70027,BNT-0000-05,2,480,240,300,240,1,,
70027,BNT-0000-06,2,480,240,300,240,1,,
70027,BNT-0000-07,2,480,240,300,240,1,,
70027,BNT-0000-08,2,480,240,300,240,1,,
70027,BNT-0000-09,2,480,240,300,240,1,,
70027,BNT-0000-10,2,480,240,300,240,1,,
70028,70029,2,101,41,52,60,1,,
70029,70028,2,101,41,52,60,1,,
70030,29001,2,188,68,127,120,1,,
70030,29002,2,184,64,121,120,1,,
70030,29003,2,182,62,118,120,1,,
70030,29004,2,179,59,127,120,1,,
70030,29005,2,188,68,127,120,1,,
70030,29006,2,198,78,127,120,1,,
70030,29007,2,256,136,202,120,1,,
70030,29008,2,250,130,195,120,1,,
70030,29009,2,260,140,207,120,1,,
70030,29010,2,269,149,219,120,1,,
70030,29011,2,267,147,217,120,1,,
70030,29012,2,274,154,226,120,1,,
70030,29013,2,285,165,240,120,1,,
70030,29014,2,294,174,251,120,1,,
70030,70031,2,66,6,8,60,1,,
70031,29001,2,188,68,127,120,1,,
70031,29002,2,184,64,121,120,1,,
70031,29003,2,182,62,118,120,1,,
70031,29004,2,179,59,127,120,1,,
70031,29005,2,188,68,127,120,1,,
70031,29006,2,198,78,127,120,1,,
70031,29007,2,256,136,202,120,1,,
70031,29008,2,250,130,195,120,1,,
70031,29009,2,260,140,207,120,1,,
70031,29010,2,269,149,219,120,1,,
70031,29011,2,267,147,217,120,1,,
70031,29012,2,274,154,226,120,1,,
70031,29013,2,285,165,240,120,1,,
70031,29014,2,294,174,251,120,1,,
70031,70030,2,66,6,8,60,1,,
70032,52710,2,314,194,298,120,1,,
70032,52711,2,295,175,273,120,1,,
70032,52712,2,281,161,254,120,1,,
70032,52713,2,268,148,238,120,1,,
70032,52714,2,306,186,287,120,1,,
70032,52715,2,292,172,269,120,1,,
70032,52716,2,280,160,253,120,1,,
70032,52720,2,259,139,226,120,1,,
70032,70033,2,65,5,6,60,1,,
70033,52710,2,314,194,298,120,1,,
70033,52711,2,295,175,273,120,1,,
70033,52712,2,281,161,254,120,1,,
70033,52713,2,268,148,238,120,1,,
70033,52714,2,306,186,287,120,1,,
70033,52715,2,292,172,269,120,1,,
70033,52716,2,280,160,253,120,1,,
70033,52720,2,259,139,226,120,1,,
70033,70032,2,65,5,6,60,1,,
70034,5072,2,176,56,121,120,1,,
70034,5327,2,199,79,151,120,1,,
70034,53270,2,190,70,139,120,1,,
70034,70035,2,76,16,21,60,1,,
70034,WR-0045-S,2,284,44,161,240,1,,
70035,5072,2,176,56,121,120,1,,
70035,5327,2,199,79,151,120,1,,
70035,53270,2,190,70,139,120,1,,
70035,70034,2,76,16,21,60,1,,
70035,WR-0045-S,2,284,44,161,240,1,,
70036,9328,2,233,113,234,120,1,,
70036,Oak Grove-01,2,65,5,6,60,1,,
70036,Oak Grove-02,2,65,5,6,60,1,,
70036,WR-0053-S,2,350,110,230,240,1,,
70038,70838,2,82,22,28,60,1,,
70039,4510,2,217,97,212,120,1,,
70039,70040,2,69,9,12,60,1,,
70039,70201,2,138,48,106,90,1,,
70039,70202,2,124,34,88,90,1,,
70039,Government Center-Brattle,2,138,48,106,90,1,,
70040,4510,2,217,97,212,120,1,,
70040,70039,2,69,9,12,60,1,,
70040,70201,2,138,48,106,90,1,,
70040,70202,2,124,34,88,90,1,,
70040,Government Center-Brattle,2,138,48,106,90,1,,
70041,70022,2,244,184,285,60,1,,
70041,70023,2,136,76,98,60,1,,
70041,70042,2,169,109,189,60,1,,
70042,70022,2,215,155,200,60,1,,
70042,70023,2,117,57,134,60,1,,
70042,70041,2,185,125,222,60,1,,
70043,70044,2,127,67,187,60,1,,
70044,70043,2,127,67,187,60,1,,
70045,5740,2,196,76,139,120,1,,
70045,57400,2,196,76,139,120,1,,
70045,70046,2,92,32,42,60,1,,
70046,5740,2,196,76,139,120,1,,
70046,57400,2,196,76,139,120,1,,
70046,70045,2,92,32,42,60,1,,
70047,70048,2,114,54,189,60,1,,
70047,7096,2,200,80,224,120,1,,
70047,7097,2,189,69,210,120,1,,
70048,70047,2,108,48,182,60,1,,
70048,7096,2,166,46,60,120,1,,
70048,7097,2,155,35,45,120,1,,
70049,5666,2,167,47,60,120,1,,
70049,70050,2,113,53,145,60,1,,
70050,5666,2,210,90,192,120,1,,
70050,70049,2,113,53,144,60,1,,
70051,15880,2,170,50,149,120,1,,
70051,5879,2,149,29,38,120,1,,
70051,5880,2,149,29,38,120,1,,
70051,70052,2,85,25,116,60,1,,
70052,15880,2,145,25,32,120,1,,
70052,5879,2,169,49,147,120,1,,
70052,5880,2,169,49,147,120,1,,
70052,70051,2,85,25,116,60,1,,
70053,70054,2,250,190,245,60,1,,
70054,70053,2,243,183,237,60,1,,
70055,5810,2,171,51,126,120,1,,
70055,5819,2,230,110,202,120,1,,
70055,70056,2,92,32,162,60,1,,
70056,5810,2,171,51,126,120,1,,
70056,5819,2,230,110,202,120,1,,
70056,70055,2,92,32,162,60,1,,
70057,70058,2,83,23,110,60,1,,
70058,70057,2,81,21,107,60,1,,
70059,15796,2,186,66,86,120,1,,
70059,15797,2,171,51,67,120,1,,
70059,15798,2,187,67,87,120,1,,
70059,15799,2,208,88,113,120,1,,
70059,15800,2,228,108,140,120,1,,
70060,15796,2,297,177,257,120,1,,
70060,15797,2,282,162,238,120,1,,
70060,15798,2,298,178,258,120,1,,
70060,15799,2,318,198,284,120,1,,
70060,15800,2,338,218,311,120,1,,
70061,141,2,297,177,287,120,1,,
70061,9070061,2,326,206,325,120,1,,
70061,Alewife-01,2,100,40,20,60,1,,
70061,Alewife-02,2,100,40,20,60,1,,
70063,5104,2,215,95,249,120,1,,
70063,70064,2,67,7,10,60,1,,
70064,5104,2,215,95,249,120,1,,
70064,70063,2,67,7,10,60,1,,
70065,70066,2,85,25,84,60,1,,
70065,FR-0034,2,326,86,235,240,1,,
70065,FR-0034-01,2,326,86,236,240,1,,
70065,FR-0034-02,2,326,86,236,240,1,,
70066,70065,2,85,25,84,60,1,,
70066,FR-0034,2,326,86,277,240,1,,
70066,FR-0034-01,2,326,86,278,240,1,,
70066,FR-0034-02,2,326,86,278,240,1,,
70067,70068,2,224,164,212,60,1,,
70067,76121,2,311,191,247,120,1,,
70067,76122,2,299,179,232,120,1,,
70067,76123,2,279,159,205,120,1,,
70067,76124,2,280,160,206,120,1,,
70067,76125,2,291,171,221,120,1,,
70067,76126,2,302,182,235,120,1,,
70067,76127,2,290,170,220,120,1,,
70067,76129,2,276,156,202,120,1,,
70068,70067,2,202,142,184,60,1,,
70068,76121,2,295,175,226,120,1,,
70068,76122,2,283,163,211,120,1,,
70068,76123,2,263,143,184,120,1,,
70068,76124,2,263,143,186,120,1,,
70068,76125,2,275,155,200,120,1,,
70068,76126,2,285,165,214,120,1,,
70068,76127,2,274,154,199,120,1,,
70068,76129,2,260,140,181,120,1,,
70073,70074,2,186,126,268,60,1,,
70074,70073,2,186,126,268,60,1,,
70075,70020,2,295,190,312,105,1,,
70075,70021,2,327,222,,105,2,,
70075,70076,2,63,3,4,60,1,,
70075,70077,2,360,255,,105,2,,
70075,70078,2,360,255,,105,2,,
70075,70196,2,152,62,130,90,1,,
70075,70197,2,184,94,171,90,1,,
70075,70198,2,152,62,130,90,1,,
70075,70199,2,184,94,171,90,1,,
70075,70200,2,178,88,180,90,1,,
70075,71199,2,184,94,187,90,1,,
70076,70020,2,295,190,312,105,1,,
70076,70021,2,327,222,,105,2,,
70076,70075,2,63,3,4,60,1,,
70076,70077,2,360,255,,105,2,,
70076,70078,2,360,255,,105,2,,
70076,70196,2,152,62,130,90,1,,
70076,70197,2,184,94,171,90,1,,
70076,70198,2,152,62,130,90,1,,
70076,70199,2,184,94,171,90,1,,
70076,70200,2,178,88,180,90,1,,
70076,71199,2,184,94,187,90,1,,
70077,70020,2,174,114,,60,2,,
70077,70021,2,195,135,329,60,1,,
70077,70075,2,349,244,,105,2,,
70077,70076,2,349,244,,105,2,,
70077,70078,2,106,46,164,60,1,,
70077,70196,2,387,297,,90,2,,
70077,70197,2,399,309,,90,2,,
70077,70198,2,387,297,,90,2,,
70077,70199,2,399,309,,90,2,,
70077,70200,2,355,265,,90,2,,
70077,71199,2,361,271,,90,2,,
70078,70020,2,170,110,,60,2,,
70078,70021,2,149,89,165,60,1,,
70078,70075,2,352,247,,105,2,,
70078,70076,2,352,247,,105,2,,
70078,70077,2,120,60,181,60,1,,
70078,70196,2,391,301,,90,2,,
70078,70197,2,402,312,,90,2,,
70078,70198,2,391,301,,90,2,,
70078,70199,2,402,312,,90,2,,
70078,70200,2,358,268,,90,2,,
70078,71199,2,364,274,,90,2,,
70079,70080,2,98,38,169,60,1,,
70079,74611,2,131,11,74,120,1,,
70079,74617,2,159,39,171,120,1,,
70079,NEC-2287,2,412,172,336,240,1,,
70079,NEC-2287-01,2,426,186,355,240,1,,
70079,NEC-2287-02,2,412,172,336,240,1,,
70079,NEC-2287-03,2,412,172,336,240,1,,
70079,NEC-2287-04,2,401,161,323,240,1,,
70079,NEC-2287-05,2,401,161,323,240,1,,
70079,NEC-2287-06,2,398,158,318,240,1,,
70079,NEC-2287-07,2,398,158,318,240,1,,
70079,NEC-2287-08,2,394,154,314,240,1,,
70079,NEC-2287-09,2,394,154,314,240,1,,
70079,NEC-2287-10,2,396,156,315,240,1,,
70079,NEC-2287-11,2,430,190,360,240,1,,
70079,NEC-2287-12,2,435,195,366,240,1,,
70079,NEC-2287-13,2,453,213,390,240,1,,
70080,70079,2,95,35,165,60,1,,
70080,74611,2,147,27,95,120,1,,
70080,74617,2,162,42,114,120,1,,
70080,NEC-2287,2,433,193,424,240,1,,
70080,NEC-2287-01,2,448,208,443,240,1,,
70080,NEC-2287-02,2,433,193,424,240,1,,
70080,NEC-2287-03,2,433,193,424,240,1,,
70080,NEC-2287-04,2,423,183,410,240,1,,
70080,NEC-2287-05,2,423,183,410,240,1,,
70080,NEC-2287-06,2,419,179,405,240,1,,
70080,NEC-2287-07,2,419,179,405,240,1,,
70080,NEC-2287-08,2,416,176,401,240,1,,
70080,NEC-2287-09,2,416,176,401,240,1,,
70080,NEC-2287-10,2,417,177,403,240,1,,
70080,NEC-2287-11,2,452,212,448,240,1,,
70080,NEC-2287-12,2,456,216,454,240,1,,
70080,NEC-2287-13,2,475,235,478,240,1,,
70081,150,2,202,82,181,120,1,,
70081,151,2,212,92,192,120,1,,
70081,70082,2,64,4,6,60,1,,
70082,150,2,202,82,181,120,1,,
70082,151,2,212,92,192,120,1,,
70082,70081,2,64,4,6,60,1,,
70083,13,2,210,90,178,120,1,,
70083,70084,2,146,86,171,60,1,,
70084,13,2,200,80,166,120,1,,
70084,70083,2,138,78,160,60,1,,
70085,121,2,300,180,283,120,1,,
70085,70086,2,66,6,8,60,1,,
70085,70095,2,88,28,136,60,1,,
70085,70096,2,88,28,136,60,1,,
70085,MM-0023-S,2,453,213,326,240,1,,
70086,121,2,300,180,283,120,1,,
70086,70085,2,66,6,8,60,1,,
70086,70095,2,88,28,136,60,1,,
70086,70096,2,88,28,136,60,1,,
70086,MM-0023-S,2,453,213,326,240,1,,
70087,70088,2,66,6,8,60,1,,
70088,70087,2,66,6,8,60,1,,
70089,323,2,174,54,136,120,1,,
70089,70090,2,97,37,180,60,1,,
70090,323,2,172,52,134,120,1,,
70090,70089,2,97,37,180,60,1,,
70091,70092,2,97,37,170,60,1,,
70092,70091,2,97,37,170,60,1,,
70093,334,2,165,45,90,120,1,,
70093,70261,2,213,123,191,90,1,,
70094,334,2,194,74,128,120,1,,
70094,70093,2,179,119,218,60,1,,
70094,70261,2,144,54,102,90,1,,
70095,121,2,297,177,279,120,1,,
70095,70085,2,88,28,136,60,1,,
70095,70086,2,88,28,136,60,1,,
70095,70096,2,66,6,8,60,1,,
70095,MM-0023-S,2,450,210,321,240,1,,
70096,121,2,297,177,279,120,1,,
70096,70085,2,88,28,136,60,1,,
70096,70086,2,88,28,136,60,1,,
70096,70095,2,66,6,8,60,1,,
70096,MM-0023-S,2,450,210,321,240,1,,
70097,3125,2,201,81,144,120,1,,
70097,70098,2,65,5,7,60,1,,
70098,3125,2,201,81,144,120,1,,
70098,70097,2,65,5,7,60,1,,
70099,70100,2,67,7,9,60,1,,
70100,70099,2,68,8,10,60,1,,
70101,32000,2,216,96,,120,2,,
70101,32001,2,191,71,140,120,1,,
70101,32002,2,201,81,153,120,1,,
70101,32003,2,211,91,166,120,1,,
70101,32004,2,220,100,178,120,1,,
70101,32005,2,230,110,191,120,1,,
70101,70102,2,89,29,38,60,1,,
70101,MM-0079-S,2,339,99,240,240,1,,
70102,32000,2,216,96,,120,2,,
70102,32001,2,191,71,140,120,1,,
70102,32002,2,201,81,153,120,1,,
70102,32003,2,211,91,166,120,1,,
70102,32004,2,220,100,178,120,1,,
70102,32005,2,230,110,191,120,1,,
70102,70101,2,89,29,38,60,1,,
70102,MM-0079-S,2,339,99,240,240,1,,
70103,41031,2,164,44,109,120,1,,
70103,70104,2,78,18,23,60,1,,
70104,41031,2,171,51,118,120,1,,
70104,70103,2,77,17,23,60,1,,
70105,38671,2,161,41,90,120,1,,
70105,Braintree-01,2,73,13,16,60,1,,
70105,Braintree-02,2,73,13,16,60,1,,
70105,MM-0109,2,480,240,348,240,1,,
70105,MM-0109-CS,2,480,240,348,240,1,,
70105,MM-0109-S,2,480,240,348,240,1,,
70150,70151,2,162,42,,120,2,,
70150,71150,2,134,14,,120,2,,
70150,71151,2,162,42,,120,2,,
70150,899,2,170,50,,120,2,,
70151,70150,2,162,42,,120,2,,
70151,71150,2,162,42,,120,2,,
70151,71151,2,128,8,,120,2,,
70151,899,2,165,45,,120,2,,
70152,70153,2,177,57,,120,2,,
70152,79,2,236,116,,120,2,,
70152,93,2,186,66,,120,2,,
70153,70152,2,177,57,,120,2,,
70153,79,2,237,117,,120,2,,
70153,93,2,187,67,,120,2,,
70156,70157,2,164,44,165,120,1,,
70157,70156,2,166,46,167,120,1,,
70160,38155,2,264,144,186,120,1,,
70160,70161,2,178,58,74,120,1,,
70161,38155,2,269,149,193,120,1,,
70161,70160,2,178,58,74,120,1,,
70162,70163,2,185,65,84,120,1,,
70163,70162,2,185,65,84,120,1,,
70164,70165,2,178,58,76,120,1,,
70165,70164,2,178,58,76,120,1,,
70166,70167,2,172,52,67,120,1,,
70167,70166,2,172,52,67,120,1,,
70168,70169,2,155,35,45,120,1,,
70168,8155,2,254,134,174,120,1,,
70168,8203,2,254,134,174,120,1,,
70169,70168,2,155,35,45,120,1,,
70169,8155,2,223,103,133,120,1,,
70169,8203,2,223,103,133,120,1,,
70170,70171,2,172,52,67,120,1,,
70171,70170,2,172,52,67,120,1,,
70172,70173,2,163,43,56,120,1,,
70173,70172,2,163,43,56,120,1,,
70174,21917,2,262,142,184,120,1,,
70174,21918,2,238,118,153,120,1,,
70174,70175,2,182,62,80,120,1,,
70175,21917,2,261,141,183,120,1,,
70175,21918,2,290,170,220,120,1,,
70175,70174,2,182,62,80,120,1,,
70176,70177,2,186,66,85,120,1,,
70177,70176,2,186,66,85,120,1,,
70178,70179,2,192,72,94,120,1,,
70179,70178,2,192,72,94,120,1,,
70180,70181,2,169,49,63,120,1,,
70181,70180,2,169,49,63,120,1,,
70182,70183,2,165,45,58,120,1,,
70183,70182,2,165,45,58,120,1,,
70186,70187,2,183,63,81,120,1,,
70187,70186,2,183,63,81,120,1,,
70196,70020,2,289,199,373,90,1,,
70196,70021,2,321,231,,90,2,,
70196,70075,2,130,40,102,90,1,,
70196,70076,2,130,40,102,90,1,,
70196,70077,2,354,264,,90,2,,
70196,70078,2,354,264,,90,2,,
70196,70197,2,154,34,44,120,1,,
70196,70198,2,124,4,6,120,1,,
70196,70199,2,154,34,44,120,1,,
70196,70200,2,186,66,165,120,1,,
70196,71199,2,191,71,172,120,1,,
70197,70020,2,301,211,352,90,1,,
70197,70021,2,333,243,,90,2,,
70197,70075,2,154,64,132,90,1,,
70197,70076,2,154,64,132,90,1,,
70197,70077,2,366,276,,90,2,,
70197,70078,2,366,276,,90,2,,
70197,70196,2,154,34,44,120,1,,
70197,70198,2,154,34,44,120,1,,
70197,70199,2,124,4,6,120,1,,
70197,70200,2,170,50,144,120,1,,
70197,71199,2,176,56,152,120,1,,
70198,70020,2,289,199,373,90,1,,
70198,70021,2,321,231,,90,2,,
70198,70075,2,130,40,102,90,1,,
70198,70076,2,130,40,102,90,1,,
70198,70077,2,354,264,,90,2,,
70198,70078,2,354,264,,90,2,,
70198,70196,2,124,4,6,120,1,,
70198,70197,2,154,34,44,120,1,,
70198,70199,2,154,34,44,120,1,,
70198,70200,2,186,66,165,120,1,,
70198,71199,2,191,71,172,120,1,,
70199,70020,2,301,211,352,90,1,,
70199,70021,2,333,243,,90,2,,
70199,70075,2,154,64,132,90,1,,
70199,70076,2,154,64,132,90,1,,
70199,70077,2,366,276,,90,2,,
70199,70078,2,366,276,,90,2,,
70199,70196,2,154,34,44,120,1,,
70199,70197,2,124,4,6,120,1,,
70199,70198,2,154,34,44,120,1,,
70199,70200,2,170,50,144,120,1,,
70199,71199,2,176,56,152,120,1,,
70200,70020,2,257,167,216,90,1,,
70200,70021,2,289,199,,90,2,,
70200,70075,2,133,43,122,90,1,,
70200,70076,2,133,43,122,90,1,,
70200,70077,2,322,232,,90,2,,
70200,70078,2,322,232,,90,2,,
70200,70196,2,186,66,165,120,1,,
70200,70197,2,170,50,144,120,1,,
70200,70198,2,186,66,165,120,1,,
70200,70199,2,170,50,144,120,1,,
70200,71199,2,126,6,8,120,1,,
70201,4510,2,177,57,116,120,1,,
70201,70039,2,126,36,91,90,1,,
70201,70040,2,126,36,91,90,1,,
70201,70202,2,144,24,31,120,1,,
70201,Government Center-Brattle,2,147,27,35,120,1,,
70202,4510,2,184,64,124,120,1,,
70202,70039,2,112,22,72,90,1,,
70202,70040,2,112,22,72,90,1,,
70202,70201,2,144,24,31,120,1,,
70202,Government Center-Brattle,2,141,21,27,120,1,,
70203,70024,2,134,44,167,90,1,,
70203,70025,2,150,60,188,90,1,,
70203,70204,2,169,49,64,120,1,,
70204,70024,2,134,44,167,90,1,,
70204,70025,2,150,60,188,90,1,,
70204,70203,2,169,49,64,120,1,,
70205,70026,2,115,25,72,90,1,,
70205,70027,2,121,31,96,90,1,,
70205,70206,2,143,23,69,120,1,,
70205,BNT-0000,2,480,240,300,240,1,,
70205,BNT-0000-01,2,480,240,300,240,1,,
70205,BNT-0000-02,2,480,240,300,240,1,,
70205,BNT-0000-03,2,480,240,300,240,1,,
70205,BNT-0000-04,2,480,240,300,240,1,,
70205,BNT-0000-05,2,480,240,300,240,1,,
70205,BNT-0000-06,2,480,240,300,240,1,,
70205,BNT-0000-07,2,480,240,300,240,1,,
70205,BNT-0000-08,2,480,240,300,240,1,,
70205,BNT-0000-09,2,480,240,300,240,1,,
70205,BNT-0000-10,2,480,240,300,240,1,,
70206,70026,2,104,14,18,90,1,,
70206,70027,2,132,42,150,90,1,,
70206,70205,2,131,11,54,120,1,,
70206,BNT-0000,2,480,240,300,240,1,,
70206,BNT-0000-01,2,480,240,300,240,1,,
70206,BNT-0000-02,2,480,240,300,240,1,,
70206,BNT-0000-03,2,480,240,300,240,1,,
70206,BNT-0000-04,2,480,240,300,240,1,,
70206,BNT-0000-05,2,480,240,300,240,1,,
70206,BNT-0000-06,2,480,240,300,240,1,,
70206,BNT-0000-07,2,480,240,300,240,1,,
70206,BNT-0000-08,2,480,240,300,240,1,,
70206,BNT-0000-09,2,480,240,300,240,1,,
70206,BNT-0000-10,2,480,240,300,240,1,,
70207,70208,2,141,21,107,120,1,,
70208,70207,2,141,21,107,120,1,,
70239,70240,2,184,64,179,120,1,,
70240,70239,2,184,64,179,120,1,,
70261,334,2,198,78,101,120,1,,
70261,70093,2,213,123,191,90,1,,
70261,70094,2,144,54,102,90,1,,
70263,70264,2,143,23,30,120,1,,
70264,70263,2,143,23,30,120,1,,
70265,70266,2,135,15,20,120,1,,
70266,70265,2,135,15,20,120,1,,
70267,70268,2,134,14,18,120,1,,
70268,70267,2,134,14,18,120,1,,
70271,70272,2,137,17,22,120,1,,
70272,70271,2,137,17,22,120,1,,
70275,185,2,145,25,32,120,1,,
70275,18511,2,167,47,61,120,1,,
70275,70276,2,167,47,61,120,1,,
70276,185,2,143,23,30,120,1,,
70276,18511,2,139,19,25,120,1,,
70276,70275,2,167,47,61,120,1,,
70278,70279,2,85,25,32,60,1,,
70279,70278,2,85,25,32,60,1,,
70500,70501,2,215,95,171,120,1,,
70500,70502,2,268,148,240,120,1,,
70501,70500,2,205,85,161,120,1,,
70501,70502,2,179,59,77,120,1,,
70502,70500,2,258,138,230,120,1,,
70502,70501,2,179,59,77,120,1,,
70503,70504,2,244,124,161,120,1,,
70503,Union Square-01,2,244,124,161,120,1,,
70503,Union Square-02,2,244,124,161,120,1,,
70504,70503,2,244,124,161,120,1,,
70504,Union Square-01,2,244,124,161,120,1,,
70504,Union Square-02,2,244,124,161,120,1,,
70505,70506,2,146,26,34,120,1,,
70506,70505,2,146,26,34,120,1,,
70507,70508,2,146,26,34,120,1,,
70508,70507,2,146,26,34,120,1,,
70509,70510,2,144,24,31,120,1,,
70510,70509,2,144,24,31,120,1,,
70511,70512,2,124,4,6,120,1,,
70512,70511,2,124,4,6,120,1,,
70513,70514,2,144,24,31,120,1,,
70514,70513,2,144,24,31,120,1,,
70838,70038,2,82,22,28,60,1,,
7096,70047,2,145,85,227,60,1,,
7096,70048,2,119,59,73,60,1,,
7096,7097,2,143,23,30,120,1,,
7097,70047,2,134,74,212,60,1,,
7097,70048,2,108,48,59,60,1,,
7097,7096,2,143,23,30,120,1,,
71150,70150,2,134,14,,120,2,,
71150,70151,2,162,42,,120,2,,
71150,71151,2,162,42,,120,2,,
71150,899,2,170,50,,120,2,,
71151,70150,2,162,42,,120,2,,
71151,70151,2,128,8,,120,2,,
71151,71150,2,162,42,,120,2,,
71151,899,2,165,45,,120,2,,
71199,70020,2,263,173,223,90,1,,
71199,70021,2,295,205,,90,2,,
71199,70075,2,139,49,130,90,1,,
71199,70076,2,139,49,130,90,1,,
71199,70077,2,328,238,,90,2,,
71199,70078,2,327,237,,90,2,,
71199,70196,2,191,71,172,120,1,,
71199,70197,2,176,56,152,120,1,,
71199,70198,2,191,71,172,120,1,,
71199,70199,2,176,56,152,120,1,,
71199,70200,2,126,6,8,120,1,,
74611,70079,2,78,18,80,60,1,,
74611,70080,2,97,37,105,60,1,,
74611,74617,2,154,34,164,120,1,,
74611,NEC-2287,2,466,166,329,300,1,,
74611,NEC-2287-01,2,481,181,348,300,1,,
74611,NEC-2287-02,2,466,166,329,300,1,,
74611,NEC-2287-03,2,466,166,329,300,1,,
74611,NEC-2287-04,2,456,156,316,300,1,,
74611,NEC-2287-05,2,456,156,316,300,1,,
74611,NEC-2287-06,2,452,152,311,300,1,,
74611,NEC-2287-07,2,452,152,311,300,1,,
74611,NEC-2287-08,2,449,149,307,300,1,,
74611,NEC-2287-09,2,449,149,307,300,1,,
74611,NEC-2287-10,2,450,150,308,300,1,,
74611,NEC-2287-11,2,485,185,353,300,1,,
74611,NEC-2287-12,2,489,189,359,300,1,,
74611,NEC-2287-13,2,508,208,383,300,1,,
74612,74616,2,195,75,209,120,1,,
74613,74615,2,179,59,184,120,1,,
74615,74613,2,179,59,184,120,1,,
74616,74612,2,195,75,209,120,1,,
74617,70079,2,102,42,111,60,1,,
74617,70080,2,97,37,105,60,1,,
74617,74611,2,154,34,164,120,1,,
74617,NEC-2287,2,469,169,333,300,1,,
74617,NEC-2287-01,2,484,184,352,300,1,,
74617,NEC-2287-02,2,469,169,333,300,1,,
74617,NEC-2287-03,2,469,169,333,300,1,,
74617,NEC-2287-04,2,459,159,320,300,1,,
74617,NEC-2287-05,2,459,159,320,300,1,,
74617,NEC-2287-06,2,455,155,315,300,1,,
74617,NEC-2287-07,2,455,155,315,300,1,,
74617,NEC-2287-08,2,452,152,311,300,1,,
74617,NEC-2287-09,2,452,152,311,300,1,,
74617,NEC-2287-10,2,453,153,312,300,1,,
74617,NEC-2287-11,2,488,188,357,300,1,,
74617,NEC-2287-12,2,492,192,363,300,1,,
74617,NEC-2287-13,2,511,211,387,300,1,,
74630,74631,2,199,79,102,120,1,,
74630,ER-0042,2,450,150,194,300,1,,
74630,ER-0042-01,2,450,150,194,300,1,,
74631,74630,2,199,79,102,120,1,,
74631,ER-0042,2,422,122,157,300,1,,
74631,ER-0042-01,2,422,122,157,300,1,,
74632,74633,2,202,82,106,120,1,,
74633,74632,2,200,80,104,120,1,,
76121,70067,2,215,155,197,60,1,,
76121,70068,2,221,161,205,60,1,,
76121,76122,2,187,67,87,120,1,,
76121,76123,2,166,46,60,120,1,,
76121,76124,2,167,47,61,120,1,,
76121,76125,2,178,58,75,120,1,,
76121,76126,2,189,69,89,120,1,,
76121,76127,2,238,118,153,120,1,,
76121,76129,2,224,104,134,120,1,,
76122,70067,2,203,143,182,60,1,,
76122,70068,2,209,149,190,60,1,,
76122,76121,2,187,67,87,120,1,,
76122,76123,2,155,35,45,120,1,,
76122,76124,2,156,36,46,120,1,,
76122,76125,2,167,47,60,120,1,,
76122,76126,2,178,58,74,120,1,,
76122,76127,2,226,106,138,120,1,,
76122,76129,2,212,92,119,120,1,,
76123,70067,2,183,123,156,60,1,,
76123,70068,2,188,128,163,60,1,,
76123,76121,2,166,46,60,120,1,,
76123,76122,2,155,35,45,120,1,,
76123,76124,2,135,15,19,120,1,,
76123,76125,2,146,26,34,120,1,,
76123,76126,2,157,37,48,120,1,,
76123,76127,2,206,86,111,120,1,,
76123,76129,2,192,72,93,120,1,,
76124,70067,2,183,123,157,60,1,,
76124,70068,2,189,129,164,60,1,,
76124,76121,2,167,47,61,120,1,,
76124,76122,2,156,36,46,120,1,,
76124,76123,2,135,15,19,120,1,,
76124,76125,2,147,27,35,120,1,,
76124,76126,2,149,29,37,120,1,,
76124,76127,2,207,87,112,120,1,,
76124,76129,2,192,72,94,120,1,,
76125,70067,2,195,135,171,60,1,,
76125,70068,2,200,140,179,60,1,,
76125,76121,2,178,58,75,120,1,,
76125,76122,2,167,47,60,120,1,,
76125,76123,2,146,26,34,120,1,,
76125,76124,2,147,27,35,120,1,,
76125,76126,2,138,18,23,120,1,,
76125,76127,2,218,98,126,120,1,,
76125,76129,2,204,84,108,120,1,,
76126,70067,2,205,145,185,60,1,,
76126,70068,2,211,151,193,60,1,,
76126,76121,2,189,69,89,120,1,,
76126,76122,2,178,58,74,120,1,,
76126,76123,2,157,37,48,120,1,,
76126,76124,2,149,29,37,120,1,,
76126,76125,2,138,18,23,120,1,,
76126,76127,2,229,109,140,120,1,,
76126,76129,2,214,94,122,120,1,,
76127,70067,2,195,135,172,60,1,,
76127,70068,2,201,141,179,60,1,,
76127,76121,2,239,119,154,120,1,,
76127,76122,2,227,107,139,120,1,,
76127,76123,2,207,87,112,120,1,,
76127,76124,2,207,87,113,120,1,,
76127,76125,2,219,99,128,120,1,,
76127,76126,2,229,109,142,120,1,,
76127,76129,2,167,47,61,120,1,,
76129,70067,2,181,121,153,60,1,,
76129,70068,2,186,126,161,60,1,,
76129,76121,2,225,105,135,120,1,,
76129,76122,2,213,93,120,120,1,,
76129,76123,2,192,72,94,120,1,,
76129,76124,2,193,73,95,120,1,,
76129,76125,2,204,84,109,120,1,,
76129,76126,2,215,95,123,120,1,,
76129,76127,2,167,47,61,120,1,,
79,70152,2,240,120,,120,2,,
79,70153,2,242,122,,120,2,,
79,93,2,199,79,102,120,1,,
8155,70168,2,262,142,180,120,1,,
8155,70169,2,230,110,140,120,1,,
8155,8203,2,166,46,59,120,1,,
8203,70168,2,261,141,180,120,1,,
8203,70169,2,230,110,139,120,1,,
8203,8155,2,166,46,59,120,1,,
875,10642,2,225,105,190,120,1,,
875,70001,2,146,86,218,60,1,,
875,Forest Hills-01,2,146,86,218,60,1,,
875,Forest Hills-02,2,146,86,218,60,1,,
875,NEC-2237,2,456,156,316,300,1,,
875,NEC-2237-03,2,456,156,316,300,1,,
875,NEC-2237-05,2,456,156,316,300,1,,
899,70150,2,180,60,,120,2,,
899,70151,2,175,55,,120,2,,
899,71150,2,180,60,,120,2,,
899,71151,2,175,55,,120,2,,
9070061,141,2,167,47,60,120,1,,
9070061,70061,2,233,173,279,60,1,,
9070061,Alewife-01,2,233,173,279,60,1,,
9070061,Alewife-02,2,233,173,279,60,1,,
93,70152,2,190,70,,120,2,,
93,70153,2,192,72,,120,2,,
93,79,2,199,79,102,120,1,,
9328,70036,2,147,87,198,60,1,,
9328,Oak Grove-01,2,147,87,198,60,1,,
9328,Oak Grove-02,2,147,87,198,60,1,,
9328,WR-0053-S,2,361,61,170,300,1,,
Alewife-01,141,2,297,177,287,120,1,,
Alewife-01,70061,2,100,40,20,60,1,,
Alewife-01,9070061,2,326,206,325,120,1,,
Alewife-01,Alewife-02,2,100,40,20,60,1,,
Alewife-02,141,2,297,177,287,120,1,,
Alewife-02,70061,2,100,40,20,60,1,,
Alewife-02,9070061,2,326,206,325,120,1,,
Alewife-02,Alewife-01,2,100,40,20,60,1,,
BNT-0000,70026,2,360,240,300,120,1,,
BNT-0000,70027,2,360,240,300,120,1,,
BNT-0000,70205,2,360,240,300,120,1,,
BNT-0000,70206,2,360,240,300,120,1,,
BNT-0000,BNT-0000-01,2,239,119,153,120,1,,
BNT-0000,BNT-0000-02,2,239,119,153,120,1,,
BNT-0000,BNT-0000-03,2,240,120,155,120,1,,
BNT-0000,BNT-0000-04,2,240,120,155,120,1,,
BNT-0000,BNT-0000-05,2,247,127,164,120,1,,
BNT-0000,BNT-0000-06,2,247,127,164,120,1,,
BNT-0000,BNT-0000-07,2,254,134,173,120,1,,
BNT-0000,BNT-0000-08,2,254,134,173,120,1,,
BNT-0000,BNT-0000-09,2,254,134,173,120,1,,
BNT-0000,BNT-0000-10,2,254,134,173,120,1,,
BNT-0000-01,70026,2,360,240,300,120,1,,
BNT-0000-01,70027,2,360,240,300,120,1,,
BNT-0000-01,70205,2,360,240,300,120,1,,
BNT-0000-01,70206,2,360,240,300,120,1,,
BNT-0000-01,BNT-0000,2,239,119,153,120,1,,
BNT-0000-01,BNT-0000-02,2,231,111,143,120,1,,
BNT-0000-01,BNT-0000-03,2,232,112,145,120,1,,
BNT-0000-01,BNT-0000-04,2,232,112,145,120,1,,
BNT-0000-01,BNT-0000-05,2,239,119,154,120,1,,
BNT-0000-01,BNT-0000-06,2,239,119,154,120,1,,
BNT-0000-01,BNT-0000-07,2,246,126,163,120,1,,
BNT-0000-01,BNT-0000-08,2,246,126,163,120,1,,
BNT-0000-01,BNT-0000-09,2,246,126,163,120,1,,
BNT-0000-01,BNT-0000-10,2,246,126,163,120,1,,
BNT-0000-02,70026,2,360,240,300,120,1,,
BNT-0000-02,70027,2,360,240,300,120,1,,
BNT-0000-02,70205,2,360,240,300,120,1,,
BNT-0000-02,70206,2,360,240,300,120,1,,
BNT-0000-02,BNT-0000,2,239,119,153,120,1,,
BNT-0000-02,BNT-0000-01,2,231,111,143,120,1,,
BNT-0000-02,BNT-0000-03,2,232,112,145,120,1,,
BNT-0000-02,BNT-0000-04,2,232,112,145,120,1,,
BNT-0000-02,BNT-0000-05,2,239,119,154,120,1,,
BNT-0000-02,BNT-0000-06,2,239,119,154,120,1,,
BNT-0000-02,BNT-0000-07,2,246,126,163,120,1,,
BNT-0000-02,BNT-0000-08,2,246,126,163,120,1,,
BNT-0000-02,BNT-0000-09,2,246,126,163,120,1,,
BNT-0000-02,BNT-0000-10,2,246,126,163,120,1,,
BNT-0000-03,70026,2,360,240,300,120,1,,
BNT-0000-03,70027,2,360,240,300,120,1,,
BNT-0000-03,70205,2,360,240,300,120,1,,
BNT-0000-03,70206,2,360,240,300,120,1,,
BNT-0000-03,BNT-0000,2,240,120,155,120,1,,
BNT-0000-03,BNT-0000-01,2,232,112,145,120,1,,
BNT-0000-03,BNT-0000-02,2,232,112,145,120,1,,
BNT-0000-03,BNT-0000-04,2,233,113,147,120,1,,
BNT-0000-03,BNT-0000-05,2,240,120,156,120,1,,
BNT-0000-03,BNT-0000-06,2,240,120,156,120,1,,
BNT-0000-03,BNT-0000-07,2,247,127,165,120,1,,
BNT-0000-03,BNT-0000-08,2,247,127,165,120,1,,
BNT-0000-03,BNT-0000-09,2,247,127,165,120,1,,
BNT-0000-03,BNT-0000-10,2,247,127,165,120,1,,
BNT-0000-04,70026,2,360,240,300,120,1,,
BNT-0000-04,70027,2,360,240,300,120,1,,
BNT-0000-04,70205,2,360,240,300,120,1,,
BNT-0000-04,70206,2,360,240,300,120,1,,
BNT-0000-04,BNT-0000,2,240,120,155,120,1,,
BNT-0000-04,BNT-0000-01,2,232,112,145,120,1,,
BNT-0000-04,BNT-0000-02,2,232,112,145,120,1,,
BNT-0000-04,BNT-0000-03,2,233,113,147,120,1,,
BNT-0000-04,BNT-0000-05,2,240,120,156,120,1,,
BNT-0000-04,BNT-0000-06,2,240,120,156,120,1,,
BNT-0000-04,BNT-0000-07,2,247,127,165,120,1,,
BNT-0000-04,BNT-0000-08,2,247,127,165,120,1,,
BNT-0000-04,BNT-0000-09,2,247,127,165,120,1,,
BNT-0000-04,BNT-0000-10,2,247,127,165,120,1,,
BNT-0000-05,70026,2,360,240,300,120,1,,
BNT-0000-05,70027,2,360,240,300,120,1,,
BNT-0000-05,70205,2,360,240,300,120,1,,
BNT-0000-05,70206,2,360,240,300,120,1,,
BNT-0000-05,BNT-0000,2,247,127,164,120,1,,
BNT-0000-05,BNT-0000-01,2,239,119,154,120,1,,
BNT-0000-05,BNT-0000-02,2,239,119,154,120,1,,
BNT-0000-05,BNT-0000-03,2,240,120,156,120,1,,
BNT-0000-05,BNT-0000-04,2,240,120,156,120,1,,
BNT-0000-05,BNT-0000-06,2,248,128,165,120,1,,
BNT-0000-05,BNT-0000-07,2,255,135,174,120,1,,
BNT-0000-05,BNT-0000-08,2,255,135,174,120,1,,
BNT-0000-05,BNT-0000-09,2,255,135,174,120,1,,
BNT-0000-05,BNT-0000-10,2,255,135,174,120,1,,
BNT-0000-06,70026,2,360,240,300,120,1,,
BNT-0000-06,70027,2,360,240,300,120,1,,
BNT-0000-06,70205,2,360,240,300,120,1,,
BNT-0000-06,70206,2,360,240,300,120,1,,
BNT-0000-06,BNT-0000,2,247,127,164,120,1,,
BNT-0000-06,BNT-0000-01,2,239,119,154,120,1,,
BNT-0000-06,BNT-0000-02,2,239,119,154,120,1,,
BNT-0000-06,BNT-0000-03,2,240,120,156,120,1,,
BNT-0000-06,BNT-0000-04,2,240,120,156,120,1,,
BNT-0000-06,BNT-0000-05,2,248,128,165,120,1,,
BNT-0000-06,BNT-0000-07,2,255,135,174,120,1,,
BNT-0000-06,BNT-0000-08,2,255,135,174,120,1,,
BNT-0000-06,BNT-0000-09,2,255,135,174,120,1,,
BNT-0000-06,BNT-0000-10,2,255,135,174,120,1,,
BNT-0000-07,70026,2,360,240,300,120,1,,
BNT-0000-07,70027,2,360,240,300,120,1,,
BNT-0000-07,70205,2,360,240,300,120,1,,
BNT-0000-07,70206,2,360,240,300,120,1,,
BNT-0000-07,BNT-0000,2,254,134,173,120,1,,
BNT-0000-07,BNT-0000-01,2,246,126,163,120,1,,
BNT-0000-07,BNT-0000-02,2,246,126,163,120,1,,
BNT-0000-07,BNT-0000-03,2,247,127,165,120,1,,
BNT-0000-07,BNT-0000-04,2,247,127,165,120,1,,
BNT-0000-07,BNT-0000-05,2,255,135,174,120,1,,
BNT-0000-07,BNT-0000-06,2,255,135,174,120,1,,
BNT-0000-07,BNT-0000-08,2,262,142,183,120,1,,
BNT-0000-07,BNT-0000-09,2,262,142,183,120,1,,
BNT-0000-07,BNT-0000-10,2,262,142,183,120,1,,
BNT-0000-08,70026,2,360,240,300,120,1,,
BNT-0000-08,70027,2,360,240,300,120,1,,
BNT-0000-08,70205,2,360,240,300,120,1,,
BNT-0000-08,70206,2,360,240,300,120,1,,
BNT-0000-08,BNT-0000,2,254,134,173,120,1,,
BNT-0000-08,BNT-0000-01,2,246,126,163,120,1,,
BNT-0000-08,BNT-0000-02,2,246,126,163,120,1,,
BNT-0000-08,BNT-0000-03,2,247,127,165,120,1,,
BNT-0000-08,BNT-0000-04,2,247,127,165,120,1,,
BNT-0000-08,BNT-0000-05,2,255,135,174,120,1,,
BNT-0000-08,BNT-0000-06,2,255,135,174,120,1,,
BNT-0000-08,BNT-0000-07,2,262,142,183,120,1,,
BNT-0000-08,BNT-0000-09,2,262,142,183,120,1,,
BNT-0000-08,BNT-0000-10,2,262,142,183,120,1,,
BNT-0000-09,70026,2,360,240,300,120,1,,
BNT-0000-09,70027,2,360,240,300,120,1,,
BNT-0000-09,70205,2,360,240,300,120,1,,
BNT-0000-09,70206,2,360,240,300,120,1,,
BNT-0000-09,BNT-0000,2,254,134,173,120,1,,
BNT-0000-09,BNT-0000-01,2,246,126,163,120,1,,
BNT-0000-09,BNT-0000-02,2,246,126,163,120,1,,
BNT-0000-09,BNT-0000-03,2,247,127,165,120,1,,
BNT-0000-09,BNT-0000-04,2,247,127,165,120,1,,
BNT-0000-09,BNT-0000-05,2,255,135,174,120,1,,
BNT-0000-09,BNT-0000-06,2,255,135,174,120,1,,
BNT-0000-09,BNT-0000-07,2,262,142,183,120,1,,
BNT-0000-09,BNT-0000-08,2,262,142,183,120,1,,
BNT-0000-09,BNT-0000-10,2,262,142,183,120,1,,
BNT-0000-10,70026,2,360,240,300,120,1,,
BNT-0000-10,70027,2,360,240,300,120,1,,
BNT-0000-10,70205,2,360,240,300,120,1,,
BNT-0000-10,70206,2,360,240,300,120,1,,
BNT-0000-10,BNT-0000,2,254,134,173,120,1,,
BNT-0000-10,BNT-0000-01,2,246,126,163,120,1,,
BNT-0000-10,BNT-0000-02,2,246,126,163,120,1,,
BNT-0000-10,BNT-0000-03,2,247,127,165,120,1,,
BNT-0000-10,BNT-0000-04,2,247,127,165,120,1,,
BNT-0000-10,BNT-0000-05,2,255,135,174,120,1,,
BNT-0000-10,BNT-0000-06,2,255,135,174,120,1,,
BNT-0000-10,BNT-0000-07,2,262,142,183,120,1,,
BNT-0000-10,BNT-0000-08,2,262,142,183,120,1,,
BNT-0000-10,BNT-0000-09,2,262,142,183,120,1,,
Braintree-01,38671,2,161,41,90,120,1,,
Braintree-01,70105,2,73,13,16,60,1,,
Braintree-01,Braintree-02,2,73,13,16,60,1,,
Braintree-01,MM-0109,2,480,240,348,240,1,,
Braintree-01,MM-0109-CS,2,480,240,348,240,1,,
Braintree-01,MM-0109-S,2,480,240,348,240,1,,
Braintree-02,38671,2,161,41,90,120,1,,
Braintree-02,70105,2,73,13,16,60,1,,
Braintree-02,Braintree-01,2,73,13,16,60,1,,
Braintree-02,MM-0109,2,480,240,348,240,1,,
Braintree-02,MM-0109-CS,2,480,240,348,240,1,,
Braintree-02,MM-0109-S,2,480,240,348,240,1,,
ER-0042,74630,2,269,149,192,120,1,,
ER-0042,74631,2,240,120,156,120,1,,
ER-0042,ER-0042-01,2,269,149,192,120,1,,
ER-0042-01,74630,2,269,149,192,120,1,,
ER-0042-01,74631,2,240,120,156,120,1,,
ER-0042-01,ER-0042,2,269,149,192,120,1,,
FR-0034,70065,2,195,75,218,120,1,,
FR-0034,70066,2,195,75,260,120,1,,
FR-0034,FR-0034-01,2,129,9,12,120,1,,
FR-0034,FR-0034-02,2,129,9,12,120,1,,
FR-0034-01,70065,2,196,76,219,120,1,,
FR-0034-01,70066,2,196,76,261,120,1,,
FR-0034-01,FR-0034,2,129,9,12,120,1,,
FR-0034-01,FR-0034-02,2,130,10,13,120,1,,
FR-0034-02,70065,2,196,76,219,120,1,,
FR-0034-02,70066,2,196,76,261,120,1,,
FR-0034-02,FR-0034,2,129,9,12,120,1,,
FR-0034-02,FR-0034-01,2,130,10,13,120,1,,
Forest Hills-01,10642,2,195,75,153,120,1,,
Forest Hills-01,70001,2,71,11,14,60,1,,
Forest Hills-01,875,2,207,87,223,120,1,,
Forest Hills-01,Forest Hills-02,2,71,11,14,60,1,,
Forest Hills-01,NEC-2237,2,367,127,280,240,1,,
Forest Hills-01,NEC-2237-03,2,367,127,280,240,1,,
Forest Hills-01,NEC-2237-05,2,367,127,280,240,1,,
Forest Hills-02,10642,2,195,75,153,120,1,,
Forest Hills-02,70001,2,71,11,14,60,1,,
Forest Hills-02,875,2,207,87,223,120,1,,
Forest Hills-02,Forest Hills-01,2,71,11,14,60,1,,
Forest Hills-02,NEC-2237,2,367,127,280,240,1,,
Forest Hills-02,NEC-2237-03,2,367,127,280,240,1,,
Forest Hills-02,NEC-2237-05,2,367,127,280,240,1,,
Government Center-Brattle,4510,2,177,57,116,120,1,,
Government Center-Brattle,70039,2,126,36,91,90,1,,
Government Center-Brattle,70040,2,126,36,91,90,1,,
Government Center-Brattle,70201,2,147,27,35,120,1,,
Government Center-Brattle,70202,2,141,21,27,120,1,,
MM-0023-S,121,2,206,86,112,120,1,,
MM-0023-S,70085,2,346,226,340,120,1,,
MM-0023-S,70086,2,346,226,340,120,1,,
MM-0023-S,70095,2,343,223,335,120,1,,
MM-0023-S,70096,2,343,223,335,120,1,,
MM-0079-S,32000,2,187,67,,120,2,,
MM-0079-S,32001,2,180,60,142,120,1,,
MM-0079-S,32002,2,190,70,155,120,1,,
MM-0079-S,32003,2,200,80,167,120,1,,
MM-0079-S,32004,2,209,89,179,120,1,,
MM-0079-S,32005,2,219,99,192,120,1,,
MM-0079-S,70101,2,189,69,215,120,1,,
MM-0079-S,70102,2,189,69,215,120,1,,
MM-0109,38671,2,361,241,312,120,1,,
MM-0109,70105,2,366,246,353,120,1,,
MM-0109,Braintree-01,2,366,246,353,120,1,,
MM-0109,Braintree-02,2,366,246,353,120,1,,
MM-0109,MM-0109-CS,2,324,204,263,120,1,,
MM-0109,MM-0109-S,2,324,204,263,120,1,,
MM-0109-CS,38671,2,361,241,312,120,1,,
MM-0109-CS,70105,2,366,246,353,120,1,,
MM-0109-CS,Braintree-01,2,366,246,353,120,1,,
MM-0109-CS,Braintree-02,2,366,246,353,120,1,,
MM-0109-CS,MM-0109,2,324,204,263,120,1,,
MM-0109-CS,MM-0109-S,2,324,204,263,120,1,,
MM-0109-S,38671,2,361,241,312,120,1,,
MM-0109-S,70105,2,366,246,353,120,1,,
MM-0109-S,Braintree-01,2,366,246,353,120,1,,
MM-0109-S,Braintree-02,2,366,246,353,120,1,,
MM-0109-S,MM-0109,2,324,204,263,120,1,,
MM-0109-S,MM-0109-CS,2,324,204,263,120,1,,
NBM-0374,NBM-0374-01,2,153,33,42,120,1,,
NBM-0374,NBM-0374-02,2,153,33,42,120,1,,
NBM-0374-01,NBM-0374,2,153,33,42,120,1,,
NBM-0374-01,NBM-0374-02,2,153,33,42,120,1,,
NBM-0374-02,NBM-0374,2,153,33,42,120,1,,
NBM-0374-02,NBM-0374-01,2,153,33,42,120,1,,
NEC-2237,10642,2,274,154,259,120,1,,
NEC-2237,70001,2,245,125,275,120,1,,
NEC-2237,875,2,276,156,316,120,1,,
NEC-2237,Forest Hills-01,2,245,125,275,120,1,,
NEC-2237,Forest Hills-02,2,245,125,275,120,1,,
NEC-2237,NEC-2237-03,2,287,167,216,120,1,,
NEC-2237,NEC-2237-05,2,287,167,216,120,1,,
NEC-2237-03,10642,2,274,154,259,120,1,,
NEC-2237-03,70001,2,245,125,275,120,1,,
NEC-2237-03,875,2,276,156,316,120,1,,
NEC-2237-03,Forest Hills-01,2,245,125,275,120,1,,
NEC-2237-03,Forest Hills-02,2,245,125,275,120,1,,
NEC-2237-03,NEC-2237,2,287,167,216,120,1,,
NEC-2237-03,NEC-2237-05,2,124,4,6,120,1,,
NEC-2237-05,10642,2,274,154,259,120,1,,
NEC-2237-05,70001,2,245,125,275,120,1,,
NEC-2237-05,875,2,276,156,316,120,1,,
NEC-2237-05,Forest Hills-01,2,245,125,275,120,1,,
NEC-2237-05,Forest Hills-02,2,245,125,275,120,1,,
NEC-2237-05,NEC-2237,2,287,167,216,120,1,,
NEC-2237-05,NEC-2237-03,2,124,4,6,120,1,,
NEC-2265,17861,2,145,25,32,120,1,,
NEC-2265,17862,2,150,30,99,120,1,,
NEC-2265,17863,2,162,42,114,120,1,,
NEC-2265,70010,2,172,52,141,120,1,,
NEC-2265,70011,2,172,52,141,120,1,,
NEC-2265,NEC-2265-01,2,168,48,112,120,1,,
NEC-2265,NEC-2265-02,2,267,147,250,120,1,,
NEC-2265,NEC-2265-03,2,168,48,112,120,1,,
NEC-2265-01,17861,2,173,53,118,120,1,,
NEC-2265-01,17862,2,152,32,152,120,1,,
NEC-2265-01,17863,2,164,44,167,120,1,,
NEC-2265-01,70010,2,180,60,200,120,1,,
NEC-2265-01,70011,2,180,60,200,120,1,,
NEC-2265-01,NEC-2265,2,168,48,112,120,1,,
NEC-2265-01,NEC-2265-02,2,270,150,304,120,1,,
NEC-2265-01,NEC-2265-03,2,133,13,17,120,1,,
NEC-2265-02,17861,2,278,158,265,120,1,,
NEC-2265-02,17862,2,252,132,171,120,1,,
NEC-2265-02,17863,2,264,144,186,120,1,,
NEC-2265-02,70010,2,294,174,359,120,1,,
NEC-2265-02,70011,2,294,174,359,120,1,,
NEC-2265-02,NEC-2265,2,269,149,252,120,1,,
NEC-2265-02,NEC-2265-01,2,271,151,306,120,1,,
NEC-2265-02,NEC-2265-03,2,271,151,306,120,1,,
NEC-2265-03,17861,2,173,53,118,120,1,,
NEC-2265-03,17862,2,152,32,152,120,1,,
NEC-2265-03,17863,2,164,44,167,120,1,,
NEC-2265-03,70010,2,180,60,200,120,1,,
NEC-2265-03,70011,2,180,60,200,120,1,,
NEC-2265-03,NEC-2265,2,168,48,112,120,1,,
NEC-2265-03,NEC-2265-01,2,133,13,17,120,1,,
NEC-2265-03,NEC-2265-02,2,270,150,304,120,1,,
NEC-2276,11384,2,158,38,49,120,1,,
NEC-2276,176,2,179,59,76,120,1,,
NEC-2276,23391,2,183,63,82,120,1,,
NEC-2276,70014,2,185,65,117,120,1,,
NEC-2276,70015,2,185,65,117,120,1,,
NEC-2276,NEC-2276-01,2,179,59,128,120,1,,
NEC-2276,NEC-2276-02,2,180,60,154,120,1,,
NEC-2276,NEC-2276-03,2,179,59,128,120,1,,
NEC-2276,WML-0012-05,2,272,152,244,120,1,,
NEC-2276,WML-0012-07,2,272,152,244,120,1,,
NEC-2276-01,11384,2,215,95,175,120,1,,
NEC-2276-01,176,2,250,130,221,120,1,,
NEC-2276-01,23391,2,188,68,140,120,1,,
NEC-2276-01,70014,2,233,113,232,120,1,,
NEC-2276-01,70015,2,233,113,232,120,1,,
NEC-2276-01,NEC-2276,2,203,83,160,120,1,,
NEC-2276-01,NEC-2276-02,2,228,108,268,120,1,,
NEC-2276-01,NEC-2276-03,2,151,31,41,120,1,,
NEC-2276-01,WML-0012-05,2,320,200,359,120,1,,
NEC-2276-01,WML-0012-07,2,320,200,359,120,1,,
NEC-2276-02,11384,2,250,130,244,120,1,,
NEC-2276-02,176,2,272,152,272,120,1,,
NEC-2276-02,23391,2,262,142,260,120,1,,
NEC-2276-02,70014,2,269,149,302,120,1,,
NEC-2276-02,70015,2,269,149,302,120,1,,
NEC-2276-02,NEC-2276,2,240,120,231,120,1,,
NEC-2276-02,NEC-2276-01,2,264,144,314,120,1,,
NEC-2276-02,NEC-2276-03,2,264,144,314,120,1,,
NEC-2276-02,WML-0012-05,2,357,237,430,120,1,,
NEC-2276-02,WML-0012-07,2,357,237,430,120,1,,
NEC-2276-03,11384,2,215,95,175,120,1,,
NEC-2276-03,176,2,250,130,221,120,1,,
NEC-2276-03,23391,2,188,68,140,120,1,,
NEC-2276-03,70014,2,233,113,232,120,1,,
NEC-2276-03,70015,2,233,113,232,120,1,,
NEC-2276-03,NEC-2276,2,203,83,160,120,1,,
NEC-2276-03,NEC-2276-01,2,151,31,41,120,1,,
NEC-2276-03,NEC-2276-02,2,228,108,268,120,1,,
NEC-2276-03,WML-0012-05,2,320,200,359,120,1,,
NEC-2276-03,WML-0012-07,2,320,200,359,120,1,,
NEC-2287,70079,2,298,178,342,120,1,,
NEC-2287,70080,2,323,203,434,120,1,,
NEC-2287,74611,2,286,166,329,120,1,,
NEC-2287,74617,2,289,169,333,120,1,,
NEC-2287,NEC-2287-01,2,275,155,200,120,1,,
NEC-2287,NEC-2287-02,2,275,155,200,120,1,,
NEC-2287,NEC-2287-03,2,275,155,200,120,1,,
NEC-2287,NEC-2287-04,2,280,160,207,120,1,,
NEC-2287,NEC-2287-05,2,280,160,207,120,1,,
NEC-2287,NEC-2287-06,2,288,168,218,120,1,,
NEC-2287,NEC-2287-07,2,288,168,218,120,1,,
NEC-2287,NEC-2287-08,2,285,165,214,120,1,,
NEC-2287,NEC-2287-09,2,285,165,214,120,1,,
NEC-2287,NEC-2287-10,2,271,151,196,120,1,,
NEC-2287,NEC-2287-11,2,305,185,239,120,1,,
NEC-2287,NEC-2287-12,2,299,179,231,120,1,,
NEC-2287,NEC-2287-13,2,289,169,218,120,1,,
NEC-2287-01,70079,2,313,193,361,120,1,,
NEC-2287-01,70080,2,338,218,453,120,1,,
NEC-2287-01,74611,2,301,181,348,120,1,,
NEC-2287-01,74617,2,304,184,352,120,1,,
NEC-2287-01,NEC-2287,2,275,155,200,120,1,,
NEC-2287-01,NEC-2287-02,2,223,103,133,120,1,,
NEC-2287-01,NEC-2287-03,2,223,103,133,120,1,,
NEC-2287-01,NEC-2287-04,2,236,116,150,120,1,,
NEC-2287-01,NEC-2287-05,2,236,116,150,120,1,,
NEC-2287-01,NEC-2287-06,2,248,128,165,120,1,,
NEC-2287-01,NEC-2287-07,2,248,128,165,120,1,,
NEC-2287-01,NEC-2287-08,2,260,140,182,120,1,,
NEC-2287-01,NEC-2287-09,2,260,140,182,120,1,,
NEC-2287-01,NEC-2287-10,2,274,154,199,120,1,,
NEC-2287-01,NEC-2287-11,2,304,184,238,120,1,,
NEC-2287-01,NEC-2287-12,2,310,190,245,120,1,,
NEC-2287-01,NEC-2287-13,2,320,200,258,120,1,,
NEC-2287-02,70079,2,299,179,342,120,1,,
NEC-2287-02,70080,2,323,203,434,120,1,,
NEC-2287-02,74611,2,286,166,329,120,1,,
NEC-2287-02,74617,2,289,169,333,120,1,,
NEC-2287-02,NEC-2287,2,275,155,200,120,1,,
NEC-2287-02,NEC-2287-01,2,223,103,133,120,1,,
NEC-2287-02,NEC-2287-03,2,127,7,8,120,1,,
NEC-2287-02,NEC-2287-04,2,227,107,138,120,1,,
NEC-2287-02,NEC-2287-05,2,227,107,138,120,1,,
NEC-2287-02,NEC-2287-06,2,239,119,154,120,1,,
NEC-2287-02,NEC-2287-07,2,239,119,154,120,1,,
NEC-2287-02,NEC-2287-08,2,253,133,172,120,1,,
NEC-2287-02,NEC-2287-09,2,253,133,172,120,1,,
NEC-2287-02,NEC-2287-10,2,262,142,183,120,1,,
NEC-2287-02,NEC-2287-11,2,294,174,225,120,1,,
NEC-2287-02,NEC-2287-12,2,300,180,233,120,1,,
NEC-2287-02,NEC-2287-13,2,308,188,243,120,1,,
NEC-2287-03,70079,2,299,179,342,120,1,,
NEC-2287-03,70080,2,323,203,434,120,1,,
NEC-2287-03,74611,2,286,166,329,120,1,,
NEC-2287-03,74617,2,289,169,333,120,1,,
NEC-2287-03,NEC-2287,2,275,155,200,120,1,,
NEC-2287-03,NEC-2287-01,2,223,103,133,120,1,,
NEC-2287-03,NEC-2287-02,2,127,7,8,120,1,,
NEC-2287-03,NEC-2287-04,2,227,107,138,120,1,,
NEC-2287-03,NEC-2287-05,2,227,107,138,120,1,,
NEC-2287-03,NEC-2287-06,2,239,119,154,120,1,,
NEC-2287-03,NEC-2287-07,2,239,119,154,120,1,,
NEC-2287-03,NEC-2287-08,2,253,133,172,120,1,,
NEC-2287-03,NEC-2287-09,2,253,133,172,120,1,,
NEC-2287-03,NEC-2287-10,2,262,142,183,120,1,,
NEC-2287-03,NEC-2287-11,2,294,174,225,120,1,,
NEC-2287-03,NEC-2287-12,2,300,180,233,120,1,,
NEC-2287-03,NEC-2287-13,2,308,188,243,120,1,,
NEC-2287-04,70079,2,288,168,329,120,1,,
NEC-2287-04,70080,2,313,193,421,120,1,,
NEC-2287-04,74611,2,276,156,316,120,1,,
NEC-2287-04,74617,2,279,159,320,120,1,,
NEC-2287-04,NEC-2287,2,280,160,207,120,1,,
NEC-2287-04,NEC-2287-01,2,236,116,150,120,1,,
NEC-2287-04,NEC-2287-02,2,227,107,138,120,1,,
NEC-2287-04,NEC-2287-03,2,227,107,138,120,1,,
NEC-2287-04,NEC-2287-05,2,127,7,8,120,1,,
NEC-2287-04,NEC-2287-06,2,225,105,136,120,1,,
NEC-2287-04,NEC-2287-07,2,225,105,136,120,1,,
NEC-2287-04,NEC-2287-08,2,241,121,157,120,1,,
NEC-2287-04,NEC-2287-09,2,241,121,157,120,1,,
NEC-2287-04,NEC-2287-10,2,250,130,169,120,1,,
NEC-2287-04,NEC-2287-11,2,281,161,208,120,1,,
NEC-2287-04,NEC-2287-12,2,286,166,215,120,1,,
NEC-2287-04,NEC-2287-13,2,295,175,227,120,1,,
NEC-2287-05,70079,2,288,168,329,120,1,,
NEC-2287-05,70080,2,313,193,421,120,1,,
NEC-2287-05,74611,2,276,156,316,120,1,,
NEC-2287-05,74617,2,279,159,320,120,1,,
NEC-2287-05,NEC-2287,2,280,160,207,120,1,,
NEC-2287-05,NEC-2287-01,2,236,116,150,120,1,,
NEC-2287-05,NEC-2287-02,2,227,107,138,120,1,,
NEC-2287-05,NEC-2287-03,2,227,107,138,120,1,,
NEC-2287-05,NEC-2287-04,2,127,7,8,120,1,,
NEC-2287-05,NEC-2287-06,2,225,105,136,120,1,,
NEC-2287-05,NEC-2287-07,2,225,105,136,120,1,,
NEC-2287-05,NEC-2287-08,2,241,121,157,120,1,,
NEC-2287-05,NEC-2287-09,2,241,121,157,120,1,,
NEC-2287-05,NEC-2287-10,2,250,130,169,120,1,,
NEC-2287-05,NEC-2287-11,2,281,161,208,120,1,,
NEC-2287-05,NEC-2287-12,2,286,166,215,120,1,,
NEC-2287-05,NEC-2287-13,2,295,175,227,120,1,,
NEC-2287-06,70079,2,284,164,324,120,1,,
NEC-2287-06,70080,2,309,189,416,120,1,,
NEC-2287-06,74611,2,272,152,311,120,1,,
NEC-2287-06,74617,2,275,155,315,120,1,,
NEC-2287-06,NEC-2287,2,288,168,218,120,1,,
NEC-2287-06,NEC-2287-01,2,248,128,165,120,1,,
NEC-2287-06,NEC-2287-02,2,239,119,154,120,1,,
NEC-2287-06,NEC-2287-03,2,239,119,154,120,1,,
NEC-2287-06,NEC-2287-04,2,225,105,136,120,1,,
NEC-2287-06,NEC-2287-05,2,225,105,136,120,1,,
NEC-2287-06,NEC-2287-07,2,127,7,8,120,1,,
NEC-2287-06,NEC-2287-08,2,229,109,141,120,1,,
NEC-2287-06,NEC-2287-09,2,229,109,141,120,1,,
NEC-2287-06,NEC-2287-10,2,237,117,152,120,1,,
NEC-2287-06,NEC-2287-11,2,269,149,193,120,1,,
NEC-2287-06,NEC-2287-12,2,275,155,200,120,1,,
NEC-2287-06,NEC-2287-13,2,283,163,210,120,1,,
NEC-2287-07,70079,2,284,164,324,120,1,,
NEC-2287-07,70080,2,309,189,416,120,1,,
NEC-2287-07,74611,2,272,152,311,120,1,,
NEC-2287-07,74617,2,275,155,315,120,1,,
NEC-2287-07,NEC-2287,2,288,168,218,120,1,,
NEC-2287-07,NEC-2287-01,2,248,128,165,120,1,,
NEC-2287-07,NEC-2287-02,2,239,119,154,120,1,,
NEC-2287-07,NEC-2287-03,2,239,119,154,120,1,,
NEC-2287-07,NEC-2287-04,2,225,105,136,120,1,,
NEC-2287-07,NEC-2287-05,2,225,105,136,120,1,,
NEC-2287-07,NEC-2287-06,2,127,7,8,120,1,,
NEC-2287-07,NEC-2287-08,2,229,109,141,120,1,,
NEC-2287-07,NEC-2287-09,2,229,109,141,120,1,,
NEC-2287-07,NEC-2287-10,2,237,117,152,120,1,,
NEC-2287-07,NEC-2287-11,2,269,149,193,120,1,,
NEC-2287-07,NEC-2287-12,2,275,155,200,120,1,,
NEC-2287-07,NEC-2287-13,2,283,163,210,120,1,,
NEC-2287-08,70079,2,281,161,320,120,1,,
NEC-2287-08,70080,2,306,186,412,120,1,,
NEC-2287-08,74611,2,269,149,307,120,1,,
NEC-2287-08,74617,2,272,152,311,120,1,,
NEC-2287-08,NEC-2287,2,285,165,214,120,1,,
NEC-2287-08,NEC-2287-01,2,260,140,182,120,1,,
NEC-2287-08,NEC-2287-02,2,253,133,172,120,1,,
NEC-2287-08,NEC-2287-03,2,253,133,172,120,1,,
NEC-2287-08,NEC-2287-04,2,241,121,157,120,1,,
NEC-2287-08,NEC-2287-05,2,241,121,157,120,1,,
NEC-2287-08,NEC-2287-06,2,229,109,141,120,1,,
NEC-2287-08,NEC-2287-07,2,229,109,141,120,1,,
NEC-2287-08,NEC-2287-09,2,127,7,8,120,1,,
NEC-2287-08,NEC-2287-10,2,224,104,135,120,1,,
NEC-2287-08,NEC-2287-11,2,256,136,176,120,1,,
NEC-2287-08,NEC-2287-12,2,262,142,183,120,1,,
NEC-2287-08,NEC-2287-13,2,270,150,194,120,1,,
NEC-2287-09,70079,2,281,161,320,120,1,,
NEC-2287-09,70080,2,306,186,412,120,1,,
NEC-2287-09,74611,2,269,149,307,120,1,,
NEC-2287-09,74617,2,272,152,311,120,1,,
NEC-2287-09,NEC-2287,2,285,165,214,120,1,,
NEC-2287-09,NEC-2287-01,2,260,140,182,120,1,,
NEC-2287-09,NEC-2287-02,2,253,133,172,120,1,,
NEC-2287-09,NEC-2287-03,2,253,133,172,120,1,,
NEC-2287-09,NEC-2287-04,2,241,121,157,120,1,,
NEC-2287-09,NEC-2287-05,2,241,121,157,120,1,,
NEC-2287-09,NEC-2287-06,2,229,109,141,120,1,,
NEC-2287-09,NEC-2287-07,2,229,109,141,120,1,,
NEC-2287-09,NEC-2287-08,2,127,7,8,120,1,,
NEC-2287-09,NEC-2287-10,2,224,104,135,120,1,,
NEC-2287-09,NEC-2287-11,2,256,136,176,120,1,,
NEC-2287-09,NEC-2287-12,2,262,142,183,120,1,,
NEC-2287-09,NEC-2287-13,2,270,150,194,120,1,,
NEC-2287-10,70079,2,282,162,321,120,1,,
NEC-2287-10,70080,2,307,187,413,120,1,,
NEC-2287-10,74611,2,270,150,308,120,1,,
NEC-2287-10,74617,2,273,153,312,120,1,,
NEC-2287-10,NEC-2287,2,270,150,195,120,1,,
NEC-2287-10,NEC-2287-01,2,274,154,199,120,1,,
NEC-2287-10,NEC-2287-02,2,262,142,183,120,1,,
NEC-2287-10,NEC-2287-03,2,262,142,183,120,1,,
NEC-2287-10,NEC-2287-04,2,250,130,169,120,1,,
NEC-2287-10,NEC-2287-05,2,250,130,169,120,1,,
NEC-2287-10,NEC-2287-06,2,237,117,152,120,1,,
NEC-2287-10,NEC-2287-07,2,237,117,152,120,1,,
NEC-2287-10,NEC-2287-08,2,224,104,135,120,1,,
NEC-2287-10,NEC-2287-09,2,224,104,135,120,1,,
NEC-2287-10,NEC-2287-11,2,158,38,50,120,1,,
NEC-2287-10,NEC-2287-12,2,174,54,70,120,1,,
NEC-2287-10,NEC-2287-13,2,178,58,75,120,1,,
NEC-2287-11,70079,2,317,197,366,120,1,,
NEC-2287-11,70080,2,342,222,458,120,1,,
NEC-2287-11,74611,2,305,185,353,120,1,,
NEC-2287-11,74617,2,308,188,357,120,1,,
NEC-2287-11,NEC-2287,2,304,184,238,120,1,,
NEC-2287-11,NEC-2287-01,2,304,184,238,120,1,,
NEC-2287-11,NEC-2287-02,2,294,174,225,120,1,,
NEC-2287-11,NEC-2287-03,2,294,174,225,120,1,,
NEC-2287-11,NEC-2287-04,2,281,161,208,120,1,,
NEC-2287-11,NEC-2287-05,2,281,161,208,120,1,,
NEC-2287-11,NEC-2287-06,2,269,149,193,120,1,,
NEC-2287-11,NEC-2287-07,2,269,149,193,120,1,,
NEC-2287-11,NEC-2287-08,2,256,136,176,120,1,,
NEC-2287-11,NEC-2287-09,2,256,136,176,120,1,,
NEC-2287-11,NEC-2287-10,2,158,38,50,120,1,,
NEC-2287-11,NEC-2287-12,2,208,88,114,120,1,,
NEC-2287-11,NEC-2287-13,2,213,93,121,120,1,,
NEC-2287-12,70079,2,322,202,372,120,1,,
NEC-2287-12,70080,2,346,226,464,120,1,,
NEC-2287-12,74611,2,309,189,359,120,1,,
NEC-2287-12,74617,2,312,192,363,120,1,,
NEC-2287-12,NEC-2287,2,298,178,230,120,1,,
NEC-2287-12,NEC-2287-01,2,310,190,245,120,1,,
NEC-2287-12,NEC-2287-02,2,300,180,233,120,1,,
NEC-2287-12,NEC-2287-03,2,300,180,233,120,1,,
NEC-2287-12,NEC-2287-04,2,286,166,215,120,1,,
NEC-2287-12,NEC-2287-05,2,286,166,215,120,1,,
NEC-2287-12,NEC-2287-06,2,275,155,200,120,1,,
NEC-2287-12,NEC-2287-07,2,275,155,200,120,1,,
NEC-2287-12,NEC-2287-08,2,262,142,183,120,1,,
NEC-2287-12,NEC-2287-09,2,262,142,183,120,1,,
NEC-2287-12,NEC-2287-10,2,174,54,70,120,1,,
NEC-2287-12,NEC-2287-11,2,208,88,114,120,1,,
NEC-2287-12,NEC-2287-13,2,208,88,114,120,1,,
NEC-2287-13,70079,2,340,220,396,120,1,,
NEC-2287-13,70080,2,365,245,488,120,1,,
NEC-2287-13,74611,2,328,208,383,120,1,,
NEC-2287-13,74617,2,331,211,387,120,1,,
NEC-2287-13,NEC-2287,2,288,168,217,120,1,,
NEC-2287-13,NEC-2287-01,2,320,200,258,120,1,,
NEC-2287-13,NEC-2287-02,2,308,188,243,120,1,,
NEC-2287-13,NEC-2287-03,2,308,188,243,120,1,,
NEC-2287-13,NEC-2287-04,2,295,175,227,120,1,,
NEC-2287-13,NEC-2287-05,2,295,175,227,120,1,,
NEC-2287-13,NEC-2287-06,2,283,163,210,120,1,,
NEC-2287-13,NEC-2287-07,2,283,163,210,120,1,,
NEC-2287-13,NEC-2287-08,2,270,150,194,120,1,,
NEC-2287-13,NEC-2287-09,2,270,150,194,120,1,,
NEC-2287-13,NEC-2287-10,2,178,58,75,120,1,,
NEC-2287-13,NEC-2287-11,2,213,93,121,120,1,,
NEC-2287-13,NEC-2287-12,2,208,88,114,120,1,,
Oak Grove-01,70036,2,65,5,6,60,1,,
Oak Grove-01,9328,2,233,113,234,120,1,,
Oak Grove-01,Oak Grove-02,2,65,5,6,60,1,,
Oak Grove-01,WR-0053-S,2,350,110,230,240,1,,
Oak Grove-02,70036,2,65,5,6,60,1,,
Oak Grove-02,9328,2,233,113,234,120,1,,
Oak Grove-02,Oak Grove-01,2,65,5,6,60,1,,
Oak Grove-02,WR-0053-S,2,350,110,230,240,1,,
Union Square-01,70503,2,244,124,161,120,1,,
Union Square-01,70504,2,244,124,161,120,1,,
Union Square-01,Union Square-02,2,244,124,161,120,1,,
Union Square-02,70503,2,244,124,161,120,1,,
Union Square-02,70504,2,244,124,161,120,1,,
Union Square-02,Union Square-01,2,244,124,161,120,1,,
WML-0012-05,11384,2,263,143,233,120,1,,
WML-0012-05,176,2,306,186,289,120,1,,
WML-0012-05,23391,2,301,181,282,120,1,,
WML-0012-05,70014,2,301,181,315,120,1,,
WML-0012-05,70015,2,301,181,315,120,1,,
WML-0012-05,NEC-2276,2,272,152,244,120,1,,
WML-0012-05,NEC-2276-01,2,296,176,328,120,1,,
WML-0012-05,NEC-2276-02,2,297,177,353,120,1,,
WML-0012-05,NEC-2276-03,2,296,176,328,120,1,,
WML-0012-05,WML-0012-07,2,165,45,58,120,1,,
WML-0012-07,11384,2,263,143,233,120,1,,
WML-0012-07,176,2,306,186,289,120,1,,
WML-0012-07,23391,2,301,181,282,120,1,,
WML-0012-07,70014,2,301,181,315,120,1,,
WML-0012-07,70015,2,301,181,315,120,1,,
WML-0012-07,NEC-2276,2,272,152,244,120,1,,
WML-0012-07,NEC-2276-01,2,296,176,328,120,1,,
WML-0012-07,NEC-2276-02,2,297,177,353,120,1,,
WML-0012-07,NEC-2276-03,2,296,176,328,120,1,,
WML-0012-07,WML-0012-05,2,165,45,58,120,1,,
WR-0045-S,5072,2,189,69,146,120,1,,
WR-0045-S,5327,2,201,81,161,120,1,,
WR-0045-S,53270,2,192,72,149,120,1,,
WR-0045-S,70034,2,182,62,181,120,1,,
WR-0045-S,70035,2,182,62,181,120,1,,
WR-0053-S,70036,2,240,120,240,120,1,,
WR-0053-S,9328,2,216,96,216,120,1,,
WR-0053-S,Oak Grove-01,2,240,120,240,120,1,,
WR-0053-S,Oak Grove-02,2,240,120,240,120,1,,
70018,70019,3,,,,,,,
70019,70018,3,,,,,,,
70059,70060,3,,,,,,,
70060,70059,3,,,,,,,
70069,70070,3,,,,,,,
70070,70069,3,,,,,,,
70071,70072,3,,,,,,,
70072,70071,3,,,,,,,
70093,70094,3,,,,,,,
70154,70155,3,,,,,,,
70155,70154,3,,,,,,,
70158,70159,3,,,,,,,
70159,70158,3,,,,,,,
70241,70242,3,,,,,,,
70242,70241,3,,,,,,,
10000,10000,4,,,,,,69704221,69704220
10000,10000,4,,,,,,69704228,69704222
10000,10000,4,,,,,,69704227,69704214
10000,10000,4,,,,,,69704226,69704211
10000,10000,4,,,,,,69704213,69704212
10000,10000,4,,,,,,69704218,69704217
10000,10000,4,,,,,,69704000,69703723
10000,10000,4,,,,,,69704002,69703725
10000,10000,4,,,,,,69704015,69703720
10000,10000,4,,,,,,69704030,69703726
10000,10000,4,,,,,,69704033,69703728
10000,10000,4,,,,,,69704225,69704216
10000,10000,4,,,,,,69704223,69704210
10000,10000,4,,,,,,69704219,69704215
10000,10000,4,,,,,,69704230,69704275
10000,10000,4,,,,,,69704274,69704271
10000,10000,4,,,,,,69704273,69704272
10000,10000,4,,,,,,69704269,69704325
10000,10000,4,,,,,,69704321,69704326
10000,10000,4,,,,,,69704320,69704316
10000,10000,4,,,,,,69704328,69704322
10000,10000,4,,,,,,69704324,69704418
10000,10000,4,,,,,,69704415,69704410
10000,10000,4,,,,,,69703964,69703722
10000,10000,4,,,,,,69703984,69703729
10000,10000,4,,,,,,69704045,69703731
10000,10000,4,,,,,,69704046,69703732
10000,10000,4,,,,,,69704058,69703730
10000,10000,4,,,,,,69570963,69570964
10000,10000,4,,,,,,69571071,69571072
10000,10000,4,,,,,,69571076,69571074
10000,10000,4,,,,,,69571073,69571066
10000,10000,4,,,,,,69571078,69571070
10000,10000,4,,,,,,69571077,69571065
10000,10000,4,,,,,,69571075,69571069
10000,10000,4,,,,,,69570968,69570965
10000,10000,4,,,,,,69570966,69570969
10000,10000,4,,,,,,69571186,69571179
10000,10000,4,,,,,,69571193,69571191
10000,10000,4,,,,,,69571183,69571190
10000,10000,4,,,,,,69571196,69571195
10000,10000,4,,,,,,69571182,69571181
10000,10000,4,,,,,,69571178,69571174
10000,10000,4,,,,,,69571184,69571177
10000,10000,4,,,,,,69571176,69571187
10000,10000,4,,,,,,69571194,69571180
10000,10000,4,,,,,,69571189,69571185
10000,10000,4,,,,,,69571192,69571175
10000,10000,4,,,,,,69570970,69570967
10000,10000,4,,,,,,69570971,69570973
10000,10000,4,,,,,,69570976,69570978
10000,10000,4,,,,,,69570972,69570974
10000,10000,4,,,,,,69572172,69572169
10000,10000,4,,,,,,69570975,69570980
10000,10000,4,,,,,,69570981,69570979
10000,10000,4,,,,,,69570977,69570982
10000,10000,4,,,,,,69570983,69570984
10000,10000,4,,,,,,69570986,69570987
10000,10000,4,,,,,,69570985,69570990
10000,10000,4,,,,,,69565992,69565993
10000,10000,4,,,,,,69565996,69565994
10000,10000,4,,,,,,69565998,69565995
10000,10000,4,,,,,,69566000,69566001
10000,10000,4,,,,,,69565999,69566003
10000,10000,4,,,,,,69566004,69565997
10000,10000,4,,,,,,69566030,69566029
10000,10000,4,,,,,,69566034,69566036
10000,10000,4,,,,,,69566002,69566005
10000,10000,4,,,,,,69566046,69566043
10000,10000,4,,,,,,69566015,69566049
10000,10000,4,,,,,,69566012,69566051
10000,10000,4,,,,,,69566014,69566048
10000,10000,4,,,,,,69566047,69566011
10000,10000,4,,,,,,69566016,69566050
10000,10000,4,,,,,,69566017,69566052
10000,10000,4,,,,,,69566018,69566019
10000,10000,4,,,,,,69566053,69566054
10000,10000,4,,,,,,69566020,69566021
10000,10000,4,,,,,,69566023,69566024
10000,10000,4,,,,,,69566025,69566026
10000,10000,4,,,,,,69566027,69566028
10000,10000,4,,,,,,69566031,69566032
10000,10000,4,,,,,,69566037,69566006
10000,10000,4,,,,,,69566035,69566038
10000,10000,4,,,,,,69566039,69566040
10000,10000,4,,,,,,69566008,69566033
10000,10000,4,,,,,,69566041,69566042
10000,10000,4,,,,,,69566009,69566010
10000,10000,4,,,,,,69566044,69566045
10000,10000,4,,,,,,69566007,69566013
109821,109821,4,,,,,,70054106,70054110
109853,109853,4,,,,,,70079184,70079183
109853,109853,4,,,,,,70079190,70079192
109853,109853,4,,,,,,70079191,70079189
109853,109853,4,,,,,,70079295,70079294
109853,109853,4,,,,,,70079301,70079300
109853,109853,4,,,,,,70079316,70079317
109853,109853,4,,,,,,70079227,70079225
109853,109853,4,,,,,,70079224,70079223
109853,109853,4,,,,,,70079305,70079304
109853,109853,4,,,,,,70079210,70079211
109853,109853,4,,,,,,70079308,70079311
109853,109853,4,,,,,,70079289,70079288
109853,109853,4,,,,,,70079259,70079258
109853,109853,4,,,,,,70079219,70079220
109853,109853,4,,,,,,70079207,70079178
109853,109853,4,,,,,,70079208,70079209
109853,109853,4,,,,,,70079240,70079239
109853,109853,4,,,,,,70079238,70079237
109853,109853,4,,,,,,70079236,70079235
109853,109853,4,,,,,,70079234,70079233
109853,109853,4,,,,,,70079232,70079231
109853,109853,4,,,,,,70079230,70079226
109853,109853,4,,,,,,70079229,70079228
109853,109853,4,,,,,,70079242,70079241
109853,109853,4,,,,,,70054054,70054056
109853,109853,4,,,,,,70054042,70054053
109853,109853,4,,,,,,70054021,70054027
109853,109853,4,,,,,,70054037,70054033
109853,109853,4,,,,,,70054039,70054057
109853,109853,4,,,,,,70054035,70054026
109853,109853,4,,,,,,70054043,70054060
109853,109853,4,,,,,,70054020,70054038
109853,109853,4,,,,,,70054017,70054052
109853,109853,4,,,,,,70054019,70054025
109853,109853,4,,,,,,70054061,70054041
109853,109853,4,,,,,,70054016,70054047
109853,109853,4,,,,,,70054055,70054024
109853,109853,4,,,,,,70054040,70054036
109853,109853,4,,,,,,70054058,70054029
109853,109853,4,,,,,,70054018,70054050
109853,109853,4,,,,,,70054045,70054023
109853,109853,4,,,,,,70054044,70054034
109853,109853,4,,,,,,70054046,70054030
109853,109853,4,,,,,,70054032,70054049
109853,109853,4,,,,,,70054031,70054022
109853,109853,4,,,,,,70054105,70054109
109853,109853,4,,,,,,70054048,70054062
109853,109853,4,,,,,,70054104,70054059
109853,109853,4,,,,,,70054103,70054063
109853,109853,4,,,,,,70054099,70054064
109853,109853,4,,,,,,70054102,70054065
109853,109853,4,,,,,,70054101,70054066
109853,109853,4,,,,,,70054100,70054067
109853,109853,4,,,,,,70054098,70054069
109853,109853,4,,,,,,70054097,70054070
109853,109853,4,,,,,,70054096,70054071
109853,109853,4,,,,,,70054095,70054073
109853,109853,4,,,,,,70054094,70054068
109853,109853,4,,,,,,70054093,70054074
109853,109853,4,,,,,,70054092,70054072
109853,109853,4,,,,,,70054091,70054077
109853,109853,4,,,,,,70054090,70054078
109853,109853,4,,,,,,70054089,70054075
109853,109853,4,,,,,,70054088,70054076
109853,109853,4,,,,,,70054084,70054079
109853,109853,4,,,,,,70054087,70054080
109853,109853,4,,,,,,70054086,70054081
109853,109853,4,,,,,,70054085,70054082
109853,109853,4,,,,,,70054083,70054108
109853,109853,4,,,,,,70054013,70053979
109853,109853,4,,,,,,70053989,70053967
109853,109853,4,,,,,,70054000,70053980
109853,109853,4,,,,,,70053990,70053968
109853,109853,4,,,,,,70054001,70053978
109853,109853,4,,,,,,70053992,70053969
109853,109853,4,,,,,,70054003,70053981
109853,109853,4,,,,,,70053993,70053970
109853,109853,4,,,,,,70054004,70053982
109853,109853,4,,,,,,70053991,70053971
109853,109853,4,,,,,,70054002,70053983
109853,109853,4,,,,,,70053994,70053972
109853,109853,4,,,,,,70054005,70053985
109853,109853,4,,,,,,70053995,70053973
109853,109853,4,,,,,,70054007,70053986
109853,109853,4,,,,,,70053996,70053974
109853,109853,4,,,,,,70054006,70053987
109853,109853,4,,,,,,70053997,70053976
109853,109853,4,,,,,,70054008,70053984
109853,109853,4,,,,,,70053998,70053977
109853,109853,4,,,,,,70054009,70053988
109853,109853,4,,,,,,70053999,70053975
109898,109898,4,,,,,,70054012,70054011
113,113,4,,,,,,69698228,69698232
113,113,4,,,,,,69698221,69698315
113,113,4,,,,,,69698310,69698316
113,113,4,,,,,,69698223,69698226
113,113,4,,,,,,69698313,69698311
113,113,4,,,,,,69698317,69698320
113,113,4,,,,,,69698992,69698991
113,113,4,,,,,,69698990,69698993
114,114,4,,,,,,69698052,69698047
114,114,4,,,,,,69698056,69698057
114,114,4,,,,,,69698053,69698061
114,114,4,,,,,,69699009,69699008
114,114,4,,,,,,69699012,69699004
114,114,4,,,,,,69699010,69699011
114,114,4,,,,,,69698045,69698037
114,114,4,,,,,,69698049,69698044
114,114,4,,,,,,69698042,69698046
11802,11802,4,,,,,,69702439,69703625
11802,11802,4,,,,,,69702442,69703626
11802,11802,4,,,,,,69702438,69703622
11802,11802,4,,,,,,69704345,69704350
11802,11802,4,,,,,,69704348,69704428
11802,11802,4,,,,,,69702408,69703618
11802,11802,4,,,,,,69702417,69703620
11802,11802,4,,,,,,69702427,69703623
11802,11802,4,,,,,,69702412,69703615
11802,11802,4,,,,,,69702423,69703619
11802,11802,4,,,,,,69702431,69703624
11802,11802,4,,,,,,69702414,69703617
11802,11802,4,,,,,,69702424,69703616
11802,11802,4,,,,,,69702433,69703621
1618,1618,4,,,,,,69820552,69820549
1618,1618,4,,,,,,69820545,69820566
1618,1618,4,,,,,,69820746,69820744
1618,1618,4,,,,,,69820739,69820682
1618,1618,4,,,,,,69820565,69820683
1618,1618,4,,,,,,69820557,69820666
1618,1618,4,,,,,,69820559,69820667
1618,1618,4,,,,,,69820538,69820553
1618,1618,4,,,,,,69820537,69820568
1618,1618,4,,,,,,69820680,69820554
1618,1618,4,,,,,,69820539,69820564
1618,1618,4,,,,,,69820569,69820560
1618,1618,4,,,,,,69820570,69820540
1618,1618,4,,,,,,69820661,69820542
1618,1618,4,,,,,,69820550,69821387
1618,1618,4,,,,,,69821388,69821385
1618,1618,4,,,,,,69821384,69821382
1618,1618,4,,,,,,69820658,69820555
1618,1618,4,,,,,,69820558,69820671
1618,1618,4,,,,,,69820543,69820567
1618,1618,4,,,,,,69820561,69820544
1618,1618,4,,,,,,69820551,69820563
1618,1618,4,,,,,,69817603,69817604
1618,1618,4,,,,,,69817605,69817607
1618,1618,4,,,,,,69817608,69817609
1618,1618,4,,,,,,69817606,69817610
1618,1618,4,,,,,,69817611,69817612
1618,1618,4,,,,,,69817613,69817615
1618,1618,4,,,,,,69817619,69817621
1618,1618,4,,,,,,69817622,69817625
1618,1618,4,,,,,,69817620,69817626
1618,1618,4,,,,,,69817627,69817623
1618,1618,4,,,,,,69817616,69817617
1618,1618,4,,,,,,69817614,69817618
17091,17091,4,,,,,,69112235,69112234
17091,17091,4,,,,,,69112229,69112230
17091,17091,4,,,,,,69112232,69112231
17091,17091,4,,,,,,69112228,69112226
17091,17091,4,,,,,,69112227,69112219
17091,17091,4,,,,,,69112218,69112217
17091,17091,4,,,,,,69112216,69112215
17091,17091,4,,,,,,69112212,69112211
17091,17091,4,,,,,,69112213,69112214
17091,17091,4,,,,,,69112210,69112203
17091,17091,4,,,,,,69112202,69112204
17091,17091,4,,,,,,69112209,69112208
17091,17091,4,,,,,,69112207,69112198
17091,17091,4,,,,,,69112195,69112205
17091,17091,4,,,,,,69112197,69112201
17091,17091,4,,,,,,69112200,69112206
17091,17091,4,,,,,,69112196,69112199
17091,17091,4,,,,,,69112152,69112145
17091,17091,4,,,,,,69112150,69112146
17091,17091,4,,,,,,69112149,69112148
17091,17091,4,,,,,,69112147,69112144
17091,17091,4,,,,,,69112151,69112136
17091,17091,4,,,,,,69112135,69112137
17091,17091,4,,,,,,69112138,69112139
17091,17091,4,,,,,,69112130,69112133
17091,17091,4,,,,,,69112181,69112177
17091,17091,4,,,,,,69112173,69112169
17091,17091,4,,,,,,69112166,69112161
17091,17091,4,,,,,,69112158,69112124
17091,17091,4,,,,,,69112116,69112119
17091,17091,4,,,,,,69112111,69112104
17091,17091,4,,,,,,69112105,69112101
17091,17091,4,,,,,,69112097,69112092
17091,17091,4,,,,,,69112102,69112100
17091,17091,4,,,,,,69112093,69112087
17091,17091,4,,,,,,69112080,69112081
17091,17091,4,,,,,,69112074,69112065
17091,17091,4,,,,,,69112062,69112058
17091,17091,4,,,,,,69112056,69112052
17091,17091,4,,,,,,69112054,69112048
17091,17091,4,,,,,,69112042,69112038
17091,17091,4,,,,,,69112041,69112039
17091,17091,4,,,,,,69112037,69112036
17091,17091,4,,,,,,69112179,69112175
17091,17091,4,,,,,,69112171,69112167
17091,17091,4,,,,,,69112160,69112159
17091,17091,4,,,,,,69112128,69112125
17091,17091,4,,,,,,69112121,69112118
17091,17091,4,,,,,,69112113,69112107
17091,17091,4,,,,,,69112096,69112091
17091,17091,4,,,,,,69112085,69112086
17091,17091,4,,,,,,69112079,69112071
17091,17091,4,,,,,,69112069,69112070
17091,17091,4,,,,,,69112059,69112060
17091,17091,4,,,,,,69112055,69112049
17091,17091,4,,,,,,69112043,69112040
17091,17091,4,,,,,,69112031,69112028
17091,17091,4,,,,,,69112024,69112023
17091,17091,4,,,,,,69112022,69112018
17091,17091,4,,,,,,69112017,69112004
17091,17091,4,,,,,,69112005,69112008
17091,17091,4,,,,,,69112007,69112009
17091,17091,4,,,,,,69112189,69112183
17091,17091,4,,,,,,69112176,69112174
17091,17091,4,,,,,,69112170,69112168
17091,17091,4,,,,,,69112162,69112157
17091,17091,4,,,,,,69112127,69112122
17091,17091,4,,,,,,69112123,69112115
17091,17091,4,,,,,,69112110,69112109
17091,17091,4,,,,,,69112103,69112095
17091,17091,4,,,,,,69112089,69112083
17091,17091,4,,,,,,69112082,69112077
17091,17091,4,,,,,,69112073,69112066
17091,17091,4,,,,,,69112068,69112067
17091,17091,4,,,,,,69112057,69112051
17091,17091,4,,,,,,69112045,69112032
17091,17091,4,,,,,,69112035,69112030
17091,17091,4,,,,,,69112027,69112026
17091,17091,4,,,,,,69112021,69112015
17091,17091,4,,,,,,69112016,69111996
17091,17091,4,,,,,,69111997,69111998
17091,17091,4,,,,,,69111991,69111994
17091,17091,4,,,,,,69112184,69112182
17091,17091,4,,,,,,69112178,69112172
17091,17091,4,,,,,,69112164,69112163
17091,17091,4,,,,,,69112165,69112156
17091,17091,4,,,,,,69112126,69112120
17091,17091,4,,,,,,69112117,69112112
17091,17091,4,,,,,,69112106,69112098
17091,17091,4,,,,,,69112099,69112090
17091,17091,4,,,,,,69112084,69112078
17091,17091,4,,,,,,69112076,69112075
17091,17091,4,,,,,,69112072,69112064
17091,17091,4,,,,,,69112061,69112063
17091,17091,4,,,,,,69112053,69112050
17091,17091,4,,,,,,69112044,69112033
17091,17091,4,,,,,,69112034,69112029
17091,17091,4,,,,,,69112025,69112019
17091,17091,4,,,,,,69112020,69112013
17091,17091,4,,,,,,69112012,69111995
17091,17091,4,,,,,,69111992,69111989
17091,17091,4,,,,,,69111990,69111986
17091,17091,4,,,,,,69112134,69112131
17091,17091,4,,,,,,69112140,69112141
17091,17091,4,,,,,,69112142,69112143
17091,17091,4,,,,,,69112132,69112129
17091,17091,4,,,,,,69112010,69112011
17091,17091,4,,,,,,69112006,69112002
17091,17091,4,,,,,,69112000,69112003
17091,17091,4,,,,,,69111999,69112001
17091,17091,4,,,,,,69111993,69111988
17091,17091,4,,,,,,69111987,69111984
17091,17091,4,,,,,,69111981,69111983
17091,17091,4,,,,,,69111985,69111980
17091,17091,4,,,,,,69111979,69111973
17091,17091,4,,,,,,69111977,69111976
17091,17091,4,,,,,,68992028,68992030
17091,17091,4,,,,,,68992029,68992031
17091,17091,4,,,,,,68992041,68992044
17091,17091,4,,,,,,68992050,68992052
17091,17091,4,,,,,,68992057,68992062
17091,17091,4,,,,,,68992066,68992067
17091,17091,4,,,,,,68992074,68992077
17091,17091,4,,,,,,68992084,68992081
17091,17091,4,,,,,,68992087,68992092
17091,17091,4,,,,,,68992097,68992100
17091,17091,4,,,,,,68992104,68992113
17091,17091,4,,,,,,68992110,68992118
17091,17091,4,,,,,,68992124,68992126
17091,17091,4,,,,,,68992163,68992170
17091,17091,4,,,,,,68992183,68992184
17091,17091,4,,,,,,68992199,68992196
17091,17091,4,,,,,,68992205,68992215
17091,17091,4,,,,,,68992224,68992219
17091,17091,4,,,,,,68992231,68992232
17091,17091,4,,,,,,68992241,68992239
17091,17091,4,,,,,,68992034,68992033
17091,17091,4,,,,,,68992035,68992032
17091,17091,4,,,,,,68992043,68992046
17091,17091,4,,,,,,68992054,68992056
17091,17091,4,,,,,,68992058,68992060
17091,17091,4,,,,,,68992069,68992068
17091,17091,4,,,,,,68992076,68992078
17091,17091,4,,,,,,68992083,68992082
17091,17091,4,,,,,,68992091,68992096
17091,17091,4,,,,,,68992098,68992101
17091,17091,4,,,,,,68992108,68992111
17091,17091,4,,,,,,68992117,68992116
17091,17091,4,,,,,,68992125,68992130
17091,17091,4,,,,,,68992162,68992169
17091,17091,4,,,,,,68992188,68992179
17091,17091,4,,,,,,68992202,68992203
17091,17091,4,,,,,,68992211,68992212
17091,17091,4,,,,,,68992223,68992225
17091,17091,4,,,,,,68992233,68992234
17091,17091,4,,,,,,68992119,68992121
17091,17091,4,,,,,,68992128,68992131
17091,17091,4,,,,,,68992168,68992174
17091,17091,4,,,,,,68992185,68992189
17091,17091,4,,,,,,68992200,68992208
17091,17091,4,,,,,,68992214,68992222
17091,17091,4,,,,,,68992226,68992228
17091,17091,4,,,,,,68992230,68992236
17091,17091,4,,,,,,68992240,68992244
17091,17091,4,,,,,,68992246,68992248
17091,17091,4,,,,,,68992026,68992025
17091,17091,4,,,,,,68992027,68992037
17091,17091,4,,,,,,68992045,68992048
17091,17091,4,,,,,,68992051,68992055
17091,17091,4,,,,,,68992059,68992063
17091,17091,4,,,,,,68992070,68992073
17091,17091,4,,,,,,68992075,68992079
17091,17091,4,,,,,,68992086,68992089
17091,17091,4,,,,,,68992093,68992094
17091,17091,4,,,,,,68992103,68992102
17091,17091,4,,,,,,68992112,68992109
17091,17091,4,,,,,,68992120,68992122
17091,17091,4,,,,,,68992129,68992133
17091,17091,4,,,,,,68992171,68992175
17091,17091,4,,,,,,68992192,68992194
17091,17091,4,,,,,,68992207,68992210
17091,17091,4,,,,,,68992221,68992220
17091,17091,4,,,,,,68992227,68992229
17091,17091,4,,,,,,68992238,68992235
17091,17091,4,,,,,,68992243,68992245
17091,17091,4,,,,,,68992038,68992039
17091,17091,4,,,,,,68992040,68992042
17091,17091,4,,,,,,68992049,68992047
17091,17091,4,,,,,,68992053,68992061
17091,17091,4,,,,,,68992065,68992064
17091,17091,4,,,,,,68992071,68992072
17091,17091,4,,,,,,68992080,68992085
17091,17091,4,,,,,,68992088,68992090
17091,17091,4,,,,,,68992095,68992099
17091,17091,4,,,,,,68992105,68992107
17091,17091,4,,,,,,68992106,68992114
17091,17091,4,,,,,,68992115,68992123
17091,17091,4,,,,,,68992127,68992134
17091,17091,4,,,,,,68992177,68992172
17091,17091,4,,,,,,68992182,68992193
17091,17091,4,,,,,,68992242,68992237
17091,17091,4,,,,,,68992247,68992253
17091,17091,4,,,,,,68992250,68992258
17091,17091,4,,,,,,68992263,68992268
17091,17091,4,,,,,,68992269,68992273
17091,17091,4,,,,,,68992279,68992281
17091,17091,4,,,,,,68992249,68992251
17091,17091,4,,,,,,68992255,68992257
17091,17091,4,,,,,,68992262,68992266
17091,17091,4,,,,,,68992272,68992275
17091,17091,4,,,,,,68992277,68992283
17091,17091,4,,,,,,68992286,68992291
17091,17091,4,,,,,,68992252,68992256
17091,17091,4,,,,,,68992259,68992261
17091,17091,4,,,,,,68992264,68992270
17091,17091,4,,,,,,68992271,68992278
17091,17091,4,,,,,,68992280,68992289
17091,17091,4,,,,,,68992254,68992260
17091,17091,4,,,,,,68992267,68992265
17091,17091,4,,,,,,68992276,68992274
17091,17091,4,,,,,,68992284,68992282
17091,17091,4,,,,,,68996160,68996166
17091,17091,4,,,,,,68996173,68996165
17091,17091,4,,,,,,68996168,68996169
17091,17091,4,,,,,,68996170,68996172
17091,17091,4,,,,,,68996161,68996171
17091,17091,4,,,,,,68996163,68996162
17091,17091,4,,,,,,68996164,68996175
17091,17091,4,,,,,,68996174,68996177
17091,17091,4,,,,,,68996176,68996179
17091,17091,4,,,,,,68996178,68996181
17091,17091,4,,,,,,68996180,68996185
17091,17091,4,,,,,,68996187,68996191
17091,17091,4,,,,,,68996182,68996188
17091,17091,4,,,,,,68996144,68996189
17091,17091,4,,,,,,68996186,68996184
17091,17091,4,,,,,,68996027,68996019
17091,17091,4,,,,,,68996016,68996012
17091,17091,4,,,,,,68996211,68996208
17091,17091,4,,,,,,68996209,68996210
17091,17091,4,,,,,,68996206,68996205
17091,17091,4,,,,,,68996207,68996204
17091,17091,4,,,,,,68996203,68996202
17091,17091,4,,,,,,68996201,68996200
17091,17091,4,,,,,,68996199,68996198
17091,17091,4,,,,,,68996197,68996196
17091,17091,4,,,,,,68996092,68996117
17091,17091,4,,,,,,68996118,68996115
17091,17091,4,,,,,,68996123,68996116
17091,17091,4,,,,,,68996124,68996120
17091,17091,4,,,,,,68996126,68996093
17091,17091,4,,,,,,68996125,68996113
17091,17091,4,,,,,,68996021,68996022
17091,17091,4,,,,,,68996023,68996011
17091,17091,4,,,,,,68996008,68996004
17091,17091,4,,,,,,68996194,68996195
17091,17091,4,,,,,,68996052,68996049
17091,17091,4,,,,,,68996051,68996047
17091,17091,4,,,,,,68996044,68996024
17091,17091,4,,,,,,68996119,68996122
17091,17091,4,,,,,,68996121,68996114
17091,17091,4,,,,,,68996094,68996095
17091,17091,4,,,,,,68996106,68996107
17091,17091,4,,,,,,68996139,68996138
17091,17091,4,,,,,,68996135,68996134
17091,17091,4,,,,,,68996132,68996129
17091,17091,4,,,,,,68996127,68996110
17091,17091,4,,,,,,68996112,68996089
17091,17091,4,,,,,,68996087,68996086
17091,17091,4,,,,,,68996084,68996083
17091,17091,4,,,,,,68996079,68996078
17091,17091,4,,,,,,68996076,68996074
17091,17091,4,,,,,,68996071,68996063
17091,17091,4,,,,,,68996066,68996065
17091,17091,4,,,,,,68996070,68996069
17091,17091,4,,,,,,68996062,68996060
17091,17091,4,,,,,,68996059,68996061
17091,17091,4,,,,,,68996057,68996058
17091,17091,4,,,,,,68996015,68996017
17091,17091,4,,,,,,68996014,68996009
17091,17091,4,,,,,,68995995,68995997
17091,17091,4,,,,,,68996137,68996136
17091,17091,4,,,,,,68996131,68996133
17091,17091,4,,,,,,68996130,68996128
17091,17091,4,,,,,,68996109,68996108
17091,17091,4,,,,,,68996090,68996091
17091,17091,4,,,,,,68996088,68996085
17091,17091,4,,,,,,68996082,68996080
17091,17091,4,,,,,,68996081,68996077
17091,17091,4,,,,,,68996075,68996072
17091,17091,4,,,,,,68996073,68996067
17091,17091,4,,,,,,68996068,68996064
17091,17091,4,,,,,,68996056,68996054
17091,17091,4,,,,,,68996053,68996050
17091,17091,4,,,,,,68996043,68996048
17091,17091,4,,,,,,68996045,68996026
17091,17091,4,,,,,,68996025,68996020
17091,17091,4,,,,,,68996018,68996034
17091,17091,4,,,,,,68996036,68996033
17091,17091,4,,,,,,68996031,68996030
17091,17091,4,,,,,,68996028,68996029
17091,17091,4,,,,,,68996100,68996105
17091,17091,4,,,,,,68996103,68996099
17091,17091,4,,,,,,68996097,68996101
17091,17091,4,,,,,,68996104,68996102
17091,17091,4,,,,,,68996098,68996096
17091,17091,4,,,,,,68996013,68996010
17091,17091,4,,,,,,68996003,68996000
17091,17091,4,,,,,,68995999,68995996
17091,17091,4,,,,,,68996002,68996001
17091,17091,4,,,,,,68995993,68995994
17091,17091,4,,,,,,68995990,68995991
17091,17091,4,,,,,,68996006,68996005
17091,17091,4,,,,,,68995998,68996007
17091,17091,4,,,,,,68996153,68996152
17091,17091,4,,,,,,68996155,68996151
17091,17091,4,,,,,,68996154,68996150
17091,17091,4,,,,,,68996148,68996149
17091,17091,4,,,,,,68996145,68996146
17091,17091,4,,,,,,68996159,68996167
17091,17091,4,,,,,,68995992,68995989
17091,17091,4,,,,,,68995988,68995987
17091,17091,4,,,,,,68995986,68995985
17091,17091,4,,,,,,68995984,68995978
17091,17091,4,,,,,,68995981,68995979
17091,17091,4,,,,,,68995980,68995982
17091,17091,4,,,,,,68996040,68996041
17091,17091,4,,,,,,68996032,68996039
17091,17091,4,,,,,,68996038,68996035
17091,17091,4,,,,,,68996037,68996042
17091,17091,4,,,,,,68996183,68996190
17091,17091,4,,,,,,68996142,68996143
17091,17091,4,,,,,,68996147,68996158
17091,17091,4,,,,,,68996156,68996157
1805,1805,4,,,,,,69702379,69702651
1805,1805,4,,,,,,69702385,69702653
1805,1805,4,,,,,,69702388,69702654
1805,1805,4,,,,,,69702394,69702660
1805,1805,4,,,,,,69702382,69702649
1805,1805,4,,,,,,69702383,69702658
1805,1805,4,,,,,,69702390,69702659
1805,1805,4,,,,,,69702377,69702650
1805,1805,4,,,,,,69702384,69702655
1805,1805,4,,,,,,69702387,69702652
1805,1805,4,,,,,,69702391,69702656
1805,1805,4,,,,,,69702403,69702662
1805,1805,4,,,,,,69702397,69702663
1805,1805,4,,,,,,69702401,69702664
18974,18974,4,,,,,,69821115,69821066
18974,18974,4,,,,,,69820990,69821019
18974,18974,4,,,,,,69820972,69821398
18974,18974,4,,,,,,69820989,69820992
18974,18974,4,,,,,,69820984,69821032
18974,18974,4,,,,,,69821290,69821007
18974,18974,4,,,,,,69821011,69821275
18974,18974,4,,,,,,69821037,69821031
18974,18974,4,,,,,,69820996,69821564
18974,18974,4,,,,,,69821563,69820988
18974,18974,4,,,,,,69821005,69821301
18974,18974,4,,,,,,69821008,69821036
18974,18974,4,,,,,,69821040,69821010
18974,18974,4,,,,,,69818249,69818704
18974,18974,4,,,,,,69818053,69818054
18974,18974,4,,,,,,69818039,69818038
18974,18974,4,,,,,,69818041,69818042
18974,18974,4,,,,,,69818043,69818036
18974,18974,4,,,,,,69817500,69817501
18974,18974,4,,,,,,69817502,69817499
18974,18974,4,,,,,,69817503,69817504
18974,18974,4,,,,,,69817781,69817777
18974,18974,4,,,,,,69818040,69818044
18974,18974,4,,,,,,69818045,69818046
18974,18974,4,,,,,,69818047,69818048
18974,18974,4,,,,,,69818049,69817496
18974,18974,4,,,,,,69817497,69817498
18975,18975,4,,,,,,69820981,69820980
18975,18975,4,,,,,,69820976,69820942
18975,18975,4,,,,,,69820977,69820952
18975,18975,4,,,,,,69820951,69820953
18975,18975,4,,,,,,69820950,69821076
18975,18975,4,,,,,,69821012,69821043
18975,18975,4,,,,,,69821014,69821095
18975,18975,4,,,,,,69821015,69821044
18975,18975,4,,,,,,69821042,69821013
18975,18975,4,,,,,,69820985,69820966
1926,1926,4,,,,,,69704856,69704809
1926,1926,4,,,,,,69704740,69704737
1926,1926,4,,,,,,69704722,69704735
1926,1926,4,,,,,,69704723,69704739
1926,1926,4,,,,,,69704645,69704688
1926,1926,4,,,,,,69704745,69704811
1926,1926,4,,,,,,69704750,69704821
1926,1926,4,,,,,,69571994,69571996
1926,1926,4,,,,,,69571997,69571993
1926,1926,4,,,,,,69571983,69571988
1926,1926,4,,,,,,69571984,69571990
1926,1926,4,,,,,,69571981,69571987
1926,1926,4,,,,,,69571982,69571991
1926,1926,4,,,,,,69571986,69571989
1926,1926,4,,,,,,69567333,69567331
1926,1926,4,,,,,,69567329,69567327
1926,1926,4,,,,,,69567328,69567323
1926,1926,4,,,,,,69567326,69567325
1926,1926,4,,,,,,69567322,69567319
1926,1926,4,,,,,,69567324,69567318
1926,1926,4,,,,,,69567315,69567320
19661,19661,4,,,,,,69698212,69698295
19661,19661,4,,,,,,69698293,69698297
19661,19661,4,,,,,,69698290,69698380
19661,19661,4,,,,,,69698376,69698378
19661,19661,4,,,,,,69698798,69698802
19661,19661,4,,,,,,69698204,69698207
19661,19661,4,,,,,,69703600,69702689
19661,19661,4,,,,,,69703601,69702695
19661,19661,4,,,,,,69703602,69702696
19661,19661,4,,,,,,69704296,69704301
19661,19661,4,,,,,,69704387,69704389
19661,19661,4,,,,,,69704385,69704390
19661,19661,4,,,,,,69703607,69702688
19661,19661,4,,,,,,69703611,69702691
19661,19661,4,,,,,,69703613,69702693
19661,19661,4,,,,,,69703614,69702692
19661,19661,4,,,,,,69703608,69702694
19661,19661,4,,,,,,69703599,69702686
19661,19661,4,,,,,,69703603,69702690
19661,19661,4,,,,,,69704300,69704297
19661,19661,4,,,,,,69570942,69570944
19661,19661,4,,,,,,69570914,69570882
19661,19661,4,,,,,,69570956,69570920
19661,19661,4,,,,,,69570880,69570884
19661,19661,4,,,,,,69570943,69570928
19661,19661,4,,,,,,69570947,69570932
19661,19661,4,,,,,,69570924,69570951
19661,19661,4,,,,,,69570925,69570927
19661,19661,4,,,,,,69570959,69570946
19661,19661,4,,,,,,69570949,69570930
19661,19661,4,,,,,,69570952,69570918
19661,19661,4,,,,,,69570931,69570923
19661,19661,4,,,,,,69570872,69570871
19661,19661,4,,,,,,69570961,69570953
19661,19661,4,,,,,,69570958,69570909
19661,19661,4,,,,,,69570883,69570879
19661,19661,4,,,,,,69570875,69570876
19661,19661,4,,,,,,69570873,69570877
19661,19661,4,,,,,,69570878,69570954
19661,19661,4,,,,,,69570922,69570955
19661,19661,4,,,,,,69570939,69570948
19661,19661,4,,,,,,69570917,69570950
19661,19661,4,,,,,,69570913,69570921
19661,19661,4,,,,,,69570941,69570926
19661,19661,4,,,,,,69570916,69570915
19661,19661,4,,,,,,69570929,69570933
19661,19661,4,,,,,,69570936,69570937
19661,19661,4,,,,,,69570935,69570934
19661,19661,4,,,,,,69570938,69570940
19661,19661,4,,,,,,69570960,69570919
19661,19661,4,,,,,,69570957,69570945
19661,19661,4,,,,,,69566100,69566098
19661,19661,4,,,,,,69566056,69566057
19661,19661,4,,,,,,69566058,69566059
19661,19661,4,,,,,,69566060,69566061
19661,19661,4,,,,,,69566062,69566063
19661,19661,4,,,,,,69566106,69566099
19661,19661,4,,,,,,69566095,69566103
19661,19661,4,,,,,,69566096,69566101
19661,19661,4,,,,,,69566072,69566073
19661,19661,4,,,,,,69566074,69566075
19661,19661,4,,,,,,69566076,69566068
19661,19661,4,,,,,,69566064,69566065
19661,19661,4,,,,,,69566067,69566069
19661,19661,4,,,,,,69566066,69566071
19661,19661,4,,,,,,69566102,69566097
19821,19821,4,,,,,,69697498,69696574
19821,19821,4,,,,,,69697494,69696566
19821,19821,4,,,,,,69697499,69696576
19821,19821,4,,,,,,69704920,69704910
19821,19821,4,,,,,,69704905,69704887
19821,19821,4,,,,,,69704877,69704866
19821,19821,4,,,,,,69704863,69704876
19821,19821,4,,,,,,69703588,69702668
19821,19821,4,,,,,,69704178,69704191
19821,19821,4,,,,,,69703597,69702666
19821,19821,4,,,,,,69703593,69702661
19821,19821,4,,,,,,69703598,69702672
210,210,4,,,,,,69698047,69698056
210,210,4,,,,,,69698057,69698053
210,210,4,,,,,,69699008,69699012
210,210,4,,,,,,69699004,69699010
210,210,4,,,,,,69698037,69698049
210,210,4,,,,,,69698044,69698042
29253,29253,4,,,,,,69895305,69895339
29253,29253,4,,,,,,69895299,69895332
29253,29253,4,,,,,,69895301,69895335
29253,29253,4,,,,,,69895313,69895330
29253,29253,4,,,,,,69895298,69895323
29253,29253,4,,,,,,69895296,69895327
29253,29253,4,,,,,,69895314,69895331
29253,29253,4,,,,,,69895297,69895334
29253,29253,4,,,,,,69895311,69895328
29253,29253,4,,,,,,69895303,69895337
29253,29253,4,,,,,,69895306,69895340
29253,29253,4,,,,,,69895316,69895343
29253,29253,4,,,,,,69895317,69895344
29253,29253,4,,,,,,69895320,69895347
29253,29253,4,,,,,,69895315,69895342
29253,29253,4,,,,,,69895318,69895345
29253,29253,4,,,,,,69895304,69895338
29253,29253,4,,,,,,69895307,69895341
29253,29253,4,,,,,,69895319,69895346
29253,29253,4,,,,,,69898396,69898423
29253,29253,4,,,,,,69898369,69898397
29253,29253,4,,,,,,69898370,69898400
29253,29253,4,,,,,,69898387,69898404
29253,29253,4,,,,,,69898375,69898408
29253,29253,4,,,,,,69898377,69898411
29253,29253,4,,,,,,69898383,69898424
29253,29253,4,,,,,,69898384,69898425
29253,29253,4,,,,,,69898385,69898426
29253,29253,4,,,,,,69742782,69742783
29253,29253,4,,,,,,69742784,69742786
29253,29253,4,,,,,,69741434,69741432
29253,29253,4,,,,,,69742779,69742780
29253,29253,4,,,,,,69742785,69742787
29253,29253,4,,,,,,69742796,69742798
29253,29253,4,,,,,,69742800,69742802
29253,29253,4,,,,,,69742805,69742807
29253,29253,4,,,,,,69742797,69742799
29253,29253,4,,,,,,69742801,69742803
29253,29253,4,,,,,,69742804,69742806
29253,29253,4,,,,,,69742808,69742810
29253,29253,4,,,,,,69742788,69742790
29253,29253,4,,,,,,69742792,69742794
29253,29253,4,,,,,,69742789,69742791
29253,29253,4,,,,,,69742793,69742795
29253,29253,4,,,,,,69743820,69743815
29253,29253,4,,,,,,69744864,69743816
29253,29253,4,,,,,,69743819,69743838
29253,29253,4,,,,,,69743818,69743825
29253,29253,4,,,,,,69743817,69744863
29253,29253,4,,,,,,69743824,69743821
29253,29253,4,,,,,,69743814,69743823
30250,30250,4,,,,,,69111165,69111166
30250,30250,4,,,,,,69111167,69111205
30250,30250,4,,,,,,69111168,69111164
30250,30250,4,,,,,,69111160,69111184
30250,30250,4,,,,,,69111077,69111095
30250,30250,4,,,,,,69111078,69111097
30250,30250,4,,,,,,69111130,69111142
30250,30250,4,,,,,,69111178,69111174
30250,30250,4,,,,,,69111143,69111222
30250,30250,4,,,,,,69111191,69111204
30250,30250,4,,,,,,69111089,69111090
30250,30250,4,,,,,,69111091,69111092
30250,30250,4,,,,,,69111083,69111181
30250,30250,4,,,,,,69111087,69111086
30250,30250,4,,,,,,69111093,69111088
30250,30250,4,,,,,,69111175,69111081
30250,30250,4,,,,,,69111096,69111208
30250,30250,4,,,,,,69111296,69111272
30250,30250,4,,,,,,69111114,69111138
30250,30250,4,,,,,,69111124,69111153
30250,30250,4,,,,,,69111120,69111122
30250,30250,4,,,,,,69111199,69111137
30250,30250,4,,,,,,69111159,69111158
30250,30250,4,,,,,,69111154,69111157
30250,30250,4,,,,,,69111173,69111236
30250,30250,4,,,,,,69111259,69111247
30250,30250,4,,,,,,69111190,69111243
30250,30250,4,,,,,,69111257,69111270
30250,30250,4,,,,,,69111268,69111242
30250,30250,4,,,,,,69111262,69111244
30250,30250,4,,,,,,69111248,69111210
30250,30250,4,,,,,,69111135,69111136
30250,30250,4,,,,,,69111297,69111103
30250,30250,4,,,,,,69111198,69111100
30250,30250,4,,,,,,69111215,69111201
30250,30250,4,,,,,,69111139,69111133
30250,30250,4,,,,,,69111140,69111106
30250,30250,4,,,,,,69111211,69111101
30250,30250,4,,,,,,69111125,69111115
30250,30250,4,,,,,,69111123,69111127
30250,30250,4,,,,,,69111121,69111113
30250,30250,4,,,,,,69111111,69111109
30250,30250,4,,,,,,69111082,69111110
30250,30250,4,,,,,,69111252,69111080
30250,30250,4,,,,,,69111186,69111295
30250,30250,4,,,,,,69111162,69111289
30250,30250,4,,,,,,69111277,69111226
30250,30250,4,,,,,,69111293,69111202
30250,30250,4,,,,,,69111141,69111220
30250,30250,4,,,,,,69111288,69111102
30250,30250,4,,,,,,69111098,69111298
30250,30250,4,,,,,,69111227,69111286
30250,30250,4,,,,,,69111200,69111278
30250,30250,4,,,,,,69111290,69111117
30250,30250,4,,,,,,69111196,69111126
30250,30250,4,,,,,,69111116,69111129
30250,30250,4,,,,,,69111119,69111128
30250,30250,4,,,,,,69111217,69111223
30250,30250,4,,,,,,69111195,69111145
30250,30250,4,,,,,,69111149,69111134
30250,30250,4,,,,,,69111263,69111251
30250,30250,4,,,,,,69111144,69111107
30250,30250,4,,,,,,69111072,69111105
30250,30250,4,,,,,,69111099,69111104
30250,30250,4,,,,,,69111219,69111203
30250,30250,4,,,,,,69111189,69111187
30250,30250,4,,,,,,69111152,69111155
30250,30250,4,,,,,,69111147,69111148
30250,30250,4,,,,,,69111224,69111156
30250,30250,4,,,,,,69111146,69111172
30250,30250,4,,,,,,69111170,69111245
30250,30250,4,,,,,,69111169,69111221
30250,30250,4,,,,,,69112239,69112238
30250,30250,4,,,,,,69111225,69111171
30250,30250,4,,,,,,69111258,69111240
30250,30250,4,,,,,,69111264,69111260
30250,30250,4,,,,,,69111261,69111246
30250,30250,4,,,,,,69111209,69111179
30250,30250,4,,,,,,69111185,69111177
30250,30250,4,,,,,,69111229,69111193
30250,30250,4,,,,,,69111176,69111228
30250,30250,4,,,,,,69111207,69111182
30250,30250,4,,,,,,69111197,69111183
30250,30250,4,,,,,,69111151,69111094
30250,30250,4,,,,,,69111250,69111232
30250,30250,4,,,,,,69111239,69111076
30250,30250,4,,,,,,69111266,69111284
30250,30250,4,,,,,,69111237,69111231
30250,30250,4,,,,,,69111233,69111238
30250,30250,4,,,,,,69111265,69111267
30250,30250,4,,,,,,69111213,69111235
30250,30250,4,,,,,,69111234,69111230
30250,30250,4,,,,,,68992557,68992480
30250,30250,4,,,,,,68992558,68992481
30250,30250,4,,,,,,68992560,68992482
30250,30250,4,,,,,,68992562,68992486
30250,30250,4,,,,,,68992561,68992488
30250,30250,4,,,,,,68992566,68992483
30250,30250,4,,,,,,68992564,68992493
30250,30250,4,,,,,,68992568,68992491
30250,30250,4,,,,,,68992572,68992496
30250,30250,4,,,,,,68992570,68992494
30250,30250,4,,,,,,68992574,68992498
30250,30250,4,,,,,,68992577,68992501
30250,30250,4,,,,,,68992580,68992499
30250,30250,4,,,,,,68992581,68992504
30250,30250,4,,,,,,68992582,68992509
30250,30250,4,,,,,,68992584,68992506
30250,30250,4,,,,,,68992586,68992511
30250,30250,4,,,,,,68992588,68992513
30250,30250,4,,,,,,68992592,68992515
30250,30250,4,,,,,,68992590,68992516
30250,30250,4,,,,,,68992593,68992519
30250,30250,4,,,,,,68992598,68992522
30250,30250,4,,,,,,68992596,68992520
30250,30250,4,,,,,,68992601,68992518
30250,30250,4,,,,,,68992602,68992527
30250,30250,4,,,,,,68992605,68992530
30250,30250,4,,,,,,68992604,68992528
30250,30250,4,,,,,,68992609,68992532
30250,30250,4,,,,,,68992610,68992535
30250,30250,4,,,,,,68992614,68992537
30250,30250,4,,,,,,68992611,68992538
30250,30250,4,,,,,,68992613,68992540
30250,30250,4,,,,,,68992618,68992544
30250,30250,4,,,,,,68992552,68992477
30250,30250,4,,,,,,68992555,68992479
30250,30250,4,,,,,,68992553,68992484
30250,30250,4,,,,,,68992563,68992487
30250,30250,4,,,,,,68992565,68992485
30250,30250,4,,,,,,68992559,68992492
30250,30250,4,,,,,,68992567,68992490
30250,30250,4,,,,,,68992571,68992495
30250,30250,4,,,,,,68992569,68992489
30250,30250,4,,,,,,68992573,68992497
30250,30250,4,,,,,,68992575,68992500
30250,30250,4,,,,,,68992579,68992502
30250,30250,4,,,,,,68992576,68992503
30250,30250,4,,,,,,68992578,68992505
30250,30250,4,,,,,,68992583,68992510
30250,30250,4,,,,,,68992585,68992507
30250,30250,4,,,,,,68992587,68992508
30250,30250,4,,,,,,68992591,68992514
30250,30250,4,,,,,,68992589,68992512
30250,30250,4,,,,,,68992595,68992517
30250,30250,4,,,,,,68992597,68992521
30250,30250,4,,,,,,68992594,68992523
30250,30250,4,,,,,,68992600,68992525
30250,30250,4,,,,,,68992599,68992524
30250,30250,4,,,,,,68992603,68992529
30250,30250,4,,,,,,68992606,68992531
30250,30250,4,,,,,,68992608,68992526
30250,30250,4,,,,,,68992607,68992533
30250,30250,4,,,,,,68992612,68992536
30250,30250,4,,,,,,68992615,68992534
30250,30250,4,,,,,,68992616,68992539
30250,30250,4,,,,,,68992617,68992542
30250,30250,4,,,,,,68992619,68992545
30250,30250,4,,,,,,68992621,68992546
30250,30250,4,,,,,,68992623,68992547
30250,30250,4,,,,,,68992627,68992549
30250,30250,4,,,,,,68992620,68992541
30250,30250,4,,,,,,68992622,68992543
30250,30250,4,,,,,,68992626,68992548
30250,30250,4,,,,,,68992624,68992550
30250,30250,4,,,,,,68992628,68992551
30250,30250,4,,,,,,68995556,68995488
30250,30250,4,,,,,,68995561,68995490
30250,30250,4,,,,,,68995563,68995492
30250,30250,4,,,,,,68995566,68995495
30250,30250,4,,,,,,68995568,68995494
30250,30250,4,,,,,,68995570,68995500
30250,30250,4,,,,,,68995573,68995498
30250,30250,4,,,,,,68995574,68995503
30250,30250,4,,,,,,68995575,68995504
30250,30250,4,,,,,,68995578,68995507
30250,30250,4,,,,,,68995577,68995509
30250,30250,4,,,,,,68995579,68995510
30250,30250,4,,,,,,68995583,68995512
30250,30250,4,,,,,,68995585,68995514
30250,30250,4,,,,,,68995587,68995516
30250,30250,4,,,,,,68995589,68995519
30250,30250,4,,,,,,68995592,68995517
30250,30250,4,,,,,,68995594,68995524
30250,30250,4,,,,,,68995595,68995522
30250,30250,4,,,,,,68995597,68995526
30250,30250,4,,,,,,68995601,68995528
30250,30250,4,,,,,,68995603,68995531
30250,30250,4,,,,,,68995604,68995533
30250,30250,4,,,,,,68995607,68995535
30250,30250,4,,,,,,68995608,68995532
30250,30250,4,,,,,,68995609,68995536
30250,30250,4,,,,,,68995611,68995540
30250,30250,4,,,,,,68995614,68995542
30250,30250,4,,,,,,68995616,68995545
30250,30250,4,,,,,,68995617,68995543
30250,30250,4,,,,,,68995619,68995549
30250,30250,4,,,,,,68995559,68995487
30250,30250,4,,,,,,68995560,68995489
30250,30250,4,,,,,,68995562,68995491
30250,30250,4,,,,,,68995565,68995493
30250,30250,4,,,,,,68995564,68995496
30250,30250,4,,,,,,68995569,68995499
30250,30250,4,,,,,,68995572,68995502
30250,30250,4,,,,,,68995571,68995497
30250,30250,4,,,,,,68995567,68995501
30250,30250,4,,,,,,68995576,68995505
30250,30250,4,,,,,,68995580,68995508
30250,30250,4,,,,,,68995581,68995506
30250,30250,4,,,,,,68995582,68995511
30250,30250,4,,,,,,68995584,68995513
30250,30250,4,,,,,,68995586,68995515
30250,30250,4,,,,,,68995588,68995518
30250,30250,4,,,,,,68995590,68995520
30250,30250,4,,,,,,68995593,68995523
30250,30250,4,,,,,,68995591,68995521
30250,30250,4,,,,,,68995596,68995525
30250,30250,4,,,,,,68995598,68995527
30250,30250,4,,,,,,68995599,68995530
30250,30250,4,,,,,,68995600,68995529
30250,30250,4,,,,,,68995605,68995534
30250,30250,4,,,,,,68995602,68995537
30250,30250,4,,,,,,68995606,68995538
30250,30250,4,,,,,,68995610,68995539
30250,30250,4,,,,,,68995612,68995541
30250,30250,4,,,,,,68995615,68995544
30250,30250,4,,,,,,68995613,68995546
30250,30250,4,,,,,,68995618,68995548
30250,30250,4,,,,,,68995620,68995550
30250,30250,4,,,,,,68995622,68995551
30250,30250,4,,,,,,68995624,68995553
30250,30250,4,,,,,,68995621,68995547
30250,30250,4,,,,,,68995623,68995552
30250,30250,4,,,,,,68995625,68995554
30250,30250,4,,,,,,68995628,68995555
30250,30250,4,,,,,,68995629,68995557
30250,30250,4,,,,,,68995630,68995558
3078,3078,4,,,,,,70039750,70039928
3078,3078,4,,,,,,70039753,70039983
3078,3078,4,,,,,,70039752,70039380
3078,3078,4,,,,,,70039751,70039925
3078,3078,4,,,,,,70039887,70039929
3078,3078,4,,,,,,70039397,70039927
3078,3078,4,,,,,,70039889,70039946
3078,3078,4,,,,,,70039402,70039948
3078,3078,4,,,,,,70039890,70039947
3078,3078,4,,,,,,70039885,70039954
3078,3078,4,,,,,,70039888,70039951
3078,3078,4,,,,,,70039896,70039952
3078,3078,4,,,,,,70039981,70039931
3078,3078,4,,,,,,70040029,70039950
3078,3078,4,,,,,,70039902,70039945
3078,3078,4,,,,,,70039986,70039949
3078,3078,4,,,,,,70040003,70039940
3078,3078,4,,,,,,70039966,70039923
3078,3078,4,,,,,,70039755,70039924
3078,3078,4,,,,,,70039754,70039926
3078,3078,4,,,,,,69988483,69988472
3078,3078,4,,,,,,69988498,69988473
3078,3078,4,,,,,,69988499,69988474
3078,3078,4,,,,,,69988500,69988475
3078,3078,4,,,,,,69988501,69988476
3078,3078,4,,,,,,69988502,69988477
3078,3078,4,,,,,,69988503,69988478
3078,3078,4,,,,,,69988479,69988468
3078,3078,4,,,,,,69988480,69988469
3078,3078,4,,,,,,69988481,69988470
3078,3078,4,,,,,,69988482,69988471
3078,3078,4,,,,,,69989557,69989556
3078,3078,4,,,,,,69989558,69989559
3078,3078,4,,,,,,69989561,69989562
3078,3078,4,,,,,,69989563,69989560
3078,3078,4,,,,,,69989566,69989567
3078,3078,4,,,,,,69989525,69989517
3078,3078,4,,,,,,69989546,69989533
3078,3078,4,,,,,,69989536,69989538
3078,3078,4,,,,,,69989534,69989535
3078,3078,4,,,,,,69989532,69989529
3078,3078,4,,,,,,69989545,69989516
31255,31255,4,,,,,,69698232,69698221
31255,31255,4,,,,,,69698315,69698310
31255,31255,4,,,,,,69698226,69698313
31255,31255,4,,,,,,69698311,69698317
31255,31255,4,,,,,,69698991,69698990
3265,3265,4,,,,,,70039393,70040237
3265,3265,4,,,,,,70039427,70040094
3265,3265,4,,,,,,70039604,70039852
3265,3265,4,,,,,,70039554,70039856
3265,3265,4,,,,,,70039537,70039407
3265,3265,4,,,,,,70039883,70040200
3265,3265,4,,,,,,70039833,70040204
3265,3265,4,,,,,,70039813,70040208
3265,3265,4,,,,,,70039882,70040209
3265,3265,4,,,,,,70039841,70040215
3265,3265,4,,,,,,70039742,70040218
3265,3265,4,,,,,,70039898,70040201
3265,3265,4,,,,,,70039809,70040205
3265,3265,4,,,,,,70040004,70040210
3265,3265,4,,,,,,70039911,70040198
3265,3265,4,,,,,,70040038,70040202
3265,3265,4,,,,,,70039812,70040206
3265,3265,4,,,,,,70039876,70040211
3265,3265,4,,,,,,70040032,70040214
3265,3265,4,,,,,,70039722,70040217
3265,3265,4,,,,,,70039717,70040220
3265,3265,4,,,,,,70039726,70040224
3265,3265,4,,,,,,70039871,70040199
3265,3265,4,,,,,,70039884,70040203
3265,3265,4,,,,,,70039727,70040216
3265,3265,4,,,,,,70039410,70040240
3265,3265,4,,,,,,70039646,70040244
3265,3265,4,,,,,,70039638,70040243
3265,3265,4,,,,,,70039653,70040249
3265,3265,4,,,,,,70039614,70040099
3265,3265,4,,,,,,70039636,70040247
3265,3265,4,,,,,,70039656,70040250
3265,3265,4,,,,,,70039610,70039849
3265,3265,4,,,,,,70039643,70040246
3265,3265,4,,,,,,70039633,70040248
3265,3265,4,,,,,,70039538,70039854
3265,3265,4,,,,,,70039535,70039855
3265,3265,4,,,,,,70039652,70039860
3265,3265,4,,,,,,70039719,70040223
3265,3265,4,,,,,,70039713,70040229
3265,3265,4,,,,,,70039721,70040219
3265,3265,4,,,,,,70039729,70040222
3265,3265,4,,,,,,70039723,70040226
3265,3265,4,,,,,,70039745,70040221
3265,3265,4,,,,,,70039725,70040225
3265,3265,4,,,,,,70040045,70040227
3265,3265,4,,,,,,70039716,70040228
3265,3265,4,,,,,,70039705,70040231
3265,3265,4,,,,,,70039711,70040230
3265,3265,4,,,,,,70039698,70040232
3265,3265,4,,,,,,70039681,70040235
3265,3265,4,,,,,,70039670,70040238
3265,3265,4,,,,,,70039693,70040233
3265,3265,4,,,,,,70039678,70040236
3265,3265,4,,,,,,70039870,70040196
3265,3265,4,,,,,,70039869,70040197
3265,3265,4,,,,,,70039877,70040212
3265,3265,4,,,,,,70039618,70039848
3265,3265,4,,,,,,70039539,70039859
3265,3265,4,,,,,,70040068,70039862
3265,3265,4,,,,,,70039536,70039857
3265,3265,4,,,,,,70039431,70039858
3265,3265,4,,,,,,70039919,70040195
3265,3265,4,,,,,,70039881,70040213
3265,3265,4,,,,,,70039668,70040239
3265,3265,4,,,,,,70039654,70040242
3265,3265,4,,,,,,70039815,70040207
3265,3265,4,,,,,,70039651,70040241
3265,3265,4,,,,,,70039657,70040245
3265,3265,4,,,,,,69988958,69988962
3265,3265,4,,,,,,69988956,69988961
3265,3265,4,,,,,,69988954,69988955
3265,3265,4,,,,,,69988948,69988952
3265,3265,4,,,,,,69988950,69988949
3265,3265,4,,,,,,69988947,69988953
3265,3265,4,,,,,,69988946,69988951
3265,3265,4,,,,,,69988933,69988931
3265,3265,4,,,,,,69988930,69988932
3265,3265,4,,,,,,69988928,69988929
3265,3265,4,,,,,,69988924,69988925
3265,3265,4,,,,,,69988926,69988920
3265,3265,4,,,,,,69988919,69988917
3265,3265,4,,,,,,69988918,69988916
3265,3265,4,,,,,,69988915,69988913
3265,3265,4,,,,,,69988914,69988911
3265,3265,4,,,,,,69988910,69988912
3265,3265,4,,,,,,69988909,69988905
3265,3265,4,,,,,,69988908,69988907
3265,3265,4,,,,,,69988906,69988904
3265,3265,4,,,,,,69988903,69988902
3265,3265,4,,,,,,69988945,69988944
3265,3265,4,,,,,,69988941,69988943
3265,3265,4,,,,,,69988942,69988940
3265,3265,4,,,,,,69988938,69988939
3265,3265,4,,,,,,69988937,69988936
3265,3265,4,,,,,,69988934,69988935
3265,3265,4,,,,,,69988922,69988927
3265,3265,4,,,,,,69988921,69988923
3265,3265,4,,,,,,69988960,69988957
3265,3265,4,,,,,,69989330,69989342
3265,3265,4,,,,,,69989329,69989374
3265,3265,4,,,,,,69989331,69989407
3265,3265,4,,,,,,69989324,69989345
3265,3265,4,,,,,,69989328,69989373
3265,3265,4,,,,,,69989326,69989372
3265,3265,4,,,,,,69989323,69989353
3265,3265,4,,,,,,69989322,69989305
3265,3265,4,,,,,,69989321,69989356
3265,3265,4,,,,,,69989319,69989354
3265,3265,4,,,,,,69989314,69989341
3265,3265,4,,,,,,69989317,69989340
3265,3265,4,,,,,,69989315,69989339
3265,3265,4,,,,,,69989311,69989338
3265,3265,4,,,,,,69989310,69989337
3265,3265,4,,,,,,69989313,69989336
3265,3265,4,,,,,,69989312,69989333
3265,3265,4,,,,,,69989304,69989358
3265,3265,4,,,,,,69989325,69989376
3265,3265,4,,,,,,69989308,69989375
3265,3265,4,,,,,,69989320,69989355
3265,3265,4,,,,,,69989307,69989357
3265,3265,4,,,,,,69989335,69989343
3265,3265,4,,,,,,69989332,69989378
3265,3265,4,,,,,,69989327,69989346
3265,3265,4,,,,,,69989334,69989377
3265,3265,4,,,,,,69989316,69989350
3265,3265,4,,,,,,69989318,69989352
38813,38813,4,,,,,,70039749,70039892
38813,38813,4,,,,,,70039791,70039893
38813,38813,4,,,,,,70039792,70039894
38813,38813,4,,,,,,70039778,70039891
38813,38813,4,,,,,,70039782,70039982
38813,38813,4,,,,,,70039794,70039897
38813,38813,4,,,,,,70039820,70040028
38813,38813,4,,,,,,70039817,70039990
38813,38813,4,,,,,,70039800,70039403
38813,38813,4,,,,,,70039784,70039895
38813,38813,4,,,,,,70040114,70039382
38813,38813,4,,,,,,70039811,70039997
38813,38813,4,,,,,,70039989,70039795
38813,38813,4,,,,,,70040041,70039773
38813,38813,4,,,,,,70039816,70039777
38813,38813,4,,,,,,70039985,70039780
38813,38813,4,,,,,,70039814,70039779
38813,38813,4,,,,,,70040014,70039798
38813,38813,4,,,,,,70040005,70039799
38813,38813,4,,,,,,70040018,70039807
38813,38813,4,,,,,,70040098,70040023
38813,38813,4,,,,,,70039805,70039381
38813,38813,4,,,,,,70039803,70039903
38813,38813,4,,,,,,70039787,70039806
38813,38813,4,,,,,,70039980,70039808
38813,38813,4,,,,,,69988489,69988504
38813,38813,4,,,,,,69988486,69988505
38813,38813,4,,,,,,69988487,69988506
38813,38813,4,,,,,,69988485,69988507
38813,38813,4,,,,,,69988496,69988519
38813,38813,4,,,,,,69988521,69988520
38813,38813,4,,,,,,69988497,69988518
38813,38813,4,,,,,,69988488,69988508
38813,38813,4,,,,,,69988484,69988509
38813,38813,4,,,,,,69988490,69988511
38813,38813,4,,,,,,69988491,69988512
38813,38813,4,,,,,,69988492,69988515
38813,38813,4,,,,,,69988493,69988510
38813,38813,4,,,,,,69988494,69988516
38813,38813,4,,,,,,69988495,69988517
38813,38813,4,,,,,,69988522,69988513
38813,38813,4,,,,,,69988523,69988514
38813,38813,4,,,,,,69989564,69989568
38813,38813,4,,,,,,69989565,69989569
38813,38813,4,,,,,,69989519,69989526
38813,38813,4,,,,,,69989530,69989522
38813,38813,4,,,,,,69989552,69989528
38813,38813,4,,,,,,69989544,69989527
38813,38813,4,,,,,,69989548,69989521
38813,38813,4,,,,,,69989551,69989539
38813,38813,4,,,,,,69989523,69989543
38813,38813,4,,,,,,69989537,69989520
38813,38813,4,,,,,,69989524,69989542
38813,38813,4,,,,,,69989570,69989518
38813,38813,4,,,,,,69989572,69989554
38813,38813,4,,,,,,69989571,69989547
38813,38813,4,,,,,,69989540,69989531
38813,38813,4,,,,,,69989541,69989550
38813,38813,4,,,,,,69989553,69989549
49001,49001,4,,,,,,69111491,69111303
49001,49001,4,,,,,,69111484,69111305
49001,49001,4,,,,,,69111334,69111312
49001,49001,4,,,,,,69111363,69111377
49001,49001,4,,,,,,69111540,69111487
49001,49001,4,,,,,,69111345,69111423
49001,49001,4,,,,,,69111341,69111313
49001,49001,4,,,,,,69111522,69111308
49001,49001,4,,,,,,69111335,69111325
49001,49001,4,,,,,,69111355,69111520
49001,49001,4,,,,,,69111405,69111329
49001,49001,4,,,,,,69111403,69111395
49001,49001,4,,,,,,69111440,69111448
49001,49001,4,,,,,,69111358,69111530
49001,49001,4,,,,,,69111302,69111348
49001,49001,4,,,,,,69111084,69111340
49001,49001,4,,,,,,69111315,69111347
49001,49001,4,,,,,,69111388,69111299
49001,49001,4,,,,,,69111323,69111324
49001,49001,4,,,,,,69111493,69111488
49001,49001,4,,,,,,69111307,69111322
49001,49001,4,,,,,,69111330,69111523
49001,49001,4,,,,,,69111371,69111306
49001,49001,4,,,,,,69111319,69111342
49001,49001,4,,,,,,69111396,69111386
49001,49001,4,,,,,,69111411,69111318
49001,49001,4,,,,,,69111437,69111438
49001,49001,4,,,,,,69111445,69111521
49001,49001,4,,,,,,69111455,69111461
49001,49001,4,,,,,,69111496,69111526
49001,49001,4,,,,,,69111511,69111326
49001,49001,4,,,,,,69111328,69111504
49001,49001,4,,,,,,69111490,69111349
49001,49001,4,,,,,,69111316,69111404
49001,49001,4,,,,,,69111390,69111079
49001,49001,4,,,,,,69111407,69111374
49001,49001,4,,,,,,69111389,69111443
49001,49001,4,,,,,,69111444,69111420
49001,49001,4,,,,,,69111454,69111458
49001,49001,4,,,,,,69111460,69111310
49001,49001,4,,,,,,69111311,69111398
49001,49001,4,,,,,,69111379,69111378
49001,49001,4,,,,,,69111387,69111475
49001,49001,4,,,,,,69111470,69111392
49001,49001,4,,,,,,69111317,69111327
49001,49001,4,,,,,,69111368,69111375
49001,49001,4,,,,,,69111529,69111343
49001,49001,4,,,,,,69111351,69111384
49001,49001,4,,,,,,69111391,69111406
49001,49001,4,,,,,,69111321,69111380
49001,49001,4,,,,,,69111439,69111446
49001,49001,4,,,,,,69111452,69111456
49001,49001,4,,,,,,69111457,69111463
49001,49001,4,,,,,,69111424,69111337
49001,49001,4,,,,,,69111401,69111383
49001,49001,4,,,,,,69111472,69111477
49001,49001,4,,,,,,69111478,69111506
49001,49001,4,,,,,,69111479,69111480
49001,49001,4,,,,,,69111476,69111481
49001,49001,4,,,,,,69111482,69111486
49001,49001,4,,,,,,69111489,69111507
49001,49001,4,,,,,,69111354,69111385
49001,49001,4,,,,,,69111539,69111408
49001,49001,4,,,,,,69111415,69111432
49001,49001,4,,,,,,69111431,69111430
49001,49001,4,,,,,,69111409,69111538
49001,49001,4,,,,,,69111428,69111417
49001,49001,4,,,,,,69111502,69111499
49001,49001,4,,,,,,69111434,69111441
49001,49001,4,,,,,,69111513,69111394
49001,49001,4,,,,,,69111436,69111531
49001,49001,4,,,,,,69111427,69111422
49001,49001,4,,,,,,69111414,69111433
49001,49001,4,,,,,,69111418,69111421
49001,49001,4,,,,,,69111459,69111509
49001,49001,4,,,,,,69111314,69111525
49001,49001,4,,,,,,69111467,69111503
49001,49001,4,,,,,,69111494,69111466
49001,49001,4,,,,,,69111465,69111473
49001,49001,4,,,,,,69111416,69111304
49001,49001,4,,,,,,69111469,69111309
49001,49001,4,,,,,,69111370,69111524
49001,49001,4,,,,,,69111925,69111928
49001,49001,4,,,,,,69111367,69111397
49001,49001,4,,,,,,69111382,69111400
49001,49001,4,,,,,,69111376,69111362
49001,49001,4,,,,,,69111527,69111474
49001,49001,4,,,,,,69111381,69111393
49001,49001,4,,,,,,69111931,69111929
49001,49001,4,,,,,,69111333,69111336
49001,49001,4,,,,,,69111332,69111339
49001,49001,4,,,,,,69111533,69111485
49001,49001,4,,,,,,69111426,69111410
49001,49001,4,,,,,,69111301,69111518
49001,49001,4,,,,,,69111449,69111442
49001,49001,4,,,,,,69111495,69111464
49001,49001,4,,,,,,69111500,69111508
49001,49001,4,,,,,,69111933,69111932
49001,49001,4,,,,,,69111934,69111399
49001,49001,4,,,,,,69111930,69111369
49001,49001,4,,,,,,69111451,69111453
49001,49001,4,,,,,,69111356,69111346
49001,49001,4,,,,,,69111352,69111447
49001,49001,4,,,,,,69111331,69111338
49001,49001,4,,,,,,69111365,69111412
49001,49001,4,,,,,,69111429,69111372
49001,49001,4,,,,,,69111413,69111350
49001,49001,4,,,,,,69111366,69111450
49001,49001,4,,,,,,69111359,69111419
49001,49001,4,,,,,,69111505,69111501
49001,49001,4,,,,,,69111492,69111498
49001,49001,4,,,,,,68992970,68992984
49001,49001,4,,,,,,68992971,68992983
49001,49001,4,,,,,,68992955,68992987
49001,49001,4,,,,,,68992969,68992967
49001,49001,4,,,,,,68992986,68992956
49001,49001,4,,,,,,68992958,68992962
49001,49001,4,,,,,,68992963,68992966
49001,49001,4,,,,,,68992981,68992951
49001,49001,4,,,,,,68992957,68992973
49001,49001,4,,,,,,68992976,68992965
49001,49001,4,,,,,,68992979,68992980
49001,49001,4,,,,,,68992978,68992954
49001,49001,4,,,,,,68992975,68992968
49001,49001,4,,,,,,68992977,68992982
49001,49001,4,,,,,,68992961,68992964
49001,49001,4,,,,,,68992989,68992994
49001,49001,4,,,,,,68992993,68992998
49001,49001,4,,,,,,68993003,68993010
49001,49001,4,,,,,,68992928,68992910
49001,49001,4,,,,,,68992905,68992913
49001,49001,4,,,,,,68992930,68992925
49001,49001,4,,,,,,68992929,68992909
49001,49001,4,,,,,,68992908,68992927
49001,49001,4,,,,,,68992907,68992923
49001,49001,4,,,,,,68992960,68992990
49001,49001,4,,,,,,68992999,68993005
49001,49001,4,,,,,,68993006,68993011
49001,49001,4,,,,,,68993016,68993019
49001,49001,4,,,,,,68993136,68993139
49001,49001,4,,,,,,68993172,68993179
49001,49001,4,,,,,,68993138,68993145
49001,49001,4,,,,,,68993155,68993133
49001,49001,4,,,,,,68993174,68993169
49001,49001,4,,,,,,68993137,68993130
49001,49001,4,,,,,,68993144,68993181
49001,49001,4,,,,,,68993175,68993134
49001,49001,4,,,,,,68993177,68993165
49001,49001,4,,,,,,68993158,68993167
49001,49001,4,,,,,,68993129,68993168
49001,49001,4,,,,,,68993178,68993163
49001,49001,4,,,,,,68993153,68993160
49001,49001,4,,,,,,68993156,68993157
49001,49001,4,,,,,,68993141,68993173
49001,49001,4,,,,,,68993147,68993143
49001,49001,4,,,,,,68993131,68993135
49001,49001,4,,,,,,68993140,68993142
49001,49001,4,,,,,,68993161,68993171
49001,49001,4,,,,,,68993166,68993150
49001,49001,4,,,,,,68993159,68993149
49001,49001,4,,,,,,68993037,68993066
49001,49001,4,,,,,,68993068,68993065
49001,49001,4,,,,,,68993047,68993048
49001,49001,4,,,,,,68993028,68993035
49001,49001,4,,,,,,68993029,68993033
49001,49001,4,,,,,,68993064,68993056
49001,49001,4,,,,,,68993050,68993045
49001,49001,4,,,,,,68993038,68993061
49001,49001,4,,,,,,68993054,68993046
49001,49001,4,,,,,,68993063,68993059
49001,49001,4,,,,,,68993062,68993060
49001,49001,4,,,,,,68993034,68993051
49001,49001,4,,,,,,68993057,68993042
49001,49001,4,,,,,,68993052,68993030
49001,49001,4,,,,,,68993058,68993069
49001,49001,4,,,,,,68993070,68993036
49001,49001,4,,,,,,68993043,68993071
49001,49001,4,,,,,,68992911,68992932
49001,49001,4,,,,,,68992912,68992918
49001,49001,4,,,,,,68992926,68992915
49001,49001,4,,,,,,68992922,68992924
49001,49001,4,,,,,,68992917,68992920
49001,49001,4,,,,,,68992919,68992916
49001,49001,4,,,,,,68992933,68992937
49001,49001,4,,,,,,68992940,68992945
49001,49001,4,,,,,,68993032,68993067
49001,49001,4,,,,,,68993055,68993044
49001,49001,4,,,,,,68993053,68993041
49001,49001,4,,,,,,68993073,68993079
49001,49001,4,,,,,,68993087,68993088
49001,49001,4,,,,,,68993012,68993020
49001,49001,4,,,,,,68993022,68993027
49001,49001,4,,,,,,68993075,68993078
49001,49001,4,,,,,,68993084,68993083
49001,49001,4,,,,,,68993023,68993049
49001,49001,4,,,,,,68993076,68993082
49001,49001,4,,,,,,68993086,68993092
49001,49001,4,,,,,,68993099,68993102
49001,49001,4,,,,,,68993107,68993113
49001,49001,4,,,,,,68993117,68993123
49001,49001,4,,,,,,68993151,68993154
49001,49001,4,,,,,,68993152,68993170
49001,49001,4,,,,,,68993176,68993180
49001,49001,4,,,,,,68993132,68993164
49001,49001,4,,,,,,68993162,68993148
49001,49001,4,,,,,,68993095,68993100
49001,49001,4,,,,,,68993105,68993111
49001,49001,4,,,,,,68993115,68993121
49001,49001,4,,,,,,68993125,68993182
49001,49001,4,,,,,,68993093,68993098
49001,49001,4,,,,,,68993103,68993109
49001,49001,4,,,,,,68993112,68993118
49001,49001,4,,,,,,68993124,68993127
49001,49001,4,,,,,,68995092,68995134
49001,49001,4,,,,,,68995096,68995138
49001,49001,4,,,,,,68995100,68995140
49001,49001,4,,,,,,68995103,68995144
49001,49001,4,,,,,,68994942,68995034
49001,49001,4,,,,,,68994946,68994977
49001,49001,4,,,,,,68994980,68995023
49001,49001,4,,,,,,68994984,68995028
49001,49001,4,,,,,,68994992,68995033
49001,49001,4,,,,,,68994947,68994978
49001,49001,4,,,,,,68994983,68995024
49001,49001,4,,,,,,68994986,68995029
49001,49001,4,,,,,,68994993,68995039
49001,49001,4,,,,,,68994979,68995019
49001,49001,4,,,,,,68994982,68995027
49001,49001,4,,,,,,68994989,68995031
49001,49001,4,,,,,,68994994,68995040
49001,49001,4,,,,,,68994998,68995038
49001,49001,4,,,,,,68994991,68994970
49001,49001,4,,,,,,68994999,68995042
49001,49001,4,,,,,,68995005,68995047
49001,49001,4,,,,,,68994996,68994976
49001,49001,4,,,,,,68995001,68995041
49001,49001,4,,,,,,68995004,68995048
49001,49001,4,,,,,,68994997,68994973
49001,49001,4,,,,,,68995002,68995046
49001,49001,4,,,,,,68995008,68995051
49001,49001,4,,,,,,68994916,68994917
49001,49001,4,,,,,,68994920,68994951
49001,49001,4,,,,,,68994923,68994950
49001,49001,4,,,,,,68994926,68994958
49001,49001,4,,,,,,68994929,68994960
49001,49001,4,,,,,,68994932,68994962
49001,49001,4,,,,,,68994935,68994965
49001,49001,4,,,,,,68994939,68994969
49001,49001,4,,,,,,68994918,68994948
49001,49001,4,,,,,,68994921,68994952
49001,49001,4,,,,,,68994924,68994955
49001,49001,4,,,,,,68994927,68994954
49001,49001,4,,,,,,68994930,68994957
49001,49001,4,,,,,,68994933,68994963
49001,49001,4,,,,,,68994919,68994949
49001,49001,4,,,,,,68994922,68994953
49001,49001,4,,,,,,68994925,68994956
49001,49001,4,,,,,,68994928,68994959
49001,49001,4,,,,,,68994931,68994961
49001,49001,4,,,,,,68994934,68994964
49001,49001,4,,,,,,68994938,68994968
49001,49001,4,,,,,,68994936,68994966
49001,49001,4,,,,,,68994940,68994971
49001,49001,4,,,,,,68994944,68995036
49001,49001,4,,,,,,68994975,68995018
49001,49001,4,,,,,,68994985,68995026
49001,49001,4,,,,,,68994988,68995030
49001,49001,4,,,,,,68994937,68994967
49001,49001,4,,,,,,68994941,68994972
49001,49001,4,,,,,,68994945,68995037
49001,49001,4,,,,,,68994981,68995022
49001,49001,4,,,,,,68994987,68995025
49001,49001,4,,,,,,68994990,68995032
49001,49001,4,,,,,,68995007,68995053
49001,49001,4,,,,,,68995013,68995052
49001,49001,4,,,,,,68995016,68995060
49001,49001,4,,,,,,68995014,68995056
49001,49001,4,,,,,,68995021,68995061
49001,49001,4,,,,,,68995066,68995106
49001,49001,4,,,,,,68995071,68995112
49001,49001,4,,,,,,68994995,68994974
49001,49001,4,,,,,,68995000,68995044
49001,49001,4,,,,,,68995006,68995045
49001,49001,4,,,,,,68995012,68995050
49001,49001,4,,,,,,68995015,68995057
49001,49001,4,,,,,,68995017,68995058
49001,49001,4,,,,,,68995063,68995105
49001,49001,4,,,,,,68995068,68995113
49001,49001,4,,,,,,68995074,68995115
49001,49001,4,,,,,,68995077,68995121
49001,49001,4,,,,,,68995020,68995059
49001,49001,4,,,,,,68995064,68995107
49001,49001,4,,,,,,68995069,68995110
49001,49001,4,,,,,,68995062,68995104
49001,49001,4,,,,,,68995067,68995109
49001,49001,4,,,,,,68995073,68995114
49001,49001,4,,,,,,68995075,68995120
49001,49001,4,,,,,,68995083,68995124
49001,49001,4,,,,,,68995087,68995128
49001,49001,4,,,,,,68995065,68995108
49001,49001,4,,,,,,68995070,68995111
49001,49001,4,,,,,,68995079,68995117
49001,49001,4,,,,,,68995081,68995122
49001,49001,4,,,,,,68995084,68995126
49001,49001,4,,,,,,68995072,68995116
49001,49001,4,,,,,,68995078,68995118
49001,49001,4,,,,,,68995080,68995125
49001,49001,4,,,,,,68995088,68995129
49001,49001,4,,,,,,68995091,68995133
49001,49001,4,,,,,,68995095,68995137
49001,49001,4,,,,,,68995099,68995143
49001,49001,4,,,,,,68995076,68995119
49001,49001,4,,,,,,68995082,68995123
49001,49001,4,,,,,,68995086,68995127
49001,49001,4,,,,,,68995089,68995131
49001,49001,4,,,,,,68995093,68995135
49001,49001,4,,,,,,68995097,68995139
49001,49001,4,,,,,,68995101,68995146
49001,49001,4,,,,,,68995090,68995132
49001,49001,4,,,,,,68995094,68995136
49001,49001,4,,,,,,68995098,68995141
49001,49001,4,,,,,,68995102,68995147
49795,49795,4,,,,,,69363625,69363624
49795,49795,4,,,,,,69363626,69363622
49795,49795,4,,,,,,69363617,69363620
49795,49795,4,,,,,,69363616,69363615
49795,49795,4,,,,,,69363619,69363618
49795,49795,4,,,,,,69363614,69363611
49795,49795,4,,,,,,69363612,69363613
507,507,4,,,,,,69820915,69820916
507,507,4,,,,,,69820913,69820897
507,507,4,,,,,,69820355,69820357
507,507,4,,,,,,69820360,69820350
507,507,4,,,,,,69820344,69820352
507,507,4,,,,,,69820353,69820347
507,507,4,,,,,,69820351,69820348
507,507,4,,,,,,69820349,69820354
507,507,4,,,,,,69820356,69820359
507,507,4,,,,,,69820362,69820371
507,507,4,,,,,,69820364,69820367
507,507,4,,,,,,69821068,69821059
507,507,4,,,,,,69820363,69820370
507,507,4,,,,,,69820365,69820372
507,507,4,,,,,,69820358,69820376
507,507,4,,,,,,69820377,69820369
507,507,4,,,,,,69820373,69820366
507,507,4,,,,,,69820361,69820368
507,507,4,,,,,,69820375,69820397
507,507,4,,,,,,69820394,69820393
507,507,4,,,,,,69820396,69820374
507,507,4,,,,,,69820378,69820385
507,507,4,,,,,,69820386,69820380
507,507,4,,,,,,69820381,69820382
507,507,4,,,,,,69820387,69820379
507,507,4,,,,,,69820383,69820391
507,507,4,,,,,,69820388,69820390
507,507,4,,,,,,69820384,69820389
507,507,4,,,,,,69820898,69820896
507,507,4,,,,,,69820900,69820901
507,507,4,,,,,,69820902,69820903
507,507,4,,,,,,69820906,69820907
507,507,4,,,,,,69820908,69820904
507,507,4,,,,,,69820905,69820909
507,507,4,,,,,,69820910,69820911
507,507,4,,,,,,69820912,69820914
507,507,4,,,,,,69817827,69817828
507,507,4,,,,,,69817829,69817833
507,507,4,,,,,,69817830,69817831
507,507,4,,,,,,69817832,69817834
507,507,4,,,,,,69817836,69817837
507,507,4,,,,,,69817838,69817835
507,507,4,,,,,,69817839,69817841
507,507,4,,,,,,69817842,69817843
507,507,4,,,,,,69817840,69817844
507,507,4,,,,,,69817845,69817846
507,507,4,,,,,,69817847,69817849
507,507,4,,,,,,69817848,69817852
507,507,4,,,,,,69817853,69817854
507,507,4,,,,,,69817851,69817850
507,507,4,,,,,,69817860,69817864
507,507,4,,,,,,69817865,69817868
507,507,4,,,,,,69817869,69817866
507,507,4,,,,,,69817867,69817870
507,507,4,,,,,,69817871,69817872
507,507,4,,,,,,69817873,69817875
507,507,4,,,,,,69817876,69817874
507,507,4,,,,,,69817878,69817879
507,507,4,,,,,,69817877,69817880
507,507,4,,,,,,69818534,69818538
507,507,4,,,,,,69818540,69818543
507,507,4,,,,,,69818552,69818547
507,507,4,,,,,,69818546,69818550
507,507,4,,,,,,69818551,69818544
507,507,4,,,,,,69818554,69818553
507,507,4,,,,,,69818548,69818555
507,507,4,,,,,,69818556,69818549
507,507,4,,,,,,69818545,69818539
507,507,4,,,,,,69818542,69818541
507,507,4,,,,,,69818536,69818537
507,507,4,,,,,,69817855,69817856
507,507,4,,,,,,69817857,69817859
507,507,4,,,,,,69817861,69817862
507,507,4,,,,,,69817858,69817863
507,507,4,,,,,,69819248,69819261
507,507,4,,,,,,69819250,69819259
507,507,4,,,,,,69819253,69819265
507,507,4,,,,,,69819245,69819257
507,507,4,,,,,,69819251,69819263
507,507,4,,,,,,69819252,69819264
507,507,4,,,,,,69819244,69819256
507,507,4,,,,,,69819246,69819258
507,507,4,,,,,,69819249,69819262
507,507,4,,,,,,69819860,69819859
507,507,4,,,,,,69819254,69819266
507,507,4,,,,,,69819255,69819218
507,507,4,,,,,,69819247,69819260
5819,5819,4,,,,,,70016287,70016521
5819,5819,4,,,,,,70016286,70016341
5819,5819,4,,,,,,70016283,70016310
5819,5819,4,,,,,,70016281,70016309
5819,5819,4,,,,,,70016284,70016546
5819,5819,4,,,,,,70016282,70016314
5819,5819,4,,,,,,70016280,70016308
5819,5819,4,,,,,,70016279,70016307
5819,5819,4,,,,,,70016266,70016294
5819,5819,4,,,,,,70016260,70016559
5819,5819,4,,,,,,70016273,70016305
5819,5819,4,,,,,,70016271,70016301
5819,5819,4,,,,,,70016269,70016304
5819,5819,4,,,,,,70016268,70016299
5819,5819,4,,,,,,70016265,70016297
5819,5819,4,,,,,,70016262,70016291
5819,5819,4,,,,,,70016259,70016289
5819,5819,4,,,,,,70016276,70016303
5819,5819,4,,,,,,70016275,70016306
5819,5819,4,,,,,,70016570,70016295
5819,5819,4,,,,,,69980465,69980475
5819,5819,4,,,,,,69980468,69980478
5819,5819,4,,,,,,69980467,69980477
5819,5819,4,,,,,,69980466,69980476
5819,5819,4,,,,,,69980461,69980472
5819,5819,4,,,,,,69980457,69980471
5819,5819,4,,,,,,69980460,69980470
5819,5819,4,,,,,,69980463,69980473
5819,5819,4,,,,,,69980462,69980469
5819,5819,4,,,,,,69980464,69980474
5819,5819,4,,,,,,69979792,69979805
5819,5819,4,,,,,,69979796,69979804
5819,5819,4,,,,,,69979795,69979802
5819,5819,4,,,,,,69979793,69979801
5819,5819,4,,,,,,69979788,69979794
5819,5819,4,,,,,,69979787,69979797
5819,5819,4,,,,,,69979791,69979800
5819,5819,4,,,,,,69979790,69979799
5819,5819,4,,,,,,69979789,69979798
6411,6411,4,,,,,,69820237,69820876
6411,6411,4,,,,,,69820882,69820877
6411,6411,4,,,,,,69820878,69820880
6411,6411,4,,,,,,69820893,69820894
6411,6411,4,,,,,,69820884,69820885
6411,6411,4,,,,,,69820883,69820889
6411,6411,4,,,,,,69820231,69820207
6411,6411,4,,,,,,69820229,69820206
6411,6411,4,,,,,,69820216,69820209
6411,6411,4,,,,,,69820218,69820214
6411,6411,4,,,,,,69820343,69820341
6411,6411,4,,,,,,69820340,69820337
6411,6411,4,,,,,,69820235,69820221
6411,6411,4,,,,,,69820219,69820222
6411,6411,4,,,,,,69820797,69820799
6411,6411,4,,,,,,69820798,69820794
6411,6411,4,,,,,,69820335,69820338
6411,6411,4,,,,,,69820331,69820333
6411,6411,4,,,,,,69820886,69820887
6411,6411,4,,,,,,69820890,69820888
6411,6411,4,,,,,,69820881,69820879
6411,6411,4,,,,,,69820892,69820208
6411,6411,4,,,,,,69820232,69820211
6411,6411,4,,,,,,69820230,69820210
6411,6411,4,,,,,,69820217,69820212
6411,6411,4,,,,,,69820215,69820213
6411,6411,4,,,,,,69820342,69820332
6411,6411,4,,,,,,69820220,69820224
6411,6411,4,,,,,,69820227,69820226
6411,6411,4,,,,,,69820233,69820228
6411,6411,4,,,,,,69820334,69820225
6411,6411,4,,,,,,69817760,69817753
6411,6411,4,,,,,,69817758,69817755
6411,6411,4,,,,,,69817764,69817752
6411,6411,4,,,,,,69817767,69817750
6411,6411,4,,,,,,69817769,69817747
6411,6411,4,,,,,,69817771,69817743
6411,6411,4,,,,,,69817749,69817757
6411,6411,4,,,,,,69817761,69817756
6411,6411,4,,,,,,69817762,69817754
6411,6411,4,,,,,,69817765,69817751
6411,6411,4,,,,,,69817766,69817742
6411,6411,4,,,,,,69817772,69817739
6411,6411,4,,,,,,69817776,69817737
6411,6411,4,,,,,,69817775,69817736
6411,6411,4,,,,,,69817768,69817746
6411,6411,4,,,,,,69817774,69817745
6411,6411,4,,,,,,69817773,69817741
6411,6411,4,,,,,,69817778,69817740
6411,6411,4,,,,,,69817883,69817885
6411,6411,4,,,,,,69817887,69817882
6411,6411,4,,,,,,69817884,69817888
6411,6411,4,,,,,,69817881,69817886
6411,6411,4,,,,,,69817889,69817890
6411,6411,4,,,,,,69817891,69817892
6411,6411,4,,,,,,69817770,69817744
6411,6411,4,,,,,,69817763,69817748
6411,6411,4,,,,,,69819094,69819113
6411,6411,4,,,,,,69819217,69819271
6411,6411,4,,,,,,69819281,69819274
6411,6411,4,,,,,,69819280,69819272
6411,6411,4,,,,,,69819279,69819275
6411,6411,4,,,,,,69819278,69819277
6411,6411,4,,,,,,69819285,69819268
6411,6411,4,,,,,,69819284,69819270
6411,6411,4,,,,,,69819276,69819267
6411,6411,4,,,,,,69819283,69819273
6613,6613,4,,,,,,70016739,70016643
6613,6613,4,,,,,,70016605,70016730
6613,6613,4,,,,,,70016625,70016732
6613,6613,4,,,,,,70016652,70016735
6613,6613,4,,,,,,70016511,70016641
7784,7784,4,,,,,,69364496,69364494
7784,7784,4,,,,,,69364599,69364594
7784,7784,4,,,,,,69364602,69364601
7784,7784,4,,,,,,69364584,69364582
7784,7784,4,,,,,,69364588,69364583
7784,7784,4,,,,,,69364528,69364513
7784,7784,4,,,,,,69364502,69364498
7784,7784,4,,,,,,69364622,69364639
7784,7784,4,,,,,,69364549,69364545
7784,7784,4,,,,,,69364546,69364544
7784,7784,4,,,,,,69364516,69364515
7784,7784,4,,,,,,69364479,69364480
7784,7784,4,,,,,,69364604,69364616
7784,7784,4,,,,,,69364615,69364614
7784,7784,4,,,,,,69364612,69364608
7784,7784,4,,,,,,69384324,69384339
7784,7784,4,,,,,,69384338,69384327
7784,7784,4,,,,,,69384316,69384290
7784,7784,4,,,,,,69384295,69384296
7784,7784,4,,,,,,69384397,69384402
7784,7784,4,,,,,,69384387,69384400
7784,7784,4,,,,,,69384404,69384396
7784,7784,4,,,,,,69384419,69384407
7784,7784,4,,,,,,69384454,69384453
7784,7784,4,,,,,,69384310,69384318
7784,7784,4,,,,,,69384319,69384321
7784,7784,4,,,,,,69384381,69384375
7784,7784,4,,,,,,69384374,69384383
7784,7784,4,,,,,,69384330,69384337
7784,7784,4,,,,,,69384425,69384424
7784,7784,4,,,,,,69366051,69366050
7784,7784,4,,,,,,69366037,69366033
7784,7784,4,,,,,,69366020,69366024
7784,7784,4,,,,,,69366103,69366065
7784,7784,4,,,,,,69366052,69366106
7784,7784,4,,,,,,69366105,69366111
7784,7784,4,,,,,,69366109,69366098
7784,7784,4,,,,,,69366069,69366070
7784,7784,4,,,,,,69366100,69366096
7784,7784,4,,,,,,69366028,69366030
7784,7784,4,,,,,,69366056,69366048
7784,7784,4,,,,,,69366101,69366104
7784,7784,4,,,,,,69366097,69366099
7961,7961,4,,,,,,69364216,69364217
7961,7961,4,,,,,,69364221,69364224
7961,7961,4,,,,,,69364222,69364220
7961,7961,4,,,,,,69364218,69364219
7961,7961,4,,,,,,69364215,69364214
7961,7961,4,,,,,,69364186,69364187
7961,7961,4,,,,,,69364185,69364184
7961,7961,4,,,,,,69364197,69364198
7961,7961,4,,,,,,69364208,69364199
7961,7961,4,,,,,,69364211,69364188
7961,7961,4,,,,,,69364189,69364190
7961,7961,4,,,,,,69364196,69364193
7961,7961,4,,,,,,69364183,69364182
7961,7961,4,,,,,,69364179,69364177
7961,7961,4,,,,,,69364180,69364178
7961,7961,4,,,,,,69364181,69364176
7961,7961,4,,,,,,69364209,69364212
7961,7961,4,,,,,,69364213,69364195
7961,7961,4,,,,,,69364194,69364191
7961,7961,4,,,,,,69364203,69364205
7961,7961,4,,,,,,69364202,69364207
7961,7961,4,,,,,,69364192,69364201
7961,7961,4,,,,,,69364204,69364206
7961,7961,4,,,,,,69364200,69364210
85231,85231,4,,,,,,69364153,69364152
85231,85231,4,,,,,,69364160,69364158
85231,85231,4,,,,,,69364121,69364120
85231,85231,4,,,,,,69364167,69364166
85231,85231,4,,,,,,69364123,69364117
85231,85231,4,,,,,,69364116,69364113
85231,85231,4,,,,,,69364118,69364115
85231,85231,4,,,,,,69364130,69364126
85231,85231,4,,,,,,69364127,69364131
85231,85231,4,,,,,,69364142,69364135
Boat-Hingham,Boat-Hingham,4,,,,,,Boat-F1-0645-Rowes-BF1-A-WeekdayModified-Summer-25,Boat-F1-0745-Hingham-BF1-A-WeekdayModified-Summer-25
Boat-Hingham,Boat-Hingham,4,,,,,,Boat-F1-0830-Rowes-BF1-A-WeekdayModified-Summer-25,Boat-F1-0915-Hingham-BF1-A-WeekdayModified-Summer-25
Boat-Hingham,Boat-Hingham,4,,,,,,Boat-F1-1720-Rowes-BF1-A-WeekdayModified-Summer-25,Boat-F1-1810-Hingham-BF1-A-WeekdayModified-Summer-25
Boat-Hingham,Boat-Hingham,4,,,,,,Boat-F1-1900-Rowes-BF1-A-WeekdayModified-Summer-25,Boat-F1-1940-Hingham-BF1-A-WeekdayModified-Summer-25
Boat-Hingham,Boat-Hingham,4,,,,,,Boat-F1-0715-Rowes-BF1-B-WeekdayModified-Summer-25,Boat-F1-0800-Hingham-BF1-B-WeekdayModified-Summer-25
Boat-Hingham,Boat-Hingham,4,,,,,,Boat-F1-1000-Rowes-BF1-B-WeekdayModified-Summer-25,Boat-F1-1100-Hingham-BF1-B-WeekdayModified-Summer-25
Boat-Hingham,Boat-Hingham,4,,,,,,Boat-F1-1330-Rowes-BF1-B-WeekdayModified-Summer-25,Boat-F1-1430-Hingham-BF1-B-WeekdayModified-Summer-25
Boat-Hingham,Boat-Hingham,4,,,,,,Boat-F1-1525-Rowes-BF1-B-WeekdayModified-Summer-25,Boat-F1-1610-Hingham-BF1-B-WeekdayModified-Summer-25
Boat-Hingham,Boat-Hingham,4,,,,,,Boat-F1-1700-Rowes-BF1-B-WeekdayModified-Summer-25,Boat-F1-1745-Hingham-BF1-B-WeekdayModified-Summer-25
Boat-Hingham,Boat-Hingham,4,,,,,,Boat-F1-0735-Rowes-BF1-C-WeekdayModified-Summer-25,Boat-F1-0820-Hingham-BF1-C-WeekdayModified-Summer-25
Boat-Hingham,Boat-Hingham,4,,,,,,Boat-F1-1600-Rowes-BF1-C-WeekdayModified-Summer-25,Boat-F1-1645-Hingham-BF1-C-WeekdayModified-Summer-25
Boat-Hingham,Boat-Hingham,4,,,,,,Boat-F1-0800-Rowes-BF1-D-WeekdayModified-Summer-25,Boat-F1-0845-Hingham-BF1-D-WeekdayModified-Summer-25
Boat-Hingham,Boat-Hingham,4,,,,,,Boat-F1-1630-Rowes-BF1-D-WeekdayModified-Summer-25,Boat-F1-1720-Hingham-BF1-D-WeekdayModified-Summer-25
Boat-Hingham,Boat-Hingham,4,,,,,,Boat-F1-1800-Rowes-BF1-D-WeekdayModified-Summer-25,Boat-F1-1840-Hingham-BF1-D-WeekdayModified-Summer-25
Boat-Hingham,Boat-Hingham,4,,,,,,Boat-F1-0910-Long-BF2H-A-WeekdayModified-Summer-25,Boat-F1-1015-Hingham-BF2H-A-WeekdayModified-Summer-25
Boat-Hingham,Boat-Hingham,4,,,,,,Boat-F1-1215-Long-BF2H-A-WeekdayModified-Summer-25,Boat-F1-1300-Hingham-BF2H-A-WeekdayModified-Summer-25
Boat-Hingham,Boat-Hingham,4,,,,,,Boat-F1-1400-Long-BF2H-A-WeekdayModified-Summer-25,Boat-F1-1500-Hingham-BF2H-A-WeekdayModified-Summer-25
Boat-Hingham,Boat-Hingham,4,,,,,,Boat-F1-1540-Long-BF2H-A-WeekdayModified-Summer-25,Boat-F1-1630-Hingham-BF2H-A-WeekdayModified-Summer-25
Boat-Hingham,Boat-Hingham,4,,,,,,Boat-F1-1845-Long-BF2H-A-WeekdayModified-Summer-25,Boat-F1-1935-Hingham-BF2H-A-WeekdayModified-Summer-25
Boat-Hingham,Boat-Hingham,4,,,,,,Boat-F1-2025-Long-BF2H-A-WeekdayModified-Summer-25,Boat-F1-2115-Hingham-BF2H-A-WeekdayModified-Summer-25
Boat-Hingham,Boat-Hingham,4,,,,,,Boat-F1-1100-Long-BF2H-B-WeekdayModified-Summer-25,Boat-F1-1200-Hingham-BF2H-B-WeekdayModified-Summer-25
Boat-Hingham,Boat-Hingham,4,,,,,,Boat-F1-1300-Long-BF2H-B-WeekdayModified-Summer-25,Boat-F1-1400-Hingham-BF2H-B-WeekdayModified-Summer-25
Boat-Hingham,Boat-Hingham,4,,,,,,Boat-F1-1440-Long-BF2H-B-WeekdayModified-Summer-25,Boat-F1-1545-Hingham-BF2H-B-WeekdayModified-Summer-25
Boat-Hingham,Boat-Hingham,4,,,,,,Boat-F1-1630-Long-BF2H-B-WeekdayModified-Summer-25,Boat-F1-1715-Hingham-BF2H-B-WeekdayModified-Summer-25
Boat-Hingham,Boat-Hingham,4,,,,,,Boat-F1-1810-Long-BF2H-B-WeekdayModified-Summer-25,Boat-F1-1900-Hingham-BF2H-B-WeekdayModified-Summer-25
Boat-Hingham,Boat-Hingham,4,,,,,,Boat-F1-1940-Long-BF2H-B-WeekdayModified-Summer-25,Boat-F1-2040-Hingham-BF2H-B-WeekdayModified-Summer-25
Boat-Hingham,Boat-Hingham,4,,,,,,Boat-F1-0900-Long-BF2H-A-Saturday-Summer-25,Boat-F1-1000-Hingham-BF2H-A-Saturday-Summer-25
Boat-Hingham,Boat-Hingham,4,,,,,,Boat-F1-1100-Long-BF2H-A-Saturday-Summer-25,Boat-F1-1200-Hingham-BF2H-A-Saturday-Summer-25
Boat-Hingham,Boat-Hingham,4,,,,,,Boat-F1-1300-Long-BF2H-A-Saturday-Summer-25,Boat-F1-1400-Hingham-BF2H-A-Saturday-Summer-25
Boat-Hingham,Boat-Hingham,4,,,,,,Boat-F1-1500-Long-BF2H-A-Saturday-Summer-25,Boat-F1-1600-Hingham-BF2H-A-Saturday-Summer-25
Boat-Hingham,Boat-Hingham,4,,,,,,Boat-F1-1725-Long-BF2H-A-Saturday-Summer-25,Boat-F1-1800-Hingham-BF2H-A-Saturday-Summer-25
Boat-Hingham,Boat-Hingham,4,,,,,,Boat-F1-1900-Long-BF2H-A-Saturday-Summer-25,Boat-F1-2000-Hingham-BF2H-A-Saturday-Summer-25
Boat-Hingham,Boat-Hingham,4,,,,,,Boat-F1-2045-Long-BF2H-A-Saturday-Summer-25,Boat-F1-2130-Hingham-BF2H-A-Saturday-Summer-25
Boat-Hingham,Boat-Hingham,4,,,,,,Boat-F1-1000-Long-BF2H-B-Saturday-Summer-25,Boat-F1-1100-Hingham-BF2H-B-Saturday-Summer-25
Boat-Hingham,Boat-Hingham,4,,,,,,Boat-F1-1200-Long-BF2H-B-Saturday-Summer-25,Boat-F1-1300-Hingham-BF2H-B-Saturday-Summer-25
Boat-Hingham,Boat-Hingham,4,,,,,,Boat-F1-1400-Long-BF2H-B-Saturday-Summer-25,Boat-F1-1500-Hingham-BF2H-B-Saturday-Summer-25
Boat-Hingham,Boat-Hingham,4,,,,,,Boat-F1-1600-Long-BF2H-B-Saturday-Summer-25,Boat-F1-1700-Hingham-BF2H-B-Saturday-Summer-25
Boat-Hingham,Boat-Hingham,4,,,,,,Boat-F1-1800-Long-BF2H-B-Saturday-Summer-25,Boat-F1-1900-Hingham-BF2H-B-Saturday-Summer-25
Boat-Hingham,Boat-Hingham,4,,,,,,Boat-F1-1945-Long-BF2H-B-Saturday-Summer-25,Boat-F1-2100-Hingham-BF2H-B-Saturday-Summer-25
Boat-Hingham,Boat-Hingham,4,,,,,,Boat-F1-2150-Long-BF2H-B-Saturday-Summer-25,Boat-F1-2230-Hingham-BF2H-B-Saturday-Summer-25
Boat-Hingham,Boat-Hingham,4,,,,,,Boat-F1-0900-Long-BF2H-A-Sunday-Summer-25,Boat-F1-1000-Hingham-BF2H-A-Sunday-Summer-25
Boat-Hingham,Boat-Hingham,4,,,,,,Boat-F1-1100-Long-BF2H-A-Sunday-Summer-25,Boat-F1-1200-Hingham-BF2H-A-Sunday-Summer-25
Boat-Hingham,Boat-Hingham,4,,,,,,Boat-F1-1300-Long-BF2H-A-Sunday-Summer-25,Boat-F1-1400-Hingham-BF2H-A-Sunday-Summer-25
Boat-Hingham,Boat-Hingham,4,,,,,,Boat-F1-1500-Long-BF2H-A-Sunday-Summer-25,Boat-F1-1600-Hingham-BF2H-A-Sunday-Summer-25
Boat-Hingham,Boat-Hingham,4,,,,,,Boat-F1-1725-Long-BF2H-A-Sunday-Summer-25,Boat-F1-1800-Hingham-BF2H-A-Sunday-Summer-25
Boat-Hingham,Boat-Hingham,4,,,,,,Boat-F1-1900-Long-BF2H-A-Sunday-Summer-25,Boat-F1-2000-Hingham-BF2H-A-Sunday-Summer-25
Boat-Hingham,Boat-Hingham,4,,,,,,Boat-F1-1000-Long-BF2H-B-Sunday-Summer-25,Boat-F1-1100-Hingham-BF2H-B-Sunday-Summer-25
Boat-Hingham,Boat-Hingham,4,,,,,,Boat-F1-1200-Long-BF2H-B-Sunday-Summer-25,Boat-F1-1300-Hingham-BF2H-B-Sunday-Summer-25
Boat-Hingham,Boat-Hingham,4,,,,,,Boat-F1-1400-Long-BF2H-B-Sunday-Summer-25,Boat-F1-1500-Hingham-BF2H-B-Sunday-Summer-25
Boat-Hingham,Boat-Hingham,4,,,,,,Boat-F1-1600-Long-BF2H-B-Sunday-Summer-25,Boat-F1-1700-Hingham-BF2H-B-Sunday-Summer-25
Boat-Hingham,Boat-Hingham,4,,,,,,Boat-F1-1800-Long-BF2H-B-Sunday-Summer-25,Boat-F1-1900-Hingham-BF2H-B-Sunday-Summer-25
Boat-Hingham,Boat-Hingham,4,,,,,,Boat-F1-1945-Long-BF2H-B-Sunday-Summer-25,Boat-F1-2100-Hingham-BF2H-B-Sunday-Summer-25
Boat-Hull,Boat-Hull,4,,,,,,Boat-F1-0630-Long-BF2H-A-WeekdayModified-Summer-25,Boat-F1-0730-Hull-BF2H-A-WeekdayModified-Summer-25
Boat-Hull,Boat-Hull,4,,,,,,Boat-F1-0800-Long-BF2H-A-WeekdayModified-Summer-25,Boat-F1-0840-Hull-BF2H-A-WeekdayModified-Summer-25
Boat-Hull,Boat-Hull,4,,,,,,Boat-F1-1730-Long-BF2H-A-WeekdayModified-Summer-25,Boat-F1-1815-Hull-BF2H-A-WeekdayModified-Summer-25
Boat-Hull,Boat-Hull,4,,,,,,Boat-F1-0730-Long-BF2H-B-WeekdayModified-Summer-25,Boat-F1-0805-Hull-BF2H-B-WeekdayModified-Summer-25
Boat-Hull,Boat-Hull,4,,,,,,Boat-F1-0840-Long-BF2H-B-WeekdayModified-Summer-25,Boat-F1-0910-Hull-BF2H-B-WeekdayModified-Summer-25
Boat-Long,Boat-Long,4,,,,,,Boat-F1-0540-Hingham-BF2H-A-WeekdayModified-Summer-25,Boat-F1-0630-Long-BF2H-A-WeekdayModified-Summer-25
Boat-Long,Boat-Long,4,,,,,,Boat-F1-0730-Hull-BF2H-A-WeekdayModified-Summer-25,Boat-F1-0800-Long-BF2H-A-WeekdayModified-Summer-25
Boat-Long,Boat-Long,4,,,,,,Boat-F1-0840-Hull-BF2H-A-WeekdayModified-Summer-25,Boat-F1-0910-Long-BF2H-A-WeekdayModified-Summer-25
Boat-Long,Boat-Long,4,,,,,,Boat-F1-1015-Hingham-BF2H-A-WeekdayModified-Summer-25,Boat-F1-1215-Long-BF2H-A-WeekdayModified-Summer-25
Boat-Long,Boat-Long,4,,,,,,Boat-F1-1300-Hingham-BF2H-A-WeekdayModified-Summer-25,Boat-F1-1400-Long-BF2H-A-WeekdayModified-Summer-25
Boat-Long,Boat-Long,4,,,,,,Boat-F1-1500-Hingham-BF2H-A-WeekdayModified-Summer-25,Boat-F1-1540-Long-BF2H-A-WeekdayModified-Summer-25
Boat-Long,Boat-Long,4,,,,,,Boat-F1-1630-Hingham-BF2H-A-WeekdayModified-Summer-25,Boat-F1-1730-Long-BF2H-A-WeekdayModified-Summer-25
Boat-Long,Boat-Long,4,,,,,,Boat-F1-1815-Hull-BF2H-A-WeekdayModified-Summer-25,Boat-F1-1845-Long-BF2H-A-WeekdayModified-Summer-25
Boat-Long,Boat-Long,4,,,,,,Boat-F1-1935-Hingham-BF2H-A-WeekdayModified-Summer-25,Boat-F1-2025-Long-BF2H-A-WeekdayModified-Summer-25
Boat-Long,Boat-Long,4,,,,,,Boat-F1-2115-Hingham-BF2H-A-WeekdayModified-Summer-25,Boat-F1-2155-Long-BF2H-A-WeekdayModified-Summer-25
Boat-Long,Boat-Long,4,,,,,,Boat-F1-0640-Hingham-BF2H-B-WeekdayModified-Summer-25,Boat-F1-0730-Long-BF2H-B-WeekdayModified-Summer-25
Boat-Long,Boat-Long,4,,,,,,Boat-F1-0805-Hull-BF2H-B-WeekdayModified-Summer-25,Boat-F1-0840-Long-BF2H-B-WeekdayModified-Summer-25
Boat-Long,Boat-Long,4,,,,,,Boat-F1-0910-Hull-BF2H-B-WeekdayModified-Summer-25,Boat-F1-1100-Long-BF2H-B-WeekdayModified-Summer-25
Boat-Long,Boat-Long,4,,,,,,Boat-F1-1200-Hingham-BF2H-B-WeekdayModified-Summer-25,Boat-F1-1300-Long-BF2H-B-WeekdayModified-Summer-25
Boat-Long,Boat-Long,4,,,,,,Boat-F1-1400-Hingham-BF2H-B-WeekdayModified-Summer-25,Boat-F1-1440-Long-BF2H-B-WeekdayModified-Summer-25
Boat-Long,Boat-Long,4,,,,,,Boat-F1-1545-Hingham-BF2H-B-WeekdayModified-Summer-25,Boat-F1-1630-Long-BF2H-B-WeekdayModified-Summer-25
Boat-Long,Boat-Long,4,,,,,,Boat-F1-1715-Hingham-BF2H-B-WeekdayModified-Summer-25,Boat-F1-1810-Long-BF2H-B-WeekdayModified-Summer-25
Boat-Long,Boat-Long,4,,,,,,Boat-F1-1900-Hingham-BF2H-B-WeekdayModified-Summer-25,Boat-F1-1940-Long-BF2H-B-WeekdayModified-Summer-25
Boat-Long,Boat-Long,4,,,,,,Boat-F1-2040-Hingham-BF2H-B-WeekdayModified-Summer-25,Boat-F1-2120-Long-BF2H-B-WeekdayModified-Summer-25
Boat-Long,Boat-Long,4,,,,,,Boat-F1-0800-Hingham-BF2H-A-Saturday-Summer-25,Boat-F1-0900-Long-BF2H-A-Saturday-Summer-25
Boat-Long,Boat-Long,4,,,,,,Boat-F1-1000-Hingham-BF2H-A-Saturday-Summer-25,Boat-F1-1100-Long-BF2H-A-Saturday-Summer-25
Boat-Long,Boat-Long,4,,,,,,Boat-F1-1200-Hingham-BF2H-A-Saturday-Summer-25,Boat-F1-1300-Long-BF2H-A-Saturday-Summer-25
Boat-Long,Boat-Long,4,,,,,,Boat-F1-1400-Hingham-BF2H-A-Saturday-Summer-25,Boat-F1-1500-Long-BF2H-A-Saturday-Summer-25
Boat-Long,Boat-Long,4,,,,,,Boat-F1-1600-Hingham-BF2H-A-Saturday-Summer-25,Boat-F1-1725-Long-BF2H-A-Saturday-Summer-25
Boat-Long,Boat-Long,4,,,,,,Boat-F1-1800-Hingham-BF2H-A-Saturday-Summer-25,Boat-F1-1900-Long-BF2H-A-Saturday-Summer-25
Boat-Long,Boat-Long,4,,,,,,Boat-F1-2000-Hingham-BF2H-A-Saturday-Summer-25,Boat-F1-2045-Long-BF2H-A-Saturday-Summer-25
Boat-Long,Boat-Long,4,,,,,,Boat-F1-2130-Hingham-BF2H-A-Saturday-Summer-25,Boat-F1-2215-Long-BF2H-A-Saturday-Summer-25
Boat-Long,Boat-Long,4,,,,,,Boat-F1-0900-Hingham-BF2H-B-Saturday-Summer-25,Boat-F1-1000-Long-BF2H-B-Saturday-Summer-25
Boat-Long,Boat-Long,4,,,,,,Boat-F1-1100-Hingham-BF2H-B-Saturday-Summer-25,Boat-F1-1200-Long-BF2H-B-Saturday-Summer-25
Boat-Long,Boat-Long,4,,,,,,Boat-F1-1300-Hingham-BF2H-B-Saturday-Summer-25,Boat-F1-1400-Long-BF2H-B-Saturday-Summer-25
Boat-Long,Boat-Long,4,,,,,,Boat-F1-1500-Hingham-BF2H-B-Saturday-Summer-25,Boat-F1-1600-Long-BF2H-B-Saturday-Summer-25
Boat-Long,Boat-Long,4,,,,,,Boat-F1-1700-Hingham-BF2H-B-Saturday-Summer-25,Boat-F1-1800-Long-BF2H-B-Saturday-Summer-25
Boat-Long,Boat-Long,4,,,,,,Boat-F1-1900-Hingham-BF2H-B-Saturday-Summer-25,Boat-F1-1945-Long-BF2H-B-Saturday-Summer-25
Boat-Long,Boat-Long,4,,,,,,Boat-F1-2100-Hingham-BF2H-B-Saturday-Summer-25,Boat-F1-2150-Long-BF2H-B-Saturday-Summer-25
Boat-Long,Boat-Long,4,,,,,,Boat-F1-2230-Hingham-BF2H-B-Saturday-Summer-25,Boat-F1-2310-Long-BF2H-B-Saturday-Summer-25
Boat-Long,Boat-Long,4,,,,,,Boat-F1-0800-Hingham-BF2H-A-Sunday-Summer-25,Boat-F1-0900-Long-BF2H-A-Sunday-Summer-25
Boat-Long,Boat-Long,4,,,,,,Boat-F1-1000-Hingham-BF2H-A-Sunday-Summer-25,Boat-F1-1100-Long-BF2H-A-Sunday-Summer-25
Boat-Long,Boat-Long,4,,,,,,Boat-F1-1200-Hingham-BF2H-A-Sunday-Summer-25,Boat-F1-1300-Long-BF2H-A-Sunday-Summer-25
Boat-Long,Boat-Long,4,,,,,,Boat-F1-1400-Hingham-BF2H-A-Sunday-Summer-25,Boat-F1-1500-Long-BF2H-A-Sunday-Summer-25
Boat-Long,Boat-Long,4,,,,,,Boat-F1-1600-Hingham-BF2H-A-Sunday-Summer-25,Boat-F1-1725-Long-BF2H-A-Sunday-Summer-25
Boat-Long,Boat-Long,4,,,,,,Boat-F1-1800-Hingham-BF2H-A-Sunday-Summer-25,Boat-F1-1900-Long-BF2H-A-Sunday-Summer-25
Boat-Long,Boat-Long,4,,,,,,Boat-F1-2000-Hingham-BF2H-A-Sunday-Summer-25,Boat-F1-2045-Long-BF2H-A-Sunday-Summer-25
Boat-Long,Boat-Long,4,,,,,,Boat-F1-0900-Hingham-BF2H-B-Sunday-Summer-25,Boat-F1-1000-Long-BF2H-B-Sunday-Summer-25
Boat-Long,Boat-Long,4,,,,,,Boat-F1-1100-Hingham-BF2H-B-Sunday-Summer-25,Boat-F1-1200-Long-BF2H-B-Sunday-Summer-25
Boat-Long,Boat-Long,4,,,,,,Boat-F1-1300-Hingham-BF2H-B-Sunday-Summer-25,Boat-F1-1400-Long-BF2H-B-Sunday-Summer-25
Boat-Long,Boat-Long,4,,,,,,Boat-F1-1500-Hingham-BF2H-B-Sunday-Summer-25,Boat-F1-1600-Long-BF2H-B-Sunday-Summer-25
Boat-Long,Boat-Long,4,,,,,,Boat-F1-1700-Hingham-BF2H-B-Sunday-Summer-25,Boat-F1-1800-Long-BF2H-B-Sunday-Summer-25
Boat-Long,Boat-Long,4,,,,,,Boat-F1-1900-Hingham-BF2H-B-Sunday-Summer-25,Boat-F1-1945-Long-BF2H-B-Sunday-Summer-25
Boat-Long,Boat-Long,4,,,,,,Boat-F1-2100-Hingham-BF2H-B-Sunday-Summer-25,Boat-F1-2150-Long-BF2H-B-Sunday-Summer-25
Boat-Rowes,Boat-Rowes,4,,,,,,Boat-F1-0600-Hingham-BF1-A-WeekdayModified-Summer-25,Boat-F1-0645-Rowes-BF1-A-WeekdayModified-Summer-25
Boat-Rowes,Boat-Rowes,4,,,,,,Boat-F1-0745-Hingham-BF1-A-WeekdayModified-Summer-25,Boat-F1-0830-Rowes-BF1-A-WeekdayModified-Summer-25
Boat-Rowes,Boat-Rowes,4,,,,,,Boat-F1-0915-Hingham-BF1-A-WeekdayModified-Summer-25,Boat-F1-1720-Rowes-BF1-A-WeekdayModified-Summer-25
Boat-Rowes,Boat-Rowes,4,,,,,,Boat-F1-1810-Hingham-BF1-A-WeekdayModified-Summer-25,Boat-F1-1900-Rowes-BF1-A-WeekdayModified-Summer-25
Boat-Rowes,Boat-Rowes,4,,,,,,Boat-F1-1940-Hingham-BF1-A-WeekdayModified-Summer-25,Boat-F1-2030-Rowes-BF1-A-WeekdayModified-Summer-25
Boat-Rowes,Boat-Rowes,4,,,,,,Boat-F1-0630-Hingham-BF1-B-WeekdayModified-Summer-25,Boat-F1-0715-Rowes-BF1-B-WeekdayModified-Summer-25
Boat-Rowes,Boat-Rowes,4,,,,,,Boat-F1-0800-Hingham-BF1-B-WeekdayModified-Summer-25,Boat-F1-1000-Rowes-BF1-B-WeekdayModified-Summer-25
Boat-Rowes,Boat-Rowes,4,,,,,,Boat-F1-1100-Hingham-BF1-B-WeekdayModified-Summer-25,Boat-F1-1330-Rowes-BF1-B-WeekdayModified-Summer-25
Boat-Rowes,Boat-Rowes,4,,,,,,Boat-F1-1430-Hingham-BF1-B-WeekdayModified-Summer-25,Boat-F1-1525-Rowes-BF1-B-WeekdayModified-Summer-25
Boat-Rowes,Boat-Rowes,4,,,,,,Boat-F1-1610-Hingham-BF1-B-WeekdayModified-Summer-25,Boat-F1-1700-Rowes-BF1-B-WeekdayModified-Summer-25
Boat-Rowes,Boat-Rowes,4,,,,,,Boat-F1-1745-Hingham-BF1-B-WeekdayModified-Summer-25,Boat-F1-1830-Rowes-BF1-B-WeekdayModified-Summer-25
Boat-Rowes,Boat-Rowes,4,,,,,,Boat-F1-0650-Hingham-BF1-C-WeekdayModified-Summer-25,Boat-F1-0735-Rowes-BF1-C-WeekdayModified-Summer-25
Boat-Rowes,Boat-Rowes,4,,,,,,Boat-F1-0820-Hingham-BF1-C-WeekdayModified-Summer-25,Boat-F1-1600-Rowes-BF1-C-WeekdayModified-Summer-25
Boat-Rowes,Boat-Rowes,4,,,,,,Boat-F1-1645-Hingham-BF1-C-WeekdayModified-Summer-25,Boat-F1-1740-Rowes-BF1-C-WeekdayModified-Summer-25
Boat-Rowes,Boat-Rowes,4,,,,,,Boat-F1-0715-Hingham-BF1-D-WeekdayModified-Summer-25,Boat-F1-0800-Rowes-BF1-D-WeekdayModified-Summer-25
Boat-Rowes,Boat-Rowes,4,,,,,,Boat-F1-0845-Hingham-BF1-D-WeekdayModified-Summer-25,Boat-F1-1630-Rowes-BF1-D-WeekdayModified-Summer-25
Boat-Rowes,Boat-Rowes,4,,,,,,Boat-F1-1720-Hingham-BF1-D-WeekdayModified-Summer-25,Boat-F1-1800-Rowes-BF1-D-WeekdayModified-Summer-25
Boat-Rowes,Boat-Rowes,4,,,,,,Boat-F1-1840-Hingham-BF1-D-WeekdayModified-Summer-25,Boat-F1-1930-Rowes-BF1-D-WeekdayModified-Summer-25
